{"type":"FeatureCollection","features":[
{"type":"Feature","properties":{"nombre":"METROPOLITANA"},"geometry":{"type":"Polygon","coordinates":[[[-74.82934,10.92184],[-74.82934,10.92186],[-74.82933,10.92189],[-74.82933,10.9219],[-74.82933,10.92191],[-74.82932,10.92195],[-74.82931,10.92195],[-74.82928,10.92209],[-74.82927,10.92213],[-74.82926,10.92218],[-74.82925,10.9222],[-74.82925,10.92221],[-74.82921,10.92232],[-74.82919,10.92238],[-74.82919,10.92238],[-74.82919,10.92238],[-74.82917,10.92243],[-74.82917,10.92243],[-74.82917,10.92243],[-74.82914,10.92255],[-74.82912,10.92259],[-74.82912,10.9226],[-74.82912,10.9226],[-74.82912,10.92261],[-74.82907,10.92276],[-74.82907,10.92277],[-74.82907,10.92277],[-74.82907,10.92277],[-74.82907,10.92278],[-74.82907,10.92278],[-74.82906,10.92282],[-74.82906,10.92283],[-74.82906,10.92287],[-74.82904,10.92293],[-74.829,10.92302],[-74.82899,10.92304],[-74.82895,10.92313],[-74.82895,10.92314],[-74.82895,10.92314],[-74.82892,10.92319],[-74.8289,10.92323],[-74.82889,10.92325],[-74.82889,10.92326],[-74.82888,10.92326],[-74.82887,10.92329],[-74.82885,10.92333],[-74.82876,10.92354],[-74.82875,10.92356],[-74.82873,10.9236],[-74.82871,10.92364],[-74.82869,10.92367],[-74.82867,10.9237],[-74.82867,10.9237],[-74.82867,10.92371],[-74.82866,10.92373],[-74.82864,10.92375],[-74.82863,10.92377],[-74.82861,10.92381],[-74.8286,10.92381],[-74.8286,10.92381],[-74.8286,10.92381],[-74.8286,10.92381],[-74.82857,10.92387],[-74.82857,10.92389],[-74.82855,10.92393],[-74.82852,10.92398],[-74.82849,10.92405],[-74.82849,10.92405],[-74.82846,10.92411],[-74.82846,10.92412],[-74.82842,10.92424],[-74.82839,10.92436],[-74.82839,10.92438],[-74.82838,10.92446],[-74.82837,10.92448],[-74.82837,10.92449],[-74.82836,10.92453],[-74.82836,10.92454],[-74.82834,10.92466],[-74.82834,10.92471],[-74.82833,10.92483],[-74.82833,10.92484],[-74.82833,10.92487],[-74.82832,10.92494],[-74.82832,10.92496],[-74.82831,10.92506],[-74.82831,10.92508],[-74.8283,10.92516],[-74.82829,10.92518],[-74.82829,10.9252],[-74.82846,10.92526],[-74.82857,10.92536],[-74.82868,10.92551],[-74.82871,10.92558],[-74.82869,10.92561],[-74.82851,10.92595],[-74.82839,10.92611],[-74.82806,10.92653],[-74.82804,10.92657],[-74.82803,10.92658],[-74.82801,10.92663],[-74.82799,10.92668],[-74.82797,10.92674],[-74.82797,10.9268],[-74.82797,10.92685],[-74.82797,10.92691],[-74.82771,10.92766],[-74.82761,10.92794],[-74.828,10.92812],[-74.82848,10.92834],[-74.82939,10.92877],[-74.82958,10.92886],[-74.83103,10.92956],[-74.83131,10.92977],[-74.83141,10.92983],[-74.83159,10.92997],[-74.83182,10.93013],[-74.83219,10.93047],[-74.83234,10.93061],[-74.83283,10.93115],[-74.83317,10.93162],[-74.83342,10.93202],[-74.83367,10.93247],[-74.83372,10.93257],[-74.83375,10.93264],[-74.8339,10.93298],[-74.83405,10.93339],[-74.83414,10.93368],[-74.83424,10.93404],[-74.83437,10.93468],[-74.83438,10.93479],[-74.83438,10.93484],[-74.8344,10.93509],[-74.83442,10.93571],[-74.83437,10.93575],[-74.83437,10.9358],[-74.83436,10.93597],[-74.83432,10.93634],[-74.83421,10.93738],[-74.83406,10.9387],[-74.83397,10.93962],[-74.83396,10.93968],[-74.83396,10.93968],[-74.83391,10.94012],[-74.8339,10.94016],[-74.8339,10.94027],[-74.83389,10.94063],[-74.83389,10.94069],[-74.83388,10.94086],[-74.83388,10.94108],[-74.83386,10.94183],[-74.83385,10.94208],[-74.8338,10.94262],[-74.83376,10.94302],[-74.83376,10.94302],[-74.83373,10.94332],[-74.83372,10.94332],[-74.83341,10.94329],[-74.83335,10.94329],[-74.83325,10.94328],[-74.83232,10.9432],[-74.83203,10.94319],[-74.83166,10.94321],[-74.83134,10.94324],[-74.83104,10.94332],[-74.83044,10.94343],[-74.83016,10.94348],[-74.82968,10.94357],[-74.82957,10.9436],[-74.829,10.94372],[-74.82798,10.94393],[-74.82754,10.94401],[-74.82751,10.94402],[-74.82745,10.94403],[-74.82704,10.94412],[-74.82652,10.94423],[-74.82591,10.94437],[-74.82551,10.94445],[-74.82473,10.94468],[-74.82468,10.9447],[-74.82462,10.94472],[-74.82391,10.94495],[-74.82307,10.94523],[-74.82306,10.94523],[-74.82306,10.94523],[-74.8228,10.94533],[-74.82263,10.94538],[-74.82187,10.94565],[-74.82178,10.94568],[-74.82045,10.94612],[-74.82004,10.94626],[-74.81938,10.94649],[-74.81915,10.94657],[-74.81883,10.94667],[-74.81875,10.94669],[-74.81848,10.94678],[-74.81837,10.94682],[-74.8183,10.94684],[-74.81805,10.94693],[-74.81792,10.94697],[-74.8175,10.94711],[-74.81719,10.94721],[-74.81707,10.94726],[-74.81695,10.94729],[-74.81679,10.94735],[-74.81664,10.9474],[-74.81654,10.94744],[-74.81649,10.94746],[-74.81618,10.94756],[-74.81603,10.94761],[-74.81552,10.94779],[-74.81541,10.94783],[-74.81524,10.94789],[-74.81451,10.94821],[-74.81417,10.94839],[-74.81389,10.94855],[-74.81358,10.94876],[-74.81346,10.94885],[-74.81334,10.94894],[-74.81315,10.94909],[-74.81298,10.94923],[-74.8128,10.94939],[-74.8126,10.94958],[-74.81246,10.94971],[-74.81235,10.94985],[-74.81189,10.9503],[-74.81179,10.9504],[-74.81158,10.95061],[-74.81146,10.95075],[-74.81135,10.95086],[-74.8112,10.95102],[-74.81099,10.95121],[-74.81092,10.95129],[-74.81083,10.95137],[-74.8108,10.95141],[-74.81064,10.95158],[-74.81041,10.95182],[-74.81025,10.95197],[-74.81009,10.95213],[-74.80988,10.95236],[-74.80955,10.9527],[-74.80923,10.95303],[-74.80886,10.95341],[-74.80869,10.95359],[-74.80856,10.95372],[-74.80825,10.95403],[-74.8082,10.95408],[-74.80809,10.9542],[-74.80785,10.95445],[-74.8077,10.9546],[-74.80753,10.9548],[-74.80738,10.95494],[-74.80727,10.95504],[-74.80718,10.95514],[-74.80709,10.95523],[-74.80639,10.95592],[-74.80607,10.95626],[-74.80599,10.95635],[-74.80594,10.95641],[-74.80587,10.95648],[-74.80581,10.95654],[-74.80609,10.95672],[-74.80573,10.95732],[-74.80534,10.95795],[-74.80499,10.95841],[-74.80492,10.9585],[-74.80447,10.95909],[-74.80439,10.95921],[-74.80403,10.95992],[-74.80392,10.96016],[-74.80383,10.96035],[-74.8038,10.96041],[-74.80376,10.96049],[-74.80373,10.96056],[-74.8037,10.96063],[-74.80364,10.9608],[-74.80355,10.96105],[-74.80348,10.96123],[-74.80339,10.96147],[-74.80327,10.96178],[-74.80327,10.96187],[-74.80328,10.96196],[-74.80329,10.96207],[-74.80329,10.96209],[-74.80327,10.96213],[-74.80311,10.96222],[-74.80304,10.96225],[-74.80297,10.96228],[-74.8029,10.9623],[-74.80283,10.96231],[-74.80275,10.96232],[-74.80268,10.96232],[-74.80261,10.96231],[-74.80254,10.9623],[-74.80247,10.96228],[-74.80244,10.96227],[-74.80239,10.96225],[-74.80233,10.96222],[-74.80229,10.96219],[-74.80224,10.96216],[-74.80185,10.96181],[-74.80172,10.96174],[-74.80159,10.96172],[-74.80129,10.96168],[-74.80095,10.96165],[-74.80082,10.96163],[-74.80065,10.96157],[-74.80053,10.96147],[-74.80043,10.96141],[-74.80035,10.96134],[-74.80023,10.96143],[-74.79979,10.96171],[-74.79936,10.96199],[-74.79925,10.96207],[-74.79919,10.9621],[-74.79897,10.96224],[-74.79891,10.96228],[-74.79858,10.9619],[-74.79853,10.96184],[-74.7982,10.96145],[-74.79815,10.96141],[-74.79784,10.96104],[-74.79777,10.96096],[-74.79758,10.96074],[-74.79747,10.96062],[-74.79718,10.96028],[-74.79678,10.95982],[-74.79639,10.95938],[-74.79672,10.95908],[-74.79701,10.95882],[-74.79712,10.95871],[-74.79721,10.95865],[-74.79732,10.95855],[-74.79741,10.95847],[-74.79755,10.95835],[-74.79766,10.95825],[-74.79794,10.95799],[-74.79812,10.95784],[-74.79824,10.95773],[-74.7986,10.95742],[-74.79883,10.95722],[-74.79912,10.95696],[-74.7994,10.95671],[-74.79963,10.95649],[-74.7997,10.95642],[-74.79986,10.95629],[-74.80009,10.95609],[-74.80031,10.95589],[-74.80046,10.95576],[-74.80058,10.95565],[-74.80043,10.95547],[-74.80031,10.95532],[-74.80044,10.95519],[-74.80069,10.95498],[-74.80086,10.95483],[-74.80106,10.95464],[-74.80133,10.9544],[-74.80141,10.95434],[-74.8015,10.95428],[-74.80156,10.95424],[-74.80163,10.9542],[-74.80169,10.95418],[-74.80178,10.95415],[-74.80184,10.95413],[-74.80191,10.95412],[-74.80199,10.9541],[-74.80203,10.95409],[-74.80221,10.95396],[-74.80229,10.95389],[-74.80235,10.95381],[-74.80239,10.95375],[-74.8026,10.95316],[-74.80264,10.95307],[-74.80267,10.95299],[-74.80278,10.95272],[-74.80284,10.95256],[-74.80288,10.95246],[-74.80294,10.95231],[-74.80296,10.95226],[-74.80298,10.95221],[-74.80299,10.95218],[-74.803,10.95215],[-74.80169,10.95152],[-74.80207,10.95065],[-74.80214,10.95068],[-74.80234,10.95035],[-74.80259,10.94993],[-74.8029,10.94941],[-74.80306,10.94913],[-74.8027,10.94896],[-74.80262,10.94892],[-74.80193,10.94861],[-74.80202,10.94832],[-74.80158,10.94828],[-74.80113,10.94831],[-74.80089,10.94832],[-74.80085,10.94832],[-74.80048,10.94832],[-74.8005,10.94354],[-74.80014,10.9434],[-74.80002,10.94339],[-74.7999,10.94338],[-74.79978,10.94337],[-74.79966,10.94338],[-74.79954,10.94339],[-74.79942,10.94341],[-74.79913,10.94346],[-74.79891,10.94354],[-74.79886,10.94358],[-74.79886,10.94369],[-74.7988,10.9437],[-74.7988,10.94391],[-74.7988,10.94391],[-74.79824,10.94391],[-74.79821,10.94391],[-74.79809,10.94392],[-74.79797,10.94394],[-74.79785,10.94396],[-74.79774,10.94399],[-74.79762,10.94402],[-74.79723,10.94418],[-74.79726,10.94403],[-74.79727,10.94401],[-74.79729,10.94393],[-74.79734,10.9438],[-74.79738,10.94365],[-74.79742,10.94353],[-74.79742,10.94339],[-74.79742,10.94322],[-74.79742,10.94304],[-74.79742,10.94256],[-74.79742,10.94213],[-74.79742,10.94169],[-74.79742,10.94151],[-74.79743,10.94124],[-74.79742,10.94083],[-74.79742,10.94035],[-74.79741,10.94015],[-74.79741,10.93991],[-74.79741,10.93944],[-74.79742,10.93907],[-74.79742,10.93862],[-74.79742,10.93815],[-74.79741,10.93805],[-74.79733,10.93777],[-74.79731,10.9377],[-74.79727,10.93757],[-74.79721,10.93735],[-74.79711,10.93699],[-74.79701,10.93665],[-74.79694,10.93638],[-74.79685,10.93608],[-74.7967,10.93538],[-74.7967,10.93538],[-74.79666,10.93516],[-74.79679,10.93512],[-74.7969,10.93508],[-74.79693,10.93507],[-74.7971,10.93503],[-74.79726,10.935],[-74.79755,10.93493],[-74.79808,10.93478],[-74.79816,10.93476],[-74.79827,10.93473],[-74.79841,10.93473],[-74.7987,10.93478],[-74.79899,10.93483],[-74.7992,10.93487],[-74.7992,10.93431],[-74.79923,10.93378],[-74.79922,10.93228],[-74.79919,10.93175],[-74.79919,10.93021],[-74.79919,10.93019],[-74.79919,10.93006],[-74.79847,10.92999],[-74.79753,10.9299],[-74.79743,10.93086],[-74.79716,10.93097],[-74.79654,10.93123],[-74.79513,10.93107],[-74.79482,10.93101],[-74.79482,10.931],[-74.79482,10.93099],[-74.79481,10.93097],[-74.7948,10.93092],[-74.7948,10.93092],[-74.79479,10.93087],[-74.79478,10.93085],[-74.79478,10.93084],[-74.79477,10.93082],[-74.79476,10.93079],[-74.79474,10.93075],[-74.79474,10.93074],[-74.7947,10.93071],[-74.79465,10.93069],[-74.79459,10.93067],[-74.79459,10.93067],[-74.79446,10.93062],[-74.79447,10.93062],[-74.79451,10.93061],[-74.79455,10.93059],[-74.79457,10.93058],[-74.79459,10.93057],[-74.79462,10.93054],[-74.79465,10.93051],[-74.79468,10.93048],[-74.7947,10.93044],[-74.79471,10.9304],[-74.79474,10.9303],[-74.79474,10.93029],[-74.79481,10.93002],[-74.79484,10.92997],[-74.79489,10.92992],[-74.79495,10.92984],[-74.79525,10.92938],[-74.79555,10.92881],[-74.79568,10.92865],[-74.79582,10.92857],[-74.79601,10.92848],[-74.79605,10.92846],[-74.7961,10.92845],[-74.79649,10.92831],[-74.79661,10.92826],[-74.79664,10.92816],[-74.79665,10.92816],[-74.79669,10.92803],[-74.79671,10.92798],[-74.79674,10.92785],[-74.79676,10.92776],[-74.79684,10.92748],[-74.79685,10.92743],[-74.79684,10.92738],[-74.79679,10.9272],[-74.79678,10.92714],[-74.79677,10.92711],[-74.79691,10.92707],[-74.79697,10.92705],[-74.79702,10.92684],[-74.79701,10.92674],[-74.797,10.92652],[-74.79714,10.92649],[-74.79741,10.92645],[-74.79745,10.92644],[-74.79749,10.92643],[-74.7977,10.92638],[-74.79771,10.92619],[-74.79772,10.92608],[-74.79773,10.92595],[-74.79773,10.92594],[-74.79781,10.92585],[-74.79782,10.92565],[-74.79781,10.92552],[-74.79782,10.92543],[-74.79782,10.92541],[-74.79782,10.92541],[-74.79784,10.92523],[-74.79786,10.92502],[-74.79787,10.92487],[-74.79788,10.92464],[-74.79789,10.92447],[-74.7979,10.92434],[-74.79792,10.92423],[-74.79795,10.92409],[-74.79795,10.92401],[-74.79793,10.92395],[-74.79793,10.92395],[-74.79787,10.92387],[-74.79777,10.9238],[-74.79768,10.92375],[-74.79758,10.9237],[-74.79753,10.92368],[-74.79741,10.92365],[-74.79728,10.92361],[-74.79725,10.92359],[-74.79722,10.92357],[-74.79721,10.92353],[-74.79721,10.9235],[-74.79722,10.92347],[-74.79724,10.92345],[-74.79745,10.92335],[-74.7976,10.9233],[-74.79782,10.92326],[-74.79793,10.92321],[-74.79793,10.92321],[-74.79803,10.92314],[-74.79808,10.92303],[-74.79808,10.92302],[-74.7981,10.92296],[-74.79812,10.92286],[-74.79815,10.9227],[-74.79816,10.92256],[-74.79818,10.9224],[-74.79823,10.92228],[-74.79831,10.92215],[-74.79845,10.92203],[-74.79861,10.92194],[-74.79886,10.92181],[-74.79901,10.92166],[-74.79901,10.92166],[-74.79915,10.92162],[-74.79915,10.92129],[-74.79917,10.9213],[-74.79929,10.92134],[-74.79953,10.92142],[-74.79964,10.92144],[-74.79974,10.92146],[-74.80013,10.9216],[-74.80032,10.92167],[-74.80062,10.92179],[-74.80082,10.92182],[-74.80098,10.92183],[-74.80107,10.92183],[-74.8012,10.92183],[-74.80126,10.92183],[-74.80152,10.92184],[-74.80163,10.92181],[-74.80171,10.9218],[-74.80212,10.92175],[-74.8022,10.92175],[-74.80242,10.92174],[-74.80257,10.92174],[-74.80262,10.92174],[-74.80273,10.92174],[-74.80282,10.92175],[-74.80313,10.92178],[-74.80336,10.92181],[-74.80389,10.92193],[-74.80424,10.92202],[-74.80433,10.92204],[-74.8047,10.92225],[-74.80497,10.92237],[-74.80516,10.92244],[-74.80524,10.92242],[-74.80524,10.92241],[-74.80561,10.92226],[-74.80613,10.92209],[-74.80637,10.92199],[-74.80661,10.92191],[-74.80678,10.92188],[-74.80686,10.92187],[-74.80692,10.92186],[-74.80697,10.92184],[-74.80712,10.92179],[-74.80729,10.92175],[-74.80737,10.92172],[-74.80743,10.9217],[-74.80752,10.9217],[-74.80763,10.92168],[-74.80771,10.92168],[-74.8079,10.92167],[-74.8082,10.92167],[-74.80829,10.92166],[-74.80839,10.92166],[-74.80846,10.92167],[-74.80857,10.92169],[-74.80879,10.92173],[-74.80932,10.9218],[-74.80939,10.92187],[-74.80939,10.92187],[-74.80942,10.92192],[-74.80943,10.92228],[-74.81027,10.92222],[-74.81033,10.92221],[-74.81054,10.9222],[-74.81058,10.9222],[-74.81059,10.92229],[-74.81082,10.92228],[-74.81084,10.92228],[-74.81085,10.92228],[-74.81085,10.92228],[-74.81086,10.9225],[-74.81144,10.92247],[-74.81167,10.92246],[-74.81173,10.92247],[-74.81175,10.92245],[-74.81178,10.92244],[-74.8118,10.92253],[-74.81181,10.92254],[-74.81213,10.92253],[-74.81263,10.92251],[-74.81313,10.92249],[-74.81445,10.92243],[-74.81449,10.92243],[-74.8145,10.92243],[-74.81451,10.92243],[-74.81526,10.92245],[-74.81601,10.92259],[-74.81678,10.9228],[-74.81688,10.92283],[-74.81765,10.92315],[-74.8182,10.92345],[-74.81871,10.92374],[-74.81889,10.92383],[-74.81935,10.92406],[-74.81944,10.9241],[-74.81956,10.92416],[-74.82033,10.92452],[-74.82079,10.92474],[-74.82247,10.92553],[-74.82248,10.92554],[-74.82249,10.92523],[-74.82249,10.92521],[-74.82249,10.92521],[-74.82249,10.92516],[-74.82249,10.92496],[-74.82251,10.9245],[-74.82251,10.92442],[-74.82251,10.92433],[-74.82252,10.92422],[-74.82252,10.92418],[-74.82252,10.92413],[-74.82252,10.92406],[-74.82252,10.92405],[-74.82252,10.92399],[-74.82254,10.92353],[-74.82254,10.92351],[-74.82254,10.92344],[-74.82254,10.92339],[-74.82254,10.92336],[-74.82255,10.92316],[-74.82258,10.92252],[-74.82258,10.9223],[-74.82275,10.92186],[-74.82292,10.92155],[-74.82309,10.92125],[-74.82355,10.92042],[-74.82532,10.92091],[-74.82574,10.92103],[-74.82604,10.92111],[-74.82636,10.92117],[-74.82648,10.9212],[-74.82665,10.92121],[-74.82674,10.92124],[-74.82688,10.92126],[-74.82692,10.92127],[-74.82695,10.92127],[-74.82698,10.92128],[-74.82702,10.92128],[-74.82704,10.92129],[-74.82705,10.92129],[-74.82711,10.9213],[-74.82716,10.92131],[-74.82716,10.92131],[-74.82716,10.92131],[-74.82716,10.92131],[-74.82717,10.92131],[-74.82717,10.92131],[-74.82718,10.92131],[-74.8272,10.92132],[-74.82726,10.92132],[-74.82728,10.92133],[-74.8273,10.92133],[-74.82741,10.92135],[-74.82742,10.92135],[-74.82753,10.92137],[-74.82754,10.92137],[-74.82754,10.92137],[-74.82755,10.92138],[-74.82755,10.92138],[-74.82755,10.92138],[-74.82771,10.92141],[-74.82779,10.92143],[-74.82818,10.9215],[-74.82831,10.92153],[-74.82913,10.92169],[-74.82914,10.9217],[-74.82916,10.9217],[-74.82922,10.92171],[-74.82926,10.92172],[-74.82927,10.92172],[-74.82934,10.92174],[-74.82937,10.92174],[-74.82937,10.92175],[-74.82935,10.92181],[-74.82935,10.92181],[-74.82935,10.92182],[-74.82935,10.92182],[-74.82935,10.92183],[-74.82934,10.92183],[-74.82934,10.92184],[-74.82934,10.92184]]]}},
{"type":"Feature","properties":{"nombre":"SURORIENTE"},"geometry":{"type":"Polygon","coordinates":[[[-74.79954,10.94339],[-74.79966,10.94338],[-74.79978,10.94337],[-74.7999,10.94338],[-74.80002,10.94339],[-74.80014,10.9434],[-74.8005,10.94354],[-74.80048,10.94832],[-74.80085,10.94832],[-74.80089,10.94832],[-74.80113,10.94831],[-74.80158,10.94828],[-74.80202,10.94832],[-74.80193,10.94861],[-74.80262,10.94892],[-74.8027,10.94896],[-74.80306,10.94913],[-74.8029,10.94941],[-74.80259,10.94993],[-74.80234,10.95035],[-74.80214,10.95068],[-74.80207,10.95065],[-74.80169,10.95152],[-74.803,10.95215],[-74.80299,10.95218],[-74.80298,10.95221],[-74.80296,10.95226],[-74.80294,10.95231],[-74.80288,10.95246],[-74.80284,10.95256],[-74.80278,10.95272],[-74.80267,10.95299],[-74.80264,10.95307],[-74.8026,10.95316],[-74.80239,10.95375],[-74.80235,10.95381],[-74.80229,10.95389],[-74.80221,10.95396],[-74.80203,10.95409],[-74.80199,10.9541],[-74.80191,10.95412],[-74.80184,10.95413],[-74.80178,10.95415],[-74.80169,10.95418],[-74.80163,10.9542],[-74.80156,10.95424],[-74.8015,10.95428],[-74.80141,10.95434],[-74.80133,10.9544],[-74.80106,10.95464],[-74.80086,10.95483],[-74.80069,10.95498],[-74.80044,10.95519],[-74.80031,10.95532],[-74.80043,10.95547],[-74.80058,10.95565],[-74.80046,10.95576],[-74.80031,10.95589],[-74.80009,10.95609],[-74.79986,10.95629],[-74.7997,10.95642],[-74.79963,10.95649],[-74.7994,10.95671],[-74.79912,10.95696],[-74.79883,10.95722],[-74.7986,10.95742],[-74.79824,10.95773],[-74.79812,10.95784],[-74.79794,10.95799],[-74.79766,10.95825],[-74.79755,10.95835],[-74.79741,10.95847],[-74.79732,10.95855],[-74.79721,10.95865],[-74.79712,10.95871],[-74.79701,10.95882],[-74.79672,10.95908],[-74.79639,10.95938],[-74.79678,10.95982],[-74.79718,10.96028],[-74.79747,10.96062],[-74.79758,10.96074],[-74.79777,10.96096],[-74.79784,10.96104],[-74.79815,10.96141],[-74.7982,10.96145],[-74.79853,10.96184],[-74.79858,10.9619],[-74.79891,10.96228],[-74.79881,10.96234],[-74.79879,10.96236],[-74.79841,10.96256],[-74.79833,10.96259],[-74.7982,10.96264],[-74.79806,10.96268],[-74.79793,10.96271],[-74.79781,10.96274],[-74.79775,10.96275],[-74.79738,10.9628],[-74.79727,10.96282],[-74.79724,10.96282],[-74.79721,10.96282],[-74.79691,10.96284],[-74.79664,10.96286],[-74.79624,10.9629],[-74.79597,10.96292],[-74.79576,10.96294],[-74.79565,10.96295],[-74.79534,10.96296],[-74.79521,10.96297],[-74.79504,10.96297],[-74.79481,10.96306],[-74.7946,10.96316],[-74.79448,10.96322],[-74.7943,10.9633],[-74.79416,10.96337],[-74.79401,10.96345],[-74.79361,10.96364],[-74.79323,10.96384],[-74.79302,10.96392],[-74.79283,10.96402],[-74.79258,10.96415],[-74.79236,10.96426],[-74.79204,10.9644],[-74.79191,10.96445],[-74.79171,10.96455],[-74.79156,10.96463],[-74.79109,10.96488],[-74.79091,10.96499],[-74.79076,10.96512],[-74.79072,10.96515],[-74.79067,10.96518],[-74.79035,10.96543],[-74.79022,10.96555],[-74.7901,10.96568],[-74.79001,10.96581],[-74.78991,10.96598],[-74.78974,10.96622],[-74.7896,10.96638],[-74.78945,10.96651],[-74.7893,10.96661],[-74.78916,10.9667],[-74.789,10.96676],[-74.78881,10.9669],[-74.78831,10.96715],[-74.78805,10.9673],[-74.78816,10.96734],[-74.78837,10.96741],[-74.78848,10.96745],[-74.78867,10.96751],[-74.78907,10.96762],[-74.78915,10.96764],[-74.78928,10.96768],[-74.78977,10.96781],[-74.78987,10.96784],[-74.78997,10.96787],[-74.79042,10.96799],[-74.7905,10.96804],[-74.79049,10.96809],[-74.79004,10.96956],[-74.79,10.9697],[-74.78992,10.97011],[-74.78989,10.97024],[-74.78985,10.97036],[-74.78963,10.97111],[-74.78938,10.97191],[-74.78936,10.97199],[-74.78934,10.97205],[-74.78902,10.97312],[-74.789,10.97321],[-74.78904,10.97323],[-74.7893,10.97332],[-74.78951,10.9734],[-74.79007,10.97362],[-74.79039,10.97372],[-74.79071,10.97382],[-74.79092,10.97391],[-74.79113,10.97398],[-74.79132,10.97405],[-74.79163,10.97416],[-74.79202,10.97443],[-74.79224,10.9746],[-74.79208,10.97505],[-74.79205,10.97513],[-74.79201,10.97524],[-74.79167,10.97617],[-74.79138,10.97698],[-74.79129,10.97718],[-74.79115,10.97752],[-74.79106,10.97775],[-74.79103,10.97784],[-74.79087,10.97841],[-74.79058,10.97955],[-74.79057,10.97962],[-74.79053,10.97976],[-74.79048,10.97997],[-74.79043,10.98015],[-74.79038,10.98034],[-74.79033,10.98052],[-74.7903,10.98065],[-74.79024,10.98065],[-74.78944,10.98044],[-74.78939,10.98044],[-74.78888,10.9803],[-74.78848,10.98018],[-74.78818,10.9801],[-74.78758,10.97994],[-74.7871,10.97981],[-74.787,10.97979],[-74.7861,10.97951],[-74.78563,10.97935],[-74.78514,10.9792],[-74.78469,10.97904],[-74.78467,10.97903],[-74.78426,10.9789],[-74.7841,10.97885],[-74.78374,10.97874],[-74.78353,10.97867],[-74.78288,10.97847],[-74.78229,10.97825],[-74.78204,10.97816],[-74.78176,10.97806],[-74.78135,10.97789],[-74.78114,10.9778],[-74.78063,10.9776],[-74.77988,10.97731],[-74.77938,10.97711],[-74.77881,10.97686],[-74.77836,10.97666],[-74.7781,10.97655],[-74.77801,10.97652],[-74.77791,10.97648],[-74.77762,10.97635],[-74.77733,10.97622],[-74.77724,10.97619],[-74.77676,10.97598],[-74.77643,10.97584],[-74.77614,10.97573],[-74.77611,10.97572],[-74.77606,10.9757],[-74.77589,10.97563],[-74.77565,10.97553],[-74.77547,10.97546],[-74.77534,10.9754],[-74.77523,10.97537],[-74.77493,10.97526],[-74.77457,10.97514],[-74.77432,10.97508],[-74.77409,10.97505],[-74.77367,10.97496],[-74.77286,10.97481],[-74.77224,10.97469],[-74.7722,10.97469],[-74.77007,10.97432],[-74.76872,10.97408],[-74.7692,10.97745],[-74.76922,10.97762],[-74.76916,10.97762],[-74.76866,10.97769],[-74.7678,10.97764],[-74.76702,10.97764],[-74.76645,10.97763],[-74.76581,10.97768],[-74.76488,10.97775],[-74.76419,10.97782],[-74.76383,10.97791],[-74.76346,10.97797],[-74.76307,10.97795],[-74.76264,10.97786],[-74.76196,10.97772],[-74.75993,10.97733],[-74.75992,10.97733],[-74.75979,10.97731],[-74.75983,10.97698],[-74.75985,10.97693],[-74.75986,10.97689],[-74.7599,10.9768],[-74.75991,10.97676],[-74.75992,10.97671],[-74.75988,10.97663],[-74.75982,10.97657],[-74.75981,10.97656],[-74.75973,10.97651],[-74.75964,10.97647],[-74.75956,10.97642],[-74.75947,10.9764],[-74.75945,10.97631],[-74.75945,10.97622],[-74.75948,10.97613],[-74.7595,10.97604],[-74.75956,10.97596],[-74.75962,10.9759],[-74.75965,10.97587],[-74.75968,10.97582],[-74.75968,10.97573],[-74.75966,10.97564],[-74.75964,10.9756],[-74.75962,10.97556],[-74.75956,10.97548],[-74.75951,10.9754],[-74.75948,10.97531],[-74.75948,10.97522],[-74.75948,10.97513],[-74.75946,10.97513],[-74.75946,10.97512],[-74.75946,10.97503],[-74.75946,10.97494],[-74.75945,10.97485],[-74.75945,10.97478],[-74.75951,10.97478],[-74.75961,10.97477],[-74.75967,10.97476],[-74.75968,10.97476],[-74.75968,10.9747],[-74.75967,10.97468],[-74.75964,10.97462],[-74.75958,10.97447],[-74.75958,10.97444],[-74.75958,10.97438],[-74.75957,10.97436],[-74.75954,10.97429],[-74.7595,10.97421],[-74.75949,10.97416],[-74.75948,10.97414],[-74.75948,10.97412],[-74.75946,10.97407],[-74.75945,10.97403],[-74.75938,10.97398],[-74.75931,10.97396],[-74.75929,10.97395],[-74.75921,10.97389],[-74.75921,10.9738],[-74.75924,10.97371],[-74.75922,10.97362],[-74.75921,10.97353],[-74.75921,10.97347],[-74.7592,10.97344],[-74.75918,10.97334],[-74.75916,10.97325],[-74.75914,10.97319],[-74.75914,10.97317],[-74.75913,10.97308],[-74.75911,10.973],[-74.75911,10.97298],[-74.75911,10.97289],[-74.75911,10.9728],[-74.75911,10.97271],[-74.7591,10.97262],[-74.7591,10.97253],[-74.7591,10.97253],[-74.7591,10.97252],[-74.75909,10.97243],[-74.75907,10.97234],[-74.75907,10.97233],[-74.75907,10.97225],[-74.75906,10.97216],[-74.75906,10.97212],[-74.75906,10.97207],[-74.75906,10.97201],[-74.75898,10.97202],[-74.75892,10.97203],[-74.75892,10.97195],[-74.75901,10.97193],[-74.75902,10.97184],[-74.759,10.97175],[-74.759,10.97166],[-74.75902,10.97157],[-74.75905,10.97148],[-74.75906,10.97142],[-74.75906,10.97139],[-74.75906,10.9713],[-74.75905,10.97124],[-74.75904,10.97121],[-74.75904,10.97112],[-74.75904,10.97106],[-74.75904,10.97102],[-74.75905,10.97093],[-74.75904,10.97088],[-74.75903,10.97086],[-74.75903,10.97085],[-74.75901,10.97085],[-74.75891,10.97085],[-74.75888,10.97082],[-74.75885,10.97078],[-74.75885,10.97068],[-74.75885,10.97059],[-74.75885,10.9705],[-74.75885,10.97041],[-74.75884,10.97032],[-74.75884,10.97023],[-74.75884,10.97013],[-74.75876,10.96786],[-74.75864,10.9648],[-74.75851,10.9613],[-74.75852,10.9613],[-74.75852,10.9613],[-74.75887,10.95967],[-74.75887,10.95966],[-74.75886,10.95965],[-74.75885,10.95956],[-74.75885,10.95947],[-74.75883,10.95938],[-74.75882,10.9593],[-74.75881,10.95929],[-74.75881,10.95925],[-74.75881,10.9592],[-74.75879,10.95911],[-74.75878,10.95902],[-74.75879,10.95893],[-74.75879,10.95883],[-74.75879,10.95874],[-74.75879,10.95865],[-74.75879,10.95857],[-74.75879,10.95856],[-74.75879,10.95846],[-74.7588,10.95837],[-74.75873,10.95826],[-74.75867,10.95818],[-74.75867,10.95809],[-74.75867,10.958],[-74.75867,10.95791],[-74.75869,10.95782],[-74.75873,10.95774],[-74.75874,10.95764],[-74.75874,10.95755],[-74.75873,10.95746],[-74.75873,10.95737],[-74.75874,10.95728],[-74.75878,10.95719],[-74.7588,10.9571],[-74.7588,10.95701],[-74.7588,10.95692],[-74.7588,10.95692],[-74.7588,10.95683],[-74.7588,10.95674],[-74.75878,10.95664],[-74.75878,10.95655],[-74.75878,10.95654],[-74.75877,10.95645],[-74.75877,10.95636],[-74.75877,10.95627],[-74.75877,10.95618],[-74.75879,10.95609],[-74.75878,10.95609],[-74.75879,10.95604],[-74.75879,10.95602],[-74.75878,10.95595],[-74.75878,10.95586],[-74.7588,10.95577],[-74.75881,10.95568],[-74.75878,10.95559],[-74.7588,10.9555],[-74.75883,10.95541],[-74.75884,10.95532],[-74.75883,10.95523],[-74.75878,10.95514],[-74.7588,10.95505],[-74.7588,10.95496],[-74.7588,10.95487],[-74.7588,10.95478],[-74.7588,10.95469],[-74.75885,10.95461],[-74.75885,10.95452],[-74.75883,10.95443],[-74.75881,10.95434],[-74.75884,10.95425],[-74.75884,10.95422],[-74.75884,10.95415],[-74.75884,10.95406],[-74.75884,10.95397],[-74.75884,10.95388],[-74.75885,10.95379],[-74.75885,10.95376],[-74.75885,10.9537],[-74.75885,10.9536],[-74.75885,10.95351],[-74.75885,10.95346],[-74.75885,10.95345],[-74.75884,10.95342],[-74.75881,10.95334],[-74.75879,10.95325],[-74.75876,10.95316],[-74.75877,10.95307],[-74.75877,10.95299],[-74.75877,10.95298],[-74.75876,10.95289],[-74.75875,10.95281],[-74.75871,10.95278],[-74.75866,10.95278],[-74.75866,10.95281],[-74.75865,10.95285],[-74.75854,10.95284],[-74.75857,10.95229],[-74.75861,10.95221],[-74.75865,10.95212],[-74.75865,10.95203],[-74.7587,10.95195],[-74.75873,10.95191],[-74.75876,10.95188],[-74.75883,10.95182],[-74.75886,10.95173],[-74.75886,10.9517],[-74.75886,10.95163],[-74.75887,10.95154],[-74.7589,10.95146],[-74.75895,10.95138],[-74.75898,10.95135],[-74.759,10.95121],[-74.75903,10.9511],[-74.75896,10.95105],[-74.75889,10.95098],[-74.75887,10.95095],[-74.75884,10.9509],[-74.75883,10.95088],[-74.75881,10.95082],[-74.75881,10.95078],[-74.75882,10.95072],[-74.75881,10.95064],[-74.7588,10.95059],[-74.7588,10.95059],[-74.75879,10.9505],[-74.75878,10.95041],[-74.75878,10.95031],[-74.75876,10.95022],[-74.75874,10.95013],[-74.75873,10.95004],[-74.75872,10.94995],[-74.75873,10.94986],[-74.75871,10.94977],[-74.7587,10.94968],[-74.7587,10.94965],[-74.75873,10.94959],[-74.75876,10.9495],[-74.75875,10.94941],[-74.75873,10.94932],[-74.75873,10.94923],[-74.75873,10.94914],[-74.75875,10.94904],[-74.75877,10.94895],[-74.75879,10.94886],[-74.7588,10.94877],[-74.75881,10.94873],[-74.75883,10.94868],[-74.75884,10.94858],[-74.75884,10.94849],[-74.75884,10.94839],[-74.75886,10.94829],[-74.75886,10.94828],[-74.75886,10.94819],[-74.75886,10.9481],[-74.75886,10.94801],[-74.75887,10.94792],[-74.75891,10.94783],[-74.75891,10.94774],[-74.75891,10.94765],[-74.75891,10.94756],[-74.75892,10.94747],[-74.75892,10.94737],[-74.75892,10.94728],[-74.75892,10.94719],[-74.75893,10.9471],[-74.75893,10.94701],[-74.75895,10.94692],[-74.75896,10.94682],[-74.75896,10.94673],[-74.75897,10.94664],[-74.759,10.94656],[-74.75903,10.94647],[-74.75903,10.94604],[-74.75899,10.94595],[-74.75899,10.94586],[-74.759,10.94577],[-74.75902,10.94568],[-74.75904,10.94559],[-74.75904,10.94558],[-74.75907,10.9455],[-74.75909,10.94541],[-74.75911,10.94532],[-74.75914,10.94524],[-74.75917,10.94515],[-74.75921,10.94506],[-74.75925,10.94498],[-74.75928,10.94489],[-74.75934,10.94482],[-74.75939,10.94474],[-74.75951,10.94449],[-74.75951,10.94448],[-74.75951,10.94448],[-74.75953,10.94444],[-74.75959,10.94441],[-74.75963,10.94438],[-74.75967,10.94436],[-74.75968,10.94436],[-74.75991,10.94426],[-74.76011,10.94419],[-74.76019,10.94418],[-74.76022,10.94417],[-74.76036,10.94415],[-74.76045,10.94416],[-74.76047,10.94416],[-74.76054,10.94417],[-74.76067,10.9442],[-74.76085,10.94425],[-74.76108,10.94443],[-74.76134,10.94467],[-74.76135,10.94468],[-74.76154,10.94487],[-74.76178,10.94512],[-74.76222,10.94531],[-74.76242,10.94537],[-74.76276,10.94535],[-74.76314,10.94527],[-74.76366,10.94521],[-74.76387,10.94516],[-74.76388,10.94516],[-74.76403,10.94504],[-74.76405,10.94501],[-74.76421,10.94479],[-74.76424,10.94476],[-74.76435,10.94466],[-74.76439,10.94463],[-74.76449,10.94454],[-74.76463,10.94435],[-74.76467,10.94432],[-74.7649,10.9442],[-74.76509,10.94397],[-74.7652,10.9438],[-74.7653,10.94364],[-74.76539,10.94361],[-74.76539,10.94362],[-74.76543,10.94368],[-74.76548,10.9438],[-74.76551,10.94391],[-74.76554,10.94393],[-74.76572,10.94392],[-74.7658,10.94394],[-74.76583,10.94398],[-74.76583,10.94407],[-74.76582,10.94415],[-74.7658,10.94424],[-74.76581,10.94432],[-74.76584,10.9444],[-74.76586,10.94442],[-74.76586,10.94443],[-74.76587,10.94444],[-74.76591,10.94445],[-74.76607,10.94451],[-74.76619,10.94451],[-74.76626,10.9445],[-74.76635,10.94441],[-74.76645,10.94432],[-74.76647,10.9443],[-74.76651,10.94426],[-74.76653,10.94426],[-74.76654,10.94426],[-74.7666,10.94425],[-74.76667,10.94425],[-74.76682,10.94432],[-74.76699,10.94455],[-74.76716,10.94479],[-74.76737,10.9451],[-74.76753,10.94521],[-74.76765,10.94525],[-74.76786,10.94529],[-74.76787,10.94529],[-74.76806,10.94532],[-74.76826,10.94535],[-74.76839,10.94534],[-74.76851,10.94529],[-74.76852,10.94528],[-74.76863,10.94523],[-74.76877,10.94518],[-74.76891,10.9452],[-74.76907,10.94524],[-74.76913,10.94525],[-74.76927,10.94527],[-74.76934,10.94527],[-74.7694,10.94528],[-74.7695,10.94523],[-74.76959,10.94513],[-74.76964,10.94499],[-74.76965,10.94481],[-74.76971,10.94468],[-74.7698,10.94459],[-74.76982,10.94457],[-74.76999,10.94451],[-74.77018,10.94445],[-74.77023,10.94444],[-74.77083,10.94428],[-74.77083,10.94428],[-74.77099,10.94424],[-74.7713,10.94417],[-74.77142,10.94412],[-74.77156,10.94411],[-74.77168,10.94414],[-74.77189,10.94417],[-74.77205,10.94422],[-74.77218,10.94426],[-74.77231,10.94426],[-74.77251,10.94421],[-74.77265,10.94416],[-74.77283,10.94413],[-74.77306,10.94414],[-74.77341,10.94416],[-74.7736,10.94414],[-74.77379,10.94405],[-74.77395,10.94394],[-74.77412,10.94379],[-74.77432,10.94364],[-74.77451,10.94354],[-74.77463,10.94351],[-74.77499,10.94338],[-74.7751,10.94334],[-74.77511,10.94334],[-74.7753,10.94321],[-74.77538,10.94316],[-74.77566,10.943],[-74.77574,10.94291],[-74.77584,10.9428],[-74.77599,10.94264],[-74.77608,10.94261],[-74.77616,10.94257],[-74.77625,10.94252],[-74.7763,10.94245],[-74.77637,10.94235],[-74.77644,10.9422],[-74.77642,10.94208],[-74.77636,10.94188],[-74.77635,10.94174],[-74.77636,10.94168],[-74.77637,10.94162],[-74.77638,10.94158],[-74.77642,10.94145],[-74.77644,10.9414],[-74.77645,10.94135],[-74.77649,10.94131],[-74.77658,10.9412],[-74.77667,10.94103],[-74.77684,10.94095],[-74.77693,10.94092],[-74.77722,10.94082],[-74.77753,10.94067],[-74.77753,10.94067],[-74.77754,10.94063],[-74.77756,10.94058],[-74.77766,10.94029],[-74.77762,10.94018],[-74.77773,10.93999],[-74.77782,10.93983],[-74.77791,10.93957],[-74.77796,10.93942],[-74.77826,10.93872],[-74.77832,10.9386],[-74.77845,10.93828],[-74.77867,10.93775],[-74.77862,10.93771],[-74.77863,10.9377],[-74.77903,10.93675],[-74.77971,10.93507],[-74.78026,10.93489],[-74.78072,10.93482],[-74.78126,10.93475],[-74.78129,10.93488],[-74.78155,10.93581],[-74.7818,10.93663],[-74.78198,10.93728],[-74.78206,10.93757],[-74.78228,10.93747],[-74.78279,10.93721],[-74.78341,10.93683],[-74.78405,10.93635],[-74.78454,10.93589],[-74.78499,10.93564],[-74.78573,10.93525],[-74.78679,10.93461],[-74.7874,10.9342],[-74.78777,10.93395],[-74.78778,10.93395],[-74.78817,10.93374],[-74.78836,10.93365],[-74.7886,10.93366],[-74.7888,10.93373],[-74.78903,10.93383],[-74.78919,10.93389],[-74.7893,10.93389],[-74.7896,10.93384],[-74.79005,10.93374],[-74.7905,10.93365],[-74.79051,10.93365],[-74.79054,10.93364],[-74.79066,10.93358],[-74.79077,10.93349],[-74.79098,10.93316],[-74.7912,10.93282],[-74.79134,10.93246],[-74.7914,10.93216],[-74.79147,10.93187],[-74.79152,10.93171],[-74.79177,10.93152],[-74.79189,10.93143],[-74.79198,10.93137],[-74.7921,10.93128],[-74.79217,10.93122],[-74.7923,10.93113],[-74.79234,10.93112],[-74.79239,10.9311],[-74.79244,10.93108],[-74.79259,10.93107],[-74.79269,10.93106],[-74.79273,10.93106],[-74.79286,10.93108],[-74.79298,10.93114],[-74.79307,10.93118],[-74.79318,10.93118],[-74.7933,10.9311],[-74.79337,10.93106],[-74.79353,10.93097],[-74.79353,10.93097],[-74.79354,10.93097],[-74.79361,10.93095],[-74.7937,10.93094],[-74.79377,10.93092],[-74.79386,10.93089],[-74.79388,10.93088],[-74.79394,10.93085],[-74.79398,10.93083],[-74.79402,10.9308],[-74.79404,10.93077],[-74.79409,10.93073],[-74.79413,10.9307],[-74.79418,10.93067],[-74.79424,10.93064],[-74.79425,10.93064],[-74.79429,10.93062],[-74.79432,10.93062],[-74.79436,10.93062],[-74.79438,10.93062],[-74.79442,10.93062],[-74.79443,10.93062],[-74.79446,10.93062],[-74.79459,10.93067],[-74.79459,10.93067],[-74.79465,10.93069],[-74.7947,10.93071],[-74.79474,10.93074],[-74.79474,10.93075],[-74.79476,10.93079],[-74.79477,10.93082],[-74.79478,10.93084],[-74.79478,10.93085],[-74.79479,10.93087],[-74.7948,10.93092],[-74.7948,10.93092],[-74.79481,10.93097],[-74.79482,10.93099],[-74.79482,10.931],[-74.79482,10.93101],[-74.79513,10.93107],[-74.79654,10.93123],[-74.79716,10.93097],[-74.79743,10.93086],[-74.79753,10.9299],[-74.79847,10.92999],[-74.79919,10.93006],[-74.79919,10.93019],[-74.79919,10.93021],[-74.79919,10.93175],[-74.79922,10.93228],[-74.79923,10.93378],[-74.7992,10.93431],[-74.7992,10.93487],[-74.79899,10.93483],[-74.7987,10.93478],[-74.79841,10.93473],[-74.79827,10.93473],[-74.79816,10.93476],[-74.79808,10.93478],[-74.79755,10.93493],[-74.79726,10.935],[-74.7971,10.93503],[-74.79693,10.93507],[-74.7969,10.93508],[-74.79679,10.93512],[-74.79666,10.93516],[-74.7967,10.93538],[-74.7967,10.93538],[-74.79685,10.93608],[-74.79694,10.93638],[-74.79701,10.93665],[-74.79711,10.93699],[-74.79721,10.93735],[-74.79727,10.93757],[-74.79731,10.9377],[-74.79733,10.93777],[-74.79741,10.93805],[-74.79742,10.93815],[-74.79742,10.93862],[-74.79742,10.93907],[-74.79741,10.93944],[-74.79741,10.93991],[-74.79741,10.94015],[-74.79742,10.94035],[-74.79742,10.94083],[-74.79743,10.94124],[-74.79742,10.94151],[-74.79742,10.94169],[-74.79742,10.94213],[-74.79742,10.94256],[-74.79742,10.94304],[-74.79742,10.94322],[-74.79742,10.94339],[-74.79742,10.94353],[-74.79738,10.94365],[-74.79734,10.9438],[-74.79729,10.94393],[-74.79727,10.94401],[-74.79726,10.94403],[-74.79723,10.94418],[-74.79762,10.94402],[-74.79774,10.94399],[-74.79785,10.94396],[-74.79797,10.94394],[-74.79809,10.94392],[-74.79821,10.94391],[-74.79824,10.94391],[-74.7988,10.94391],[-74.7988,10.94391],[-74.7988,10.9437],[-74.79886,10.94369],[-74.79886,10.94358],[-74.79891,10.94354],[-74.79913,10.94346],[-74.79942,10.94341],[-74.79954,10.94339]]]}},
{"type":"Feature","properties":{"nombre":"NORTE - CENTRO HISTORICO"},"geometry":{"type":"Polygon","coordinates":[[[-74.79905,10.97974],[-74.79959,10.97997],[-74.79985,10.98008],[-74.80069,10.98046],[-74.80093,10.9799],[-74.80094,10.97989],[-74.80102,10.97974],[-74.80117,10.97943],[-74.80121,10.97936],[-74.80129,10.97939],[-74.80146,10.97946],[-74.80168,10.97954],[-74.80186,10.97961],[-74.80253,10.97987],[-74.80247,10.98],[-74.80236,10.98022],[-74.80224,10.98046],[-74.80214,10.98068],[-74.80205,10.98088],[-74.80197,10.98105],[-74.80205,10.98108],[-74.80218,10.98114],[-74.80231,10.98118],[-74.80241,10.98122],[-74.80253,10.98127],[-74.80259,10.9813],[-74.80267,10.98133],[-74.80316,10.98151],[-74.80327,10.98156],[-74.80355,10.98163],[-74.80355,10.98163],[-74.804,10.98175],[-74.80404,10.98177],[-74.80424,10.98182],[-74.80431,10.98184],[-74.80439,10.98186],[-74.80457,10.98189],[-74.8047,10.98192],[-74.80543,10.98222],[-74.80538,10.98235],[-74.8053,10.98255],[-74.80518,10.98274],[-74.8051,10.98287],[-74.80507,10.98292],[-74.80498,10.98309],[-74.80482,10.98341],[-74.80471,10.9837],[-74.80507,10.98378],[-74.80513,10.98379],[-74.80529,10.98383],[-74.80558,10.98389],[-74.80591,10.98396],[-74.80621,10.98402],[-74.80632,10.98403],[-74.80645,10.98405],[-74.80742,10.98433],[-74.80763,10.98439],[-74.80812,10.98453],[-74.80821,10.98455],[-74.80886,10.98474],[-74.80895,10.98476],[-74.80908,10.9848],[-74.80934,10.98487],[-74.80977,10.98498],[-74.80987,10.98502],[-74.81044,10.98517],[-74.81051,10.98519],[-74.81102,10.98535],[-74.81115,10.98539],[-74.81124,10.98541],[-74.81172,10.98556],[-74.81184,10.98559],[-74.81213,10.98566],[-74.81228,10.98569],[-74.81237,10.98569],[-74.81244,10.98566],[-74.81249,10.98563],[-74.81261,10.98561],[-74.8127,10.9856],[-74.81325,10.98575],[-74.81458,10.98613],[-74.81617,10.98658],[-74.81621,10.98659],[-74.81624,10.98659],[-74.81684,10.98675],[-74.8172,10.98685],[-74.81748,10.98694],[-74.8177,10.987],[-74.81824,10.98714],[-74.81837,10.98718],[-74.81853,10.98722],[-74.81867,10.98725],[-74.81879,10.98728],[-74.81883,10.98729],[-74.81898,10.98731],[-74.81924,10.9873],[-74.81943,10.98728],[-74.81956,10.98721],[-74.81975,10.9871],[-74.81991,10.98699],[-74.81999,10.98693],[-74.82001,10.98692],[-74.82013,10.98684],[-74.82099,10.98629],[-74.8211,10.98621],[-74.82129,10.98609],[-74.82282,10.98507],[-74.82292,10.98503],[-74.82327,10.98492],[-74.82348,10.98489],[-74.82381,10.98485],[-74.82487,10.98477],[-74.82586,10.9847],[-74.82642,10.98469],[-74.82675,10.98476],[-74.82681,10.98477],[-74.8269,10.98481],[-74.82699,10.98485],[-74.82708,10.9849],[-74.82717,10.98495],[-74.82725,10.98501],[-74.82733,10.98508],[-74.8274,10.98515],[-74.82746,10.98523],[-74.82755,10.98535],[-74.82762,10.98548],[-74.82769,10.98561],[-74.82775,10.98574],[-74.82781,10.98588],[-74.82786,10.98601],[-74.8279,10.9861],[-74.8279,10.9861],[-74.8279,10.9861],[-74.82791,10.98613],[-74.82794,10.98618],[-74.82794,10.98618],[-74.82794,10.98618],[-74.82796,10.98621],[-74.82799,10.98626],[-74.82799,10.98626],[-74.828,10.98626],[-74.82802,10.98629],[-74.82805,10.98633],[-74.82805,10.98633],[-74.82805,10.98633],[-74.82808,10.98636],[-74.82812,10.9864],[-74.82812,10.9864],[-74.82812,10.9864],[-74.82815,10.98643],[-74.82818,10.98646],[-74.82819,10.98647],[-74.82819,10.98647],[-74.82822,10.98649],[-74.82826,10.98652],[-74.82826,10.98652],[-74.82826,10.98653],[-74.8283,10.98655],[-74.82833,10.98658],[-74.82834,10.98658],[-74.82834,10.98658],[-74.82838,10.9866],[-74.82842,10.98662],[-74.82842,10.98662],[-74.82842,10.98663],[-74.82843,10.98663],[-74.82847,10.98665],[-74.8285,10.98666],[-74.82851,10.98667],[-74.82852,10.98667],[-74.82853,10.98668],[-74.82859,10.9867],[-74.82867,10.98672],[-74.82876,10.98674],[-74.82884,10.98675],[-74.82892,10.98675],[-74.829,10.98675],[-74.82908,10.98674],[-74.82917,10.98672],[-74.82925,10.9867],[-74.82932,10.98668],[-74.8294,10.98665],[-74.82947,10.98661],[-74.82955,10.98656],[-74.82963,10.98651],[-74.8297,10.98645],[-74.82977,10.98639],[-74.82983,10.98632],[-74.82989,10.98625],[-74.82994,10.98618],[-74.83021,10.98584],[-74.83067,10.98526],[-74.83191,10.98368],[-74.83213,10.98336],[-74.83219,10.9833],[-74.83225,10.98323],[-74.83235,10.98315],[-74.83246,10.98308],[-74.83255,10.98303],[-74.83264,10.983],[-74.83272,10.98297],[-74.83283,10.98295],[-74.83295,10.98293],[-74.83363,10.98287],[-74.83419,10.98283],[-74.83433,10.98282],[-74.83453,10.9828],[-74.83469,10.98278],[-74.836,10.98267],[-74.83609,10.98267],[-74.83608,10.98356],[-74.83608,10.98357],[-74.83608,10.98364],[-74.83608,10.98376],[-74.83607,10.98471],[-74.83607,10.98488],[-74.83608,10.98496],[-74.8361,10.98534],[-74.83611,10.98546],[-74.83613,10.98574],[-74.83614,10.98594],[-74.83616,10.98614],[-74.83621,10.98654],[-74.83621,10.98655],[-74.83622,10.98657],[-74.83622,10.98658],[-74.8363,10.98715],[-74.83631,10.98723],[-74.83639,10.98765],[-74.83647,10.98802],[-74.83648,10.98806],[-74.83662,10.98856],[-74.83666,10.98871],[-74.83673,10.98896],[-74.83677,10.98909],[-74.83685,10.98933],[-74.83687,10.98939],[-74.83688,10.98943],[-74.83695,10.98966],[-74.83709,10.99005],[-74.83746,10.99103],[-74.83749,10.99112],[-74.83782,10.992],[-74.8379,10.9922],[-74.83798,10.99242],[-74.83799,10.99247],[-74.83802,10.99255],[-74.83828,10.99325],[-74.83852,10.99389],[-74.83897,10.99515],[-74.83925,10.99588],[-74.83977,10.99726],[-74.83982,10.9974],[-74.83985,10.99747],[-74.84006,10.99808],[-74.84008,10.99812],[-74.84029,10.9987],[-74.84067,10.99973],[-74.84071,10.99984],[-74.84116,11.00106],[-74.84128,11.00138],[-74.8415,11.00205],[-74.84153,11.00214],[-74.84154,11.00218],[-74.84154,11.00218],[-74.84158,11.0023],[-74.84171,11.00271],[-74.84177,11.00292],[-74.84177,11.00293],[-74.84186,11.00337],[-74.84188,11.00347],[-74.84189,11.00357],[-74.84192,11.00377],[-74.84192,11.0038],[-74.84193,11.00392],[-74.84196,11.00425],[-74.84199,11.00479],[-74.84199,11.00518],[-74.84197,11.00567],[-74.84196,11.00594],[-74.84191,11.00636],[-74.84187,11.00661],[-74.84171,11.00732],[-74.84163,11.00767],[-74.84139,11.0086],[-74.84132,11.00883],[-74.84079,11.01013],[-74.84024,11.01149],[-74.84023,11.01149],[-74.84023,11.01149],[-74.84017,11.01146],[-74.84015,11.01145],[-74.83801,11.0103],[-74.83735,11.00994],[-74.83721,11.00986],[-74.83654,11.00951],[-74.83387,11.00808],[-74.83305,11.00764],[-74.83173,11.00693],[-74.83109,11.00659],[-74.83021,11.00615],[-74.82997,11.00604],[-74.83007,11.00582],[-74.83029,11.00536],[-74.83031,11.00531],[-74.83023,11.00527],[-74.83004,11.00517],[-74.82982,11.00505],[-74.82977,11.00503],[-74.82898,11.00467],[-74.8289,11.00462],[-74.82885,11.00459],[-74.8288,11.00455],[-74.82871,11.00445],[-74.82864,11.00438],[-74.82857,11.00432],[-74.8285,11.00426],[-74.82843,11.0042],[-74.82835,11.00415],[-74.82834,11.00415],[-74.82826,11.0041],[-74.82817,11.00405],[-74.82807,11.00401],[-74.82799,11.00399],[-74.82788,11.00397],[-74.82774,11.00393],[-74.82756,11.00389],[-74.82731,11.00382],[-74.8272,11.00379],[-74.82707,11.00375],[-74.82658,11.00362],[-74.82648,11.0036],[-74.82635,11.00356],[-74.82604,11.00348],[-74.8249,11.00317],[-74.82461,11.0031],[-74.82451,11.00309],[-74.82434,11.00309],[-74.82416,11.0031],[-74.82399,11.00311],[-74.82372,11.00313],[-74.82363,11.00313],[-74.82351,11.00313],[-74.82341,11.00314],[-74.82331,11.00314],[-74.82318,11.00314],[-74.823,11.00313],[-74.82286,11.00313],[-74.82275,11.00313],[-74.82233,11.00311],[-74.82185,11.00311],[-74.8214,11.00309],[-74.82103,11.00306],[-74.82085,11.00305],[-74.82076,11.00303],[-74.82069,11.00302],[-74.82052,11.003],[-74.82037,11.00297],[-74.82022,11.00295],[-74.81994,11.00288],[-74.81973,11.00283],[-74.81956,11.00277],[-74.81939,11.00269],[-74.81919,11.0026],[-74.819,11.0025],[-74.81885,11.00243],[-74.81874,11.00238],[-74.81865,11.00255],[-74.81844,11.003],[-74.81839,11.0031],[-74.81819,11.00351],[-74.81799,11.00394],[-74.81798,11.00399],[-74.81783,11.0043],[-74.81758,11.00483],[-74.81754,11.00491],[-74.81748,11.00505],[-74.81722,11.0056],[-74.81718,11.00571],[-74.81708,11.00591],[-74.81675,11.00658],[-74.81816,11.00723],[-74.81828,11.00729],[-74.81819,11.00733],[-74.81802,11.00742],[-74.81782,11.00751],[-74.81758,11.00762],[-74.81729,11.00777],[-74.81721,11.00782],[-74.81715,11.00788],[-74.8171,11.00793],[-74.817,11.00803],[-74.81686,11.00814],[-74.81678,11.00821],[-74.81668,11.00829],[-74.81663,11.00834],[-74.81659,11.00837],[-74.81656,11.00839],[-74.81643,11.0085],[-74.81635,11.0086],[-74.81626,11.00871],[-74.81618,11.00881],[-74.81607,11.00895],[-74.81595,11.00911],[-74.81581,11.0093],[-74.81572,11.00942],[-74.81563,11.00953],[-74.81552,11.00967],[-74.81536,11.00989],[-74.81523,11.01006],[-74.81515,11.01018],[-74.81481,11.01001],[-74.81342,11.00939],[-74.81326,11.00931],[-74.81369,11.00896],[-74.81396,11.00875],[-74.81383,11.00869],[-74.81306,11.00834],[-74.81231,11.008],[-74.81212,11.00792],[-74.81207,11.00799],[-74.81198,11.00812],[-74.81191,11.00824],[-74.81182,11.00839],[-74.81175,11.00854],[-74.81172,11.00864],[-74.81165,11.00883],[-74.81147,11.00935],[-74.81145,11.00941],[-74.8112,11.01021],[-74.81113,11.01045],[-74.81099,11.01093],[-74.81097,11.011],[-74.81091,11.01108],[-74.81075,11.01124],[-74.81057,11.01143],[-74.81041,11.0116],[-74.81027,11.01174],[-74.81035,11.01176],[-74.81049,11.01179],[-74.81064,11.01184],[-74.81072,11.01186],[-74.81079,11.01189],[-74.81066,11.01204],[-74.81055,11.01216],[-74.81046,11.01227],[-74.81039,11.01236],[-74.81033,11.01244],[-74.81029,11.0125],[-74.81009,11.01293],[-74.81,11.01311],[-74.80992,11.0133],[-74.80959,11.01393],[-74.80925,11.01453],[-74.80899,11.01499],[-74.80891,11.01513],[-74.80887,11.01524],[-74.8088,11.01542],[-74.80874,11.0156],[-74.80869,11.01573],[-74.80916,11.01584],[-74.80984,11.01602],[-74.81022,11.01611],[-74.8105,11.01618],[-74.81101,11.0163],[-74.81086,11.01688],[-74.81084,11.01694],[-74.81083,11.01697],[-74.81075,11.0173],[-74.81072,11.01737],[-74.81059,11.01756],[-74.81056,11.0176],[-74.81045,11.01773],[-74.81013,11.01817],[-74.80976,11.01868],[-74.80971,11.01875],[-74.80967,11.0188],[-74.80961,11.01887],[-74.80935,11.01917],[-74.80924,11.01928],[-74.80916,11.01926],[-74.80893,11.0192],[-74.80859,11.01911],[-74.80811,11.01899],[-74.80805,11.01897],[-74.80804,11.01901],[-74.80803,11.01904],[-74.808,11.01906],[-74.80797,11.01908],[-74.80753,11.01895],[-74.80702,11.01951],[-74.80693,11.01959],[-74.80676,11.01975],[-74.80676,11.01975],[-74.80647,11.01999],[-74.80611,11.02028],[-74.80617,11.02037],[-74.80634,11.02063],[-74.8063,11.02064],[-74.80512,11.02102],[-74.80493,11.02109],[-74.80437,11.02158],[-74.80309,11.02272],[-74.80287,11.02291],[-74.8027,11.02313],[-74.80252,11.02352],[-74.8025,11.02355],[-74.80247,11.02361],[-74.80245,11.02367],[-74.80242,11.02373],[-74.80242,11.02374],[-74.80224,11.02408],[-74.80204,11.02439],[-74.80145,11.02487],[-74.8014,11.02493],[-74.80133,11.02502],[-74.80127,11.02513],[-74.80122,11.02528],[-74.80112,11.02558],[-74.80108,11.02573],[-74.80099,11.02597],[-74.80089,11.02617],[-74.80085,11.02624],[-74.80082,11.02629],[-74.80075,11.0265],[-74.80063,11.02685],[-74.80035,11.0277],[-74.80034,11.02769],[-74.8003,11.0276],[-74.80029,11.02751],[-74.80026,11.02743],[-74.80021,11.02735],[-74.80015,11.02727],[-74.80009,11.02721],[-74.80002,11.02713],[-74.79997,11.02706],[-74.7999,11.027],[-74.79984,11.02692],[-74.79979,11.02686],[-74.79978,11.02684],[-74.79972,11.02678],[-74.79966,11.0267],[-74.7996,11.02664],[-74.79952,11.02658],[-74.79946,11.02652],[-74.79939,11.02645],[-74.79932,11.02639],[-74.79925,11.02633],[-74.79919,11.02626],[-74.79912,11.02619],[-74.79905,11.02613],[-74.79895,11.02613],[-74.79886,11.02611],[-74.79882,11.02602],[-74.79877,11.02594],[-74.79875,11.02586],[-74.7987,11.02578],[-74.79865,11.02569],[-74.79859,11.02562],[-74.79854,11.02554],[-74.79848,11.02546],[-74.79843,11.02538],[-74.79836,11.02532],[-74.79828,11.02528],[-74.79821,11.02521],[-74.79813,11.02519],[-74.79811,11.02513],[-74.79805,11.02507],[-74.79799,11.02499],[-74.79793,11.02492],[-74.79787,11.02485],[-74.7978,11.02479],[-74.79772,11.02475],[-74.79764,11.02469],[-74.79758,11.02462],[-74.79754,11.02454],[-74.79745,11.02451],[-74.79736,11.02447],[-74.79731,11.02439],[-74.79726,11.02431],[-74.79718,11.02426],[-74.79709,11.02422],[-74.79701,11.02417],[-74.79693,11.02411],[-74.79685,11.02406],[-74.7968,11.02397],[-74.79672,11.02393],[-74.79666,11.02386],[-74.79659,11.02379],[-74.79652,11.02373],[-74.79643,11.02368],[-74.79635,11.02365],[-74.79627,11.02359],[-74.79624,11.02351],[-74.79622,11.02342],[-74.79618,11.02333],[-74.79611,11.02327],[-74.79602,11.02323],[-74.79594,11.0232],[-74.79585,11.02315],[-74.79579,11.02308],[-74.79573,11.02301],[-74.79568,11.02293],[-74.79563,11.02285],[-74.79554,11.02281],[-74.79546,11.02275],[-74.7954,11.02268],[-74.79535,11.0226],[-74.79528,11.02254],[-74.7952,11.02248],[-74.79514,11.02242],[-74.79507,11.02235],[-74.79507,11.02235],[-74.795,11.02229],[-74.795,11.02228],[-74.79492,11.02223],[-74.79486,11.02216],[-74.79481,11.02209],[-74.79474,11.02202],[-74.79467,11.02196],[-74.79463,11.02188],[-74.79456,11.02181],[-74.7945,11.02174],[-74.79444,11.02167],[-74.79439,11.02165],[-74.79435,11.02164],[-74.79429,11.02156],[-74.79427,11.02152],[-74.79425,11.02148],[-74.79418,11.02142],[-74.79413,11.02134],[-74.79408,11.02126],[-74.79401,11.02119],[-74.79395,11.02112],[-74.79389,11.02105],[-74.79383,11.02097],[-74.79377,11.0209],[-74.79371,11.02082],[-74.79365,11.02075],[-74.79358,11.0207],[-74.7935,11.02064],[-74.79344,11.02057],[-74.79338,11.0205],[-74.79336,11.02049],[-74.7933,11.02045],[-74.79323,11.02039],[-74.79321,11.02029],[-74.79321,11.02029],[-74.79319,11.0202],[-74.7931,11.02016],[-74.79301,11.02013],[-74.79292,11.02011],[-74.79284,11.02005],[-74.79275,11.02002],[-74.79267,11.01999],[-74.79261,11.01991],[-74.79255,11.01985],[-74.79247,11.0198],[-74.79242,11.01972],[-74.79235,11.01965],[-74.79233,11.01956],[-74.79228,11.01948],[-74.79228,11.01948],[-74.79228,11.01948],[-74.79224,11.0194],[-74.79219,11.01932],[-74.79211,11.01926],[-74.79204,11.0192],[-74.79196,11.01915],[-74.79188,11.0191],[-74.79181,11.01903],[-74.79174,11.01898],[-74.79167,11.0189],[-74.79162,11.01883],[-74.79155,11.01876],[-74.79148,11.0187],[-74.79139,11.01865],[-74.79132,11.0186],[-74.79124,11.01854],[-74.79118,11.01847],[-74.79115,11.01847],[-74.79112,11.0184],[-74.79105,11.01834],[-74.79096,11.0183],[-74.79089,11.01824],[-74.79082,11.01818],[-74.79075,11.01813],[-74.79075,11.01813],[-74.79075,11.01812],[-74.79067,11.01806],[-74.79059,11.01801],[-74.79053,11.01794],[-74.79045,11.01789],[-74.79039,11.01781],[-74.79033,11.01774],[-74.79027,11.01768],[-74.79019,11.01762],[-74.79012,11.01757],[-74.79004,11.01751],[-74.78995,11.01748],[-74.78986,11.01743],[-74.78978,11.01738],[-74.7897,11.01733],[-74.78962,11.01729],[-74.78954,11.01724],[-74.78946,11.01717],[-74.78939,11.01711],[-74.78934,11.01703],[-74.78926,11.01697],[-74.7892,11.0169],[-74.78913,11.01683],[-74.78906,11.01677],[-74.789,11.0167],[-74.78895,11.01661],[-74.78891,11.01653],[-74.78889,11.01644],[-74.78889,11.01644],[-74.78883,11.01635],[-74.78877,11.01627],[-74.78872,11.01619],[-74.78866,11.01613],[-74.7886,11.01605],[-74.78853,11.01599],[-74.78846,11.01593],[-74.7884,11.01586],[-74.78833,11.0158],[-74.78827,11.01573],[-74.78819,11.01568],[-74.78813,11.01561],[-74.78806,11.01555],[-74.788,11.01548],[-74.78793,11.01542],[-74.78785,11.01538],[-74.78778,11.01532],[-74.78771,11.01525],[-74.78764,11.01519],[-74.78758,11.01513],[-74.78752,11.01505],[-74.78744,11.015],[-74.78737,11.01495],[-74.7873,11.01489],[-74.78718,11.01481],[-74.78709,11.01472],[-74.78703,11.01464],[-74.78697,11.01454],[-74.78695,11.01446],[-74.78681,11.01432],[-74.78673,11.01427],[-74.78667,11.01419],[-74.78661,11.01412],[-74.7866,11.01411],[-74.78653,11.01407],[-74.78645,11.01403],[-74.7864,11.01395],[-74.78635,11.01387],[-74.78629,11.0138],[-74.78621,11.01375],[-74.78613,11.01369],[-74.78606,11.01363],[-74.78599,11.01357],[-74.78593,11.0135],[-74.78586,11.01344],[-74.78578,11.01338],[-74.78571,11.01332],[-74.78564,11.01326],[-74.78556,11.01321],[-74.78548,11.01315],[-74.7854,11.01311],[-74.78532,11.01306],[-74.78525,11.013],[-74.78516,11.01295],[-74.7851,11.01289],[-74.78503,11.01283],[-74.78496,11.01277],[-74.78489,11.01271],[-74.7848,11.01266],[-74.78474,11.01259],[-74.78466,11.01254],[-74.78458,11.01249],[-74.7845,11.01244],[-74.78443,11.01238],[-74.78434,11.01235],[-74.78434,11.01234],[-74.78427,11.01229],[-74.78419,11.01225],[-74.7841,11.01219],[-74.78405,11.01211],[-74.78401,11.01203],[-74.78394,11.01197],[-74.78386,11.01193],[-74.78377,11.01188],[-74.7837,11.01182],[-74.78362,11.01176],[-74.78356,11.0117],[-74.78347,11.01164],[-74.78339,11.0116],[-74.78332,11.01153],[-74.78326,11.01146],[-74.78317,11.01141],[-74.78312,11.01134],[-74.78306,11.01126],[-74.78298,11.0112],[-74.78292,11.01114],[-74.78284,11.01108],[-74.78276,11.01104],[-74.78269,11.01097],[-74.78265,11.01089],[-74.78258,11.01082],[-74.78257,11.01082],[-74.78251,11.01074],[-74.78245,11.01068],[-74.78236,11.01063],[-74.78232,11.01055],[-74.78226,11.01047],[-74.7822,11.0104],[-74.78215,11.01033],[-74.78209,11.01025],[-74.78204,11.01018],[-74.78203,11.01017],[-74.78198,11.01011],[-74.78192,11.01004],[-74.78185,11.00999],[-74.78184,11.00998],[-74.78176,11.00993],[-74.78168,11.00988],[-74.78161,11.00981],[-74.78153,11.00975],[-74.78145,11.00971],[-74.78136,11.00968],[-74.78128,11.00963],[-74.78119,11.00959],[-74.78111,11.00955],[-74.78102,11.00951],[-74.78094,11.00947],[-74.78093,11.00946],[-74.78092,11.00945],[-74.78087,11.00937],[-74.78079,11.00932],[-74.7807,11.00929],[-74.78062,11.00925],[-74.78053,11.00921],[-74.78044,11.00917],[-74.78036,11.00912],[-74.78027,11.00908],[-74.78019,11.00904],[-74.78011,11.00899],[-74.78007,11.00891],[-74.78006,11.00881],[-74.78001,11.00873],[-74.77994,11.00867],[-74.77986,11.0086],[-74.7798,11.00853],[-74.77974,11.00846],[-74.77968,11.00839],[-74.77961,11.00833],[-74.77956,11.00825],[-74.7795,11.00818],[-74.77946,11.0081],[-74.77917,11.00805],[-74.77898,11.00802],[-74.77889,11.00803],[-74.77884,11.00795],[-74.77878,11.00788],[-74.77871,11.00781],[-74.77867,11.00773],[-74.77863,11.00765],[-74.77857,11.00758],[-74.77848,11.00755],[-74.7784,11.00749],[-74.77833,11.00744],[-74.77826,11.00738],[-74.7782,11.00731],[-74.77815,11.00723],[-74.7781,11.00715],[-74.77806,11.00706],[-74.778,11.00699],[-74.77795,11.00691],[-74.77789,11.00684],[-74.77782,11.00678],[-74.77778,11.0067],[-74.77775,11.00661],[-74.77772,11.00652],[-74.77767,11.00644],[-74.77767,11.00644],[-74.77762,11.00636],[-74.77756,11.00629],[-74.7775,11.00622],[-74.77744,11.00615],[-74.77739,11.00607],[-74.77735,11.00598],[-74.77729,11.00591],[-74.77724,11.00583],[-74.7772,11.00575],[-74.77715,11.00567],[-74.7771,11.00559],[-74.77709,11.0056],[-74.77707,11.00557],[-74.777,11.00551],[-74.77696,11.00543],[-74.7769,11.00536],[-74.77683,11.00529],[-74.77676,11.00523],[-74.7767,11.00517],[-74.77664,11.00509],[-74.77657,11.00502],[-74.77651,11.00495],[-74.77649,11.00486],[-74.77644,11.00478],[-74.77639,11.00471],[-74.77633,11.00463],[-74.77626,11.00457],[-74.77619,11.0045],[-74.77612,11.00444],[-74.77605,11.00438],[-74.77598,11.00432],[-74.77593,11.00424],[-74.77588,11.00416],[-74.77583,11.00408],[-74.77577,11.00401],[-74.7757,11.00394],[-74.77568,11.00392],[-74.77568,11.00392],[-74.77564,11.00387],[-74.77557,11.00381],[-74.77551,11.00374],[-74.77545,11.00365],[-74.77541,11.00357],[-74.77537,11.00349],[-74.77531,11.00342],[-74.77526,11.00334],[-74.77521,11.00326],[-74.77514,11.00319],[-74.77508,11.00312],[-74.77503,11.00304],[-74.77497,11.00297],[-74.77492,11.0029],[-74.77485,11.00284],[-74.77478,11.00277],[-74.77472,11.00271],[-74.77472,11.0027],[-74.77465,11.00263],[-74.77459,11.00257],[-74.77453,11.0025],[-74.77447,11.00242],[-74.77444,11.00233],[-74.77438,11.00226],[-74.77433,11.00218],[-74.77428,11.00213],[-74.77428,11.00213],[-74.77427,11.00212],[-74.77421,11.00205],[-74.77417,11.00196],[-74.77417,11.00194],[-74.77417,11.00194],[-74.77416,11.00189],[-74.77416,11.00189],[-74.77416,11.00187],[-74.77413,11.00178],[-74.7741,11.0017],[-74.77406,11.00161],[-74.77402,11.00152],[-74.77397,11.00145],[-74.77391,11.00137],[-74.77386,11.00129],[-74.77381,11.00121],[-74.77375,11.00113],[-74.77369,11.00107],[-74.77363,11.00099],[-74.77358,11.00091],[-74.77353,11.00084],[-74.77347,11.00076],[-74.77342,11.00068],[-74.77338,11.0006],[-74.77331,11.00053],[-74.77325,11.00046],[-74.77319,11.00039],[-74.77312,11.00032],[-74.77306,11.00026],[-74.77301,11.00018],[-74.77296,11.00009],[-74.77296,11],[-74.77297,10.99993],[-74.77297,10.99989],[-74.77296,10.9999],[-74.77296,10.99985],[-74.77281,10.99972],[-74.77274,10.99965],[-74.77264,10.99956],[-74.77262,10.99955],[-74.77252,10.99953],[-74.77244,10.99948],[-74.77235,10.99944],[-74.77234,10.99944],[-74.77232,10.99943],[-74.77227,10.9994],[-74.7722,10.99933],[-74.77218,10.99932],[-74.77218,10.99932],[-74.77213,10.99928],[-74.77212,10.99928],[-74.77212,10.99928],[-74.77211,10.99928],[-74.77211,10.99928],[-74.77211,10.99927],[-74.77211,10.99927],[-74.77206,10.9992],[-74.77202,10.99912],[-74.77197,10.99907],[-74.77196,10.99905],[-74.77189,10.99899],[-74.77183,10.99892],[-74.77177,10.99884],[-74.77169,10.99879],[-74.7716,10.99876],[-74.77153,10.99869],[-74.77151,10.9986],[-74.77145,10.99852],[-74.77139,10.99846],[-74.77132,10.9984],[-74.77127,10.99831],[-74.77123,10.99822],[-74.77119,10.99814],[-74.77112,10.99808],[-74.77105,10.99802],[-74.77099,10.99795],[-74.77094,10.99787],[-74.77087,10.99781],[-74.77079,10.99776],[-74.77074,10.99768],[-74.77069,10.9976],[-74.77064,10.99753],[-74.77059,10.99744],[-74.77052,10.99738],[-74.77045,10.99732],[-74.77039,10.99725],[-74.77032,10.99719],[-74.7703,10.99713],[-74.77029,10.9971],[-74.77023,10.99703],[-74.77018,10.99696],[-74.77012,10.99688],[-74.77004,10.99683],[-74.76995,10.99678],[-74.76988,10.99673],[-74.76981,10.99667],[-74.76975,10.99659],[-74.76971,10.9965],[-74.76964,10.99644],[-74.76955,10.99641],[-74.76946,10.9964],[-74.76943,10.99638],[-74.76938,10.99635],[-74.76932,10.99627],[-74.76931,10.99623],[-74.76929,10.99619],[-74.76923,10.99611],[-74.7692,10.99608],[-74.76916,10.99605],[-74.76907,10.99606],[-74.76903,10.99604],[-74.76903,10.99604],[-74.76898,10.99603],[-74.76889,10.99599],[-74.76883,10.99593],[-74.76879,10.99584],[-74.76876,10.99575],[-74.76871,10.99567],[-74.76869,10.99558],[-74.76869,10.99558],[-74.76869,10.99558],[-74.76872,10.9955],[-74.76872,10.99545],[-74.76871,10.99541],[-74.76865,10.99534],[-74.7686,10.99531],[-74.76856,10.99529],[-74.76848,10.99525],[-74.76843,10.99524],[-74.76843,10.99524],[-74.76839,10.99522],[-74.76836,10.99519],[-74.76833,10.99516],[-74.76827,10.99508],[-74.76819,10.99504],[-74.76809,10.995],[-74.768,10.99498],[-74.76792,10.99493],[-74.76786,10.99487],[-74.76785,10.99486],[-74.76784,10.99485],[-74.76778,10.9948],[-74.76772,10.99474],[-74.76772,10.99473],[-74.76765,10.99466],[-74.76757,10.99462],[-74.7675,10.99455],[-74.76743,10.99449],[-74.76742,10.99447],[-74.76737,10.99442],[-74.76733,10.99434],[-74.7673,10.99425],[-74.76728,10.9942],[-74.76727,10.99416],[-74.76723,10.99408],[-74.76715,10.99402],[-74.76707,10.99397],[-74.76706,10.99388],[-74.76702,10.99379],[-74.76694,10.99376],[-74.7669,10.99367],[-74.76685,10.9936],[-74.76677,10.99354],[-74.76673,10.99346],[-74.76668,10.99338],[-74.76666,10.99329],[-74.76659,10.99321],[-74.76652,10.99316],[-74.76649,10.99307],[-74.76647,10.99297],[-74.76643,10.99289],[-74.76638,10.99281],[-74.76631,10.99274],[-74.76626,10.99268],[-74.76625,10.99267],[-74.76621,10.99258],[-74.76619,10.99249],[-74.76618,10.9924],[-74.76614,10.99231],[-74.76611,10.99223],[-74.76608,10.99214],[-74.76606,10.99205],[-74.766,10.99198],[-74.76595,10.9919],[-74.76589,10.99183],[-74.76588,10.99174],[-74.76584,10.99165],[-74.76577,10.99159],[-74.76571,10.99152],[-74.76567,10.99143],[-74.76563,10.99135],[-74.76557,10.99128],[-74.76554,10.99119],[-74.76551,10.9911],[-74.76551,10.99101],[-74.76548,10.99092],[-74.76545,10.99083],[-74.76539,10.99075],[-74.76534,10.99067],[-74.76528,10.9906],[-74.76524,10.99052],[-74.7652,10.99043],[-74.76514,10.99036],[-74.76507,10.99029],[-74.76507,10.99028],[-74.76504,10.99019],[-74.76498,10.99012],[-74.76494,10.99004],[-74.7649,10.98996],[-74.76487,10.98989],[-74.76487,10.98987],[-74.76483,10.98978],[-74.76481,10.98969],[-74.76479,10.9896],[-74.76476,10.98951],[-74.76474,10.98942],[-74.76471,10.98934],[-74.76465,10.98926],[-74.76461,10.98918],[-74.76456,10.9891],[-74.76449,10.98904],[-74.7644,10.98903],[-74.76431,10.98897],[-74.76425,10.98891],[-74.76417,10.98886],[-74.76402,10.9887],[-74.76398,10.98862],[-74.76391,10.98855],[-74.7639,10.98846],[-74.76384,10.98839],[-74.76379,10.9883],[-74.76375,10.98821],[-74.76371,10.98813],[-74.76367,10.98805],[-74.76363,10.98797],[-74.76359,10.98788],[-74.76353,10.98781],[-74.76347,10.98773],[-74.76345,10.98764],[-74.7634,10.98755],[-74.76335,10.98747],[-74.76332,10.98739],[-74.76329,10.9873],[-74.76326,10.98721],[-74.76318,10.98717],[-74.76318,10.98717],[-74.76312,10.98709],[-74.76309,10.98701],[-74.76308,10.98692],[-74.76306,10.98683],[-74.76302,10.98674],[-74.76298,10.98666],[-74.76294,10.98658],[-74.76288,10.98651],[-74.76282,10.98643],[-74.76276,10.98636],[-74.76271,10.98628],[-74.76268,10.9862],[-74.76266,10.9861],[-74.76262,10.98602],[-74.76256,10.98595],[-74.7625,10.98587],[-74.76247,10.98578],[-74.76243,10.9857],[-74.76239,10.98562],[-74.76236,10.98553],[-74.76234,10.98544],[-74.76228,10.98537],[-74.76224,10.98529],[-74.7622,10.9852],[-74.76216,10.98512],[-74.76207,10.98508],[-74.76201,10.98515],[-74.76194,10.98509],[-74.762,10.98502],[-74.76205,10.98495],[-74.76202,10.98486],[-74.76196,10.98479],[-74.76191,10.98471],[-74.76187,10.98462],[-74.76184,10.98453],[-74.76181,10.98444],[-74.76178,10.98435],[-74.76178,10.98426],[-74.76176,10.98416],[-74.76176,10.98415],[-74.76177,10.98406],[-74.7617,10.98399],[-74.76167,10.98391],[-74.76159,10.98369],[-74.76153,10.98362],[-74.76151,10.98353],[-74.7615,10.98344],[-74.76148,10.98335],[-74.76146,10.98327],[-74.76143,10.98318],[-74.7614,10.98309],[-74.76137,10.98301],[-74.76133,10.98292],[-74.76131,10.98283],[-74.76127,10.98274],[-74.76125,10.98266],[-74.76121,10.98257],[-74.76116,10.98249],[-74.76113,10.98241],[-74.7611,10.98232],[-74.76108,10.98223],[-74.76106,10.98214],[-74.76105,10.98205],[-74.76098,10.98199],[-74.76093,10.98191],[-74.76089,10.98182],[-74.76088,10.98173],[-74.76086,10.98164],[-74.7608,10.98159],[-74.76077,10.98152],[-74.76076,10.98143],[-74.76073,10.98134],[-74.7607,10.98126],[-74.76055,10.98095],[-74.76061,10.98093],[-74.76057,10.98087],[-74.76055,10.98078],[-74.76053,10.98069],[-74.7605,10.9806],[-74.76049,10.98051],[-74.76046,10.98042],[-74.76041,10.98034],[-74.76038,10.98026],[-74.76036,10.98017],[-74.76035,10.98007],[-74.76032,10.97998],[-74.76031,10.97989],[-74.7603,10.9798],[-74.7603,10.97971],[-74.76032,10.97963],[-74.76032,10.97962],[-74.76028,10.97953],[-74.76024,10.97944],[-74.76022,10.97935],[-74.76022,10.97926],[-74.76022,10.97917],[-74.7602,10.97914],[-74.76014,10.97906],[-74.76003,10.97899],[-74.75998,10.97894],[-74.75995,10.97891],[-74.75994,10.97887],[-74.75994,10.97885],[-74.75994,10.97881],[-74.75991,10.97874],[-74.75989,10.97865],[-74.75989,10.97856],[-74.75988,10.97847],[-74.75988,10.97838],[-74.75984,10.97829],[-74.75979,10.97821],[-74.75977,10.97811],[-74.75977,10.97811],[-74.75975,10.97802],[-74.75974,10.97793],[-74.75972,10.97784],[-74.75973,10.97775],[-74.75979,10.97731],[-74.75992,10.97733],[-74.75993,10.97733],[-74.76196,10.97772],[-74.76264,10.97786],[-74.76307,10.97795],[-74.76346,10.97797],[-74.76383,10.97791],[-74.76419,10.97782],[-74.76488,10.97775],[-74.76581,10.97768],[-74.76645,10.97763],[-74.76702,10.97764],[-74.7678,10.97764],[-74.76866,10.97769],[-74.76916,10.97762],[-74.76922,10.97762],[-74.7692,10.97745],[-74.76872,10.97408],[-74.77007,10.97432],[-74.7722,10.97469],[-74.77224,10.97469],[-74.77286,10.97481],[-74.77367,10.97496],[-74.77409,10.97505],[-74.77432,10.97508],[-74.77457,10.97514],[-74.77493,10.97526],[-74.77523,10.97537],[-74.77534,10.9754],[-74.77547,10.97546],[-74.77565,10.97553],[-74.77589,10.97563],[-74.77606,10.9757],[-74.77611,10.97572],[-74.77614,10.97573],[-74.77643,10.97584],[-74.77676,10.97598],[-74.77724,10.97619],[-74.77733,10.97622],[-74.77762,10.97635],[-74.77791,10.97648],[-74.77801,10.97652],[-74.7781,10.97655],[-74.77836,10.97666],[-74.77881,10.97686],[-74.77938,10.97711],[-74.77988,10.97731],[-74.78063,10.9776],[-74.78114,10.9778],[-74.78135,10.97789],[-74.78176,10.97806],[-74.78204,10.97816],[-74.78229,10.97825],[-74.78288,10.97847],[-74.78353,10.97867],[-74.78374,10.97874],[-74.7841,10.97885],[-74.78426,10.9789],[-74.78467,10.97903],[-74.78469,10.97904],[-74.78514,10.9792],[-74.78563,10.97935],[-74.7861,10.97951],[-74.787,10.97979],[-74.7871,10.97981],[-74.78758,10.97994],[-74.78818,10.9801],[-74.78848,10.98018],[-74.78888,10.9803],[-74.78939,10.98044],[-74.78944,10.98044],[-74.79024,10.98065],[-74.7903,10.98065],[-74.79033,10.98052],[-74.79038,10.98034],[-74.79043,10.98015],[-74.79048,10.97997],[-74.79053,10.97976],[-74.79057,10.97962],[-74.79072,10.97966],[-74.79098,10.97973],[-74.79141,10.97983],[-74.79154,10.97936],[-74.79166,10.97892],[-74.7918,10.97896],[-74.79221,10.97907],[-74.7923,10.97909],[-74.79262,10.97917],[-74.79304,10.97928],[-74.79309,10.9793],[-74.79315,10.97931],[-74.79336,10.97936],[-74.7936,10.97942],[-74.79374,10.97946],[-74.79387,10.97949],[-74.7939,10.97917],[-74.79393,10.97902],[-74.794,10.97876],[-74.79403,10.97865],[-74.79406,10.97865],[-74.79428,10.97871],[-74.79443,10.97876],[-74.79454,10.97879],[-74.79487,10.97888],[-74.79511,10.97896],[-74.79529,10.97901],[-74.79553,10.97908],[-74.79583,10.97911],[-74.79587,10.97911],[-74.79596,10.97911],[-74.79582,10.97933],[-74.7959,10.97935],[-74.79598,10.97936],[-74.79606,10.97937],[-74.79615,10.97937],[-74.79623,10.97937],[-74.79631,10.97936],[-74.79639,10.97934],[-74.79647,10.97931],[-74.79654,10.97928],[-74.79662,10.97924],[-74.79668,10.97919],[-74.79675,10.97914],[-74.79681,10.97909],[-74.79686,10.97902],[-74.79713,10.97911],[-74.79739,10.97919],[-74.79776,10.97931],[-74.79797,10.97939],[-74.79818,10.97947],[-74.7984,10.97953],[-74.79888,10.97967],[-74.79905,10.97974]]]}},
{"type":"Feature","properties":{"nombre":"RIOMAR"},"geometry":{"type":"Polygon","coordinates":[[[-74.83928,11.01393],[-74.83926,11.01399],[-74.83916,11.01423],[-74.83914,11.01428],[-74.83911,11.01436],[-74.8391,11.01437],[-74.83891,11.01485],[-74.83871,11.01533],[-74.83861,11.01558],[-74.83858,11.01565],[-74.83855,11.01571],[-74.83855,11.01572],[-74.83851,11.01583],[-74.8385,11.01583],[-74.83841,11.01608],[-74.83832,11.01633],[-74.8379,11.01739],[-74.83769,11.01791],[-74.83748,11.01843],[-74.8373,11.01889],[-74.83729,11.0189],[-74.83727,11.01896],[-74.83714,11.01928],[-74.83712,11.01932],[-74.8371,11.01937],[-74.8369,11.01985],[-74.83687,11.01992],[-74.83674,11.02024],[-74.83668,11.02039],[-74.83664,11.02049],[-74.83657,11.02064],[-74.8364,11.02103],[-74.83623,11.02142],[-74.83606,11.02187],[-74.83588,11.02232],[-74.8357,11.02276],[-74.8357,11.02276],[-74.83542,11.02344],[-74.83497,11.02451],[-74.83483,11.02484],[-74.83471,11.02517],[-74.83458,11.0255],[-74.8343,11.02621],[-74.83418,11.02649],[-74.83401,11.02692],[-74.83382,11.02739],[-74.83379,11.02748],[-74.83357,11.02804],[-74.83338,11.02851],[-74.83337,11.02852],[-74.83316,11.02901],[-74.83305,11.02927],[-74.83294,11.02952],[-74.83282,11.02977],[-74.83269,11.03002],[-74.83256,11.03027],[-74.83243,11.03051],[-74.83226,11.03085],[-74.83208,11.03119],[-74.83191,11.03153],[-74.83178,11.03176],[-74.83164,11.03197],[-74.83163,11.03199],[-74.83163,11.032],[-74.8313,11.03247],[-74.83115,11.03269],[-74.83039,11.03382],[-74.83021,11.03404],[-74.83018,11.03407],[-74.82996,11.03433],[-74.82991,11.03439],[-74.82988,11.03443],[-74.82983,11.03449],[-74.82974,11.03459],[-74.82951,11.03484],[-74.82935,11.03503],[-74.82917,11.03521],[-74.82898,11.03542],[-74.82877,11.03563],[-74.8285,11.0359],[-74.82815,11.03624],[-74.82806,11.03632],[-74.82797,11.0364],[-74.82787,11.03651],[-74.82776,11.03661],[-74.82766,11.03671],[-74.82755,11.03682],[-74.82746,11.03691],[-74.82737,11.037],[-74.82737,11.03701],[-74.82732,11.03705],[-74.82727,11.0371],[-74.82722,11.03716],[-74.82718,11.03723],[-74.82714,11.0373],[-74.82711,11.03737],[-74.82708,11.03744],[-74.82706,11.03753],[-74.82704,11.03761],[-74.82703,11.03767],[-74.82701,11.03776],[-74.82699,11.03792],[-74.82698,11.03796],[-74.82697,11.03804],[-74.82697,11.0381],[-74.82695,11.03825],[-74.82693,11.03841],[-74.82692,11.03851],[-74.82692,11.03856],[-74.82692,11.03859],[-74.82692,11.03862],[-74.82693,11.03865],[-74.82694,11.03868],[-74.82696,11.03872],[-74.82699,11.03875],[-74.82702,11.03878],[-74.82705,11.03881],[-74.82709,11.03883],[-74.82712,11.03885],[-74.82712,11.03885],[-74.82715,11.03885],[-74.82718,11.03885],[-74.82722,11.03883],[-74.82726,11.03882],[-74.82734,11.03878],[-74.82734,11.03878],[-74.82742,11.03875],[-74.82751,11.03871],[-74.82753,11.0387],[-74.8277,11.03862],[-74.82798,11.03848],[-74.82834,11.03829],[-74.8284,11.03826],[-74.8284,11.03825],[-74.8285,11.03842],[-74.82855,11.03852],[-74.82857,11.03856],[-74.82864,11.03868],[-74.82872,11.0388],[-74.82875,11.03885],[-74.82878,11.03893],[-74.82884,11.03904],[-74.82886,11.03909],[-74.82891,11.03918],[-74.82895,11.03926],[-74.82897,11.03931],[-74.82901,11.03936],[-74.82907,11.03941],[-74.82914,11.03948],[-74.82921,11.03954],[-74.82927,11.03959],[-74.82929,11.0396],[-74.82932,11.03964],[-74.82937,11.03968],[-74.82941,11.03974],[-74.82944,11.03979],[-74.82951,11.03989],[-74.82954,11.03993],[-74.82956,11.03996],[-74.82962,11.04004],[-74.82966,11.0401],[-74.82969,11.04014],[-74.82971,11.04018],[-74.82973,11.04021],[-74.82979,11.04025],[-74.82984,11.04029],[-74.82988,11.04032],[-74.82991,11.04034],[-74.82997,11.04039],[-74.83003,11.04045],[-74.83007,11.04048],[-74.83009,11.04049],[-74.83011,11.04051],[-74.83015,11.04053],[-74.8302,11.04054],[-74.83026,11.04055],[-74.83034,11.04056],[-74.83035,11.04056],[-74.83042,11.04057],[-74.83056,11.04059],[-74.83064,11.0406],[-74.83072,11.04062],[-74.83077,11.04063],[-74.8308,11.04065],[-74.83082,11.04069],[-74.83083,11.04072],[-74.83082,11.04076],[-74.83081,11.04079],[-74.83079,11.04088],[-74.83078,11.04092],[-74.83074,11.04095],[-74.83074,11.04095],[-74.83065,11.04095],[-74.83055,11.04096],[-74.83045,11.04098],[-74.83036,11.04099],[-74.83026,11.04099],[-74.83017,11.04098],[-74.83008,11.04097],[-74.82998,11.04097],[-74.82989,11.04099],[-74.82982,11.04105],[-74.82977,11.04114],[-74.82974,11.0412],[-74.82973,11.04122],[-74.82965,11.04128],[-74.82959,11.04135],[-74.82953,11.04143],[-74.82951,11.04152],[-74.82952,11.04155],[-74.82952,11.04162],[-74.82952,11.04171],[-74.82949,11.04179],[-74.82952,11.04188],[-74.82961,11.04191],[-74.82968,11.04197],[-74.82974,11.04206],[-74.82979,11.04214],[-74.82982,11.04223],[-74.82983,11.04232],[-74.82987,11.04241],[-74.82995,11.04246],[-74.83002,11.04252],[-74.83008,11.0426],[-74.83013,11.04268],[-74.8302,11.04274],[-74.83019,11.04283],[-74.83012,11.04276],[-74.83007,11.04284],[-74.83007,11.04285],[-74.83005,11.04285],[-74.83,11.04293],[-74.83,11.04302],[-74.83001,11.04311],[-74.83002,11.0432],[-74.83003,11.0433],[-74.83001,11.04339],[-74.83003,11.04348],[-74.83006,11.04358],[-74.83012,11.04364],[-74.83015,11.04372],[-74.83015,11.04373],[-74.83011,11.04382],[-74.83004,11.04388],[-74.82997,11.04395],[-74.8299,11.04389],[-74.82981,11.04386],[-74.82987,11.04394],[-74.82993,11.04401],[-74.82991,11.0441],[-74.82984,11.04417],[-74.82975,11.04419],[-74.82972,11.0442],[-74.82966,11.0442],[-74.82957,11.0442],[-74.82948,11.04417],[-74.8294,11.04411],[-74.8294,11.04411],[-74.82932,11.04406],[-74.82912,11.04394],[-74.82816,11.04469],[-74.82843,11.04497],[-74.82824,11.04518],[-74.82819,11.04523],[-74.82819,11.04523],[-74.82819,11.04523],[-74.82817,11.04522],[-74.82812,11.04518],[-74.82805,11.04515],[-74.82803,11.04514],[-74.82802,11.04513],[-74.82796,11.04508],[-74.82787,11.04505],[-74.82779,11.04501],[-74.82771,11.04496],[-74.82763,11.04491],[-74.82761,11.04491],[-74.82761,11.0449],[-74.82755,11.04486],[-74.82747,11.04481],[-74.82741,11.04474],[-74.82737,11.04471],[-74.82734,11.04468],[-74.82732,11.04467],[-74.82727,11.04462],[-74.8272,11.04456],[-74.82712,11.04451],[-74.82707,11.04443],[-74.827,11.04437],[-74.82691,11.04433],[-74.82682,11.04429],[-74.82674,11.04423],[-74.82668,11.04415],[-74.82662,11.04408],[-74.82657,11.044],[-74.82656,11.04398],[-74.8265,11.04393],[-74.82642,11.04388],[-74.82636,11.04381],[-74.8263,11.04374],[-74.82622,11.04369],[-74.82613,11.04366],[-74.82605,11.04361],[-74.82598,11.04355],[-74.8259,11.04351],[-74.82583,11.04344],[-74.82574,11.0434],[-74.82566,11.04335],[-74.82564,11.04326],[-74.82559,11.04318],[-74.82552,11.04312],[-74.82547,11.04317],[-74.82543,11.04313],[-74.82538,11.04305],[-74.82529,11.04301],[-74.82521,11.04297],[-74.82517,11.04296],[-74.82514,11.04303],[-74.82508,11.04299],[-74.82511,11.04295],[-74.82511,11.04295],[-74.82445,11.04263],[-74.82435,11.04263],[-74.82432,11.04272],[-74.82429,11.04274],[-74.82428,11.04275],[-74.82428,11.04275],[-74.82425,11.04278],[-74.82418,11.04285],[-74.82415,11.04293],[-74.82405,11.04296],[-74.82399,11.04289],[-74.82396,11.04281],[-74.82392,11.04272],[-74.82385,11.04265],[-74.82382,11.04256],[-74.82379,11.04251],[-74.82377,11.04248],[-74.82373,11.04239],[-74.82368,11.04231],[-74.82362,11.04223],[-74.82353,11.0422],[-74.82344,11.04219],[-74.82336,11.04214],[-74.82327,11.04209],[-74.82319,11.04205],[-74.82313,11.042],[-74.82313,11.042],[-74.82312,11.04199],[-74.82303,11.04197],[-74.82294,11.04195],[-74.82292,11.04194],[-74.82285,11.04193],[-74.82276,11.0419],[-74.82268,11.04184],[-74.82262,11.04177],[-74.82259,11.04177],[-74.82254,11.04173],[-74.82245,11.0417],[-74.82235,11.04168],[-74.82227,11.04164],[-74.82218,11.04161],[-74.82209,11.04158],[-74.822,11.04154],[-74.82191,11.04151],[-74.82182,11.0415],[-74.82173,11.04147],[-74.82164,11.04143],[-74.82155,11.04141],[-74.82146,11.04138],[-74.82144,11.04137],[-74.82137,11.04137],[-74.82128,11.04134],[-74.82122,11.04127],[-74.82113,11.04124],[-74.82104,11.04122],[-74.82095,11.0412],[-74.82091,11.0412],[-74.82086,11.04121],[-74.82085,11.04121],[-74.82085,11.04121],[-74.82084,11.04121],[-74.82084,11.04121],[-74.82077,11.04116],[-74.82068,11.04112],[-74.8206,11.04111],[-74.8206,11.04111],[-74.82059,11.04111],[-74.82051,11.04116],[-74.82042,11.04118],[-74.82038,11.04109],[-74.82033,11.04101],[-74.82027,11.04094],[-74.8202,11.04087],[-74.82013,11.04081],[-74.82003,11.04082],[-74.81995,11.04085],[-74.81988,11.04078],[-74.81981,11.04072],[-74.81972,11.04075],[-74.81964,11.0407],[-74.81958,11.04062],[-74.81959,11.04053],[-74.81966,11.04047],[-74.8197,11.04039],[-74.8197,11.04039],[-74.81971,11.04039],[-74.81967,11.0403],[-74.81963,11.04022],[-74.81959,11.04013],[-74.81957,11.04004],[-74.81949,11.03998],[-74.81941,11.03993],[-74.81933,11.03988],[-74.81925,11.03983],[-74.81925,11.03983],[-74.81916,11.03979],[-74.81909,11.03974],[-74.81901,11.03968],[-74.81893,11.03963],[-74.81887,11.03958],[-74.81885,11.03957],[-74.81881,11.03949],[-74.81875,11.03942],[-74.81868,11.03935],[-74.81863,11.03927],[-74.81857,11.0392],[-74.81849,11.03914],[-74.81842,11.03908],[-74.81835,11.03902],[-74.8183,11.0391],[-74.8183,11.0391],[-74.81792,11.03888],[-74.81792,11.03888],[-74.8174,11.03857],[-74.81745,11.03848],[-74.81745,11.03848],[-74.81745,11.03847],[-74.81741,11.03837],[-74.81735,11.03841],[-74.81735,11.03841],[-74.81726,11.03847],[-74.81705,11.03832],[-74.81708,11.03826],[-74.81699,11.03822],[-74.81699,11.03822],[-74.81692,11.03818],[-74.81685,11.03825],[-74.81685,11.03825],[-74.81685,11.03826],[-74.81666,11.03812],[-74.81654,11.03802],[-74.81654,11.03802],[-74.81646,11.0381],[-74.81572,11.03758],[-74.81511,11.03705],[-74.81439,11.0365],[-74.81432,11.03643],[-74.81426,11.03636],[-74.81425,11.03635],[-74.81418,11.03625],[-74.81406,11.03621],[-74.81399,11.03618],[-74.81392,11.03612],[-74.81383,11.03608],[-74.8138,11.03607],[-74.81374,11.03604],[-74.81365,11.036],[-74.81357,11.03597],[-74.81348,11.03593],[-74.81341,11.03587],[-74.81333,11.03582],[-74.81325,11.03577],[-74.81316,11.03574],[-74.81307,11.03571],[-74.81298,11.03568],[-74.8129,11.03564],[-74.81281,11.03559],[-74.81272,11.03556],[-74.81264,11.03552],[-74.81255,11.03549],[-74.81246,11.03545],[-74.81238,11.03542],[-74.81229,11.03537],[-74.81221,11.03533],[-74.81214,11.03527],[-74.81206,11.03521],[-74.81198,11.03516],[-74.81189,11.03512],[-74.81181,11.03508],[-74.81173,11.03502],[-74.81166,11.03497],[-74.81158,11.03492],[-74.81149,11.03488],[-74.81141,11.03484],[-74.81136,11.03476],[-74.81127,11.03475],[-74.81118,11.0347],[-74.81111,11.03465],[-74.81103,11.03459],[-74.81095,11.03456],[-74.81094,11.03457],[-74.81091,11.03454],[-74.81083,11.03448],[-74.8108,11.03447],[-74.81056,11.03435],[-74.81047,11.0343],[-74.81039,11.03426],[-74.81031,11.03423],[-74.8103,11.03422],[-74.81021,11.03418],[-74.81013,11.03413],[-74.81004,11.0341],[-74.80996,11.03406],[-74.80987,11.03402],[-74.80979,11.03398],[-74.8097,11.03394],[-74.80965,11.03386],[-74.80964,11.03377],[-74.80954,11.03375],[-74.80948,11.03369],[-74.80938,11.03366],[-74.80929,11.03364],[-74.80922,11.03357],[-74.80914,11.03354],[-74.80905,11.03351],[-74.80896,11.03351],[-74.80887,11.03346],[-74.80879,11.03342],[-74.80872,11.03335],[-74.80863,11.03333],[-74.80855,11.0333],[-74.80846,11.03325],[-74.80838,11.03322],[-74.80829,11.03319],[-74.80821,11.03314],[-74.80814,11.03308],[-74.80806,11.03303],[-74.80798,11.03299],[-74.8079,11.03294],[-74.8078,11.03291],[-74.80773,11.03286],[-74.80764,11.0328],[-74.80755,11.03278],[-74.80752,11.03281],[-74.80749,11.03277],[-74.80747,11.03268],[-74.80737,11.03266],[-74.80729,11.03262],[-74.8072,11.03258],[-74.80712,11.03253],[-74.80704,11.03248],[-74.80696,11.03243],[-74.80689,11.03237],[-74.80682,11.03231],[-74.80677,11.03222],[-74.80675,11.0322],[-74.8067,11.03217],[-74.80669,11.03216],[-74.80662,11.03212],[-74.80652,11.03211],[-74.80643,11.03211],[-74.80634,11.03208],[-74.80626,11.03203],[-74.80617,11.03199],[-74.80609,11.03195],[-74.806,11.0319],[-74.80592,11.03186],[-74.80584,11.03182],[-74.80575,11.03178],[-74.80568,11.03172],[-74.8056,11.03168],[-74.80552,11.03162],[-74.80544,11.03158],[-74.80535,11.03154],[-74.80526,11.0315],[-74.80518,11.03147],[-74.8051,11.03142],[-74.80502,11.03137],[-74.80494,11.03132],[-74.80485,11.03128],[-74.80485,11.03128],[-74.80475,11.03125],[-74.80468,11.03119],[-74.8046,11.03114],[-74.80452,11.03109],[-74.80443,11.03105],[-74.80435,11.031],[-74.80427,11.03095],[-74.80421,11.03089],[-74.80412,11.03084],[-74.80404,11.0308],[-74.80397,11.03074],[-74.80386,11.03068],[-74.80386,11.03068],[-74.80377,11.03065],[-74.80369,11.03059],[-74.80364,11.03052],[-74.80354,11.03049],[-74.80345,11.03046],[-74.80336,11.03044],[-74.80334,11.03043],[-74.80334,11.03043],[-74.80328,11.0304],[-74.80321,11.03033],[-74.80313,11.03028],[-74.80305,11.03023],[-74.80298,11.0302],[-74.80298,11.0302],[-74.80297,11.03019],[-74.80289,11.03014],[-74.80281,11.03008],[-74.80274,11.03001],[-74.80269,11.02994],[-74.80262,11.02988],[-74.80253,11.02985],[-74.80246,11.02982],[-74.80244,11.02982],[-74.80236,11.02978],[-74.80227,11.02974],[-74.80221,11.02967],[-74.80217,11.02963],[-74.80215,11.02961],[-74.80208,11.02968],[-74.80205,11.0297],[-74.80204,11.02969],[-74.80151,11.02925],[-74.80144,11.0292],[-74.80147,11.02915],[-74.80151,11.02909],[-74.80142,11.02903],[-74.80141,11.02904],[-74.80139,11.02905],[-74.80143,11.02911],[-74.80131,11.02919],[-74.80105,11.02889],[-74.80111,11.02883],[-74.80106,11.0288],[-74.80103,11.02883],[-74.80093,11.02872],[-74.80042,11.02815],[-74.80052,11.02802],[-74.80049,11.02799],[-74.80045,11.0279],[-74.80041,11.02781],[-74.80035,11.0277],[-74.80063,11.02685],[-74.80075,11.0265],[-74.80082,11.02629],[-74.80085,11.02624],[-74.80089,11.02617],[-74.80099,11.02597],[-74.80108,11.02573],[-74.80112,11.02558],[-74.80122,11.02528],[-74.80127,11.02513],[-74.80133,11.02502],[-74.8014,11.02493],[-74.80145,11.02487],[-74.80204,11.02439],[-74.80224,11.02408],[-74.80242,11.02374],[-74.80242,11.02373],[-74.80245,11.02367],[-74.80247,11.02361],[-74.8025,11.02355],[-74.80252,11.02352],[-74.8027,11.02313],[-74.80287,11.02291],[-74.80309,11.02272],[-74.80437,11.02158],[-74.80493,11.02109],[-74.80512,11.02102],[-74.8063,11.02064],[-74.80634,11.02063],[-74.80617,11.02037],[-74.80611,11.02028],[-74.80647,11.01999],[-74.80676,11.01975],[-74.80676,11.01975],[-74.80693,11.01959],[-74.80702,11.01951],[-74.80753,11.01895],[-74.80797,11.01908],[-74.808,11.01906],[-74.80803,11.01904],[-74.80804,11.01901],[-74.80805,11.01897],[-74.80811,11.01899],[-74.80859,11.01911],[-74.80893,11.0192],[-74.80916,11.01926],[-74.80924,11.01928],[-74.80935,11.01917],[-74.80961,11.01887],[-74.80967,11.0188],[-74.80971,11.01875],[-74.80976,11.01868],[-74.81013,11.01817],[-74.81045,11.01773],[-74.81056,11.0176],[-74.81059,11.01756],[-74.81072,11.01737],[-74.81075,11.0173],[-74.81083,11.01697],[-74.81084,11.01694],[-74.81086,11.01688],[-74.81101,11.0163],[-74.8105,11.01618],[-74.81022,11.01611],[-74.80984,11.01602],[-74.80916,11.01584],[-74.80869,11.01573],[-74.80874,11.0156],[-74.8088,11.01542],[-74.80887,11.01524],[-74.80891,11.01513],[-74.80899,11.01499],[-74.80925,11.01453],[-74.80959,11.01393],[-74.80992,11.0133],[-74.81,11.01311],[-74.81009,11.01293],[-74.81029,11.0125],[-74.81033,11.01244],[-74.81039,11.01236],[-74.81046,11.01227],[-74.81055,11.01216],[-74.81066,11.01204],[-74.81079,11.01189],[-74.81072,11.01186],[-74.81064,11.01184],[-74.81049,11.01179],[-74.81035,11.01176],[-74.81027,11.01174],[-74.81041,11.0116],[-74.81057,11.01143],[-74.81075,11.01124],[-74.81091,11.01108],[-74.81097,11.011],[-74.81099,11.01093],[-74.81113,11.01045],[-74.8112,11.01021],[-74.81145,11.00941],[-74.81147,11.00935],[-74.81165,11.00883],[-74.81172,11.00864],[-74.81175,11.00854],[-74.81182,11.00839],[-74.81191,11.00824],[-74.81198,11.00812],[-74.81207,11.00799],[-74.81212,11.00792],[-74.81231,11.008],[-74.81306,11.00834],[-74.81383,11.00869],[-74.81396,11.00875],[-74.81369,11.00896],[-74.81326,11.00931],[-74.81342,11.00939],[-74.81481,11.01001],[-74.81515,11.01018],[-74.81523,11.01006],[-74.81536,11.00989],[-74.81552,11.00967],[-74.81563,11.00953],[-74.81572,11.00942],[-74.81581,11.0093],[-74.81595,11.00911],[-74.81607,11.00895],[-74.81618,11.00881],[-74.81626,11.00871],[-74.81635,11.0086],[-74.81643,11.0085],[-74.81656,11.00839],[-74.81659,11.00837],[-74.81663,11.00834],[-74.81668,11.00829],[-74.81678,11.00821],[-74.81686,11.00814],[-74.817,11.00803],[-74.8171,11.00793],[-74.81715,11.00788],[-74.81721,11.00782],[-74.81729,11.00777],[-74.81758,11.00762],[-74.81782,11.00751],[-74.81802,11.00742],[-74.81819,11.00733],[-74.81828,11.00729],[-74.81816,11.00723],[-74.81675,11.00658],[-74.81708,11.00591],[-74.81718,11.00571],[-74.81722,11.0056],[-74.81748,11.00505],[-74.81754,11.00491],[-74.81758,11.00483],[-74.81783,11.0043],[-74.81798,11.00399],[-74.81799,11.00394],[-74.81819,11.00351],[-74.81839,11.0031],[-74.81844,11.003],[-74.81865,11.00255],[-74.81874,11.00238],[-74.81885,11.00243],[-74.819,11.0025],[-74.81919,11.0026],[-74.81939,11.00269],[-74.81956,11.00277],[-74.81973,11.00283],[-74.81994,11.00288],[-74.82022,11.00295],[-74.82037,11.00297],[-74.82052,11.003],[-74.82069,11.00302],[-74.82076,11.00303],[-74.82085,11.00305],[-74.82103,11.00306],[-74.8214,11.00309],[-74.82185,11.00311],[-74.82233,11.00311],[-74.82275,11.00313],[-74.82286,11.00313],[-74.823,11.00313],[-74.82318,11.00314],[-74.82331,11.00314],[-74.82341,11.00314],[-74.82351,11.00313],[-74.82363,11.00313],[-74.82372,11.00313],[-74.82399,11.00311],[-74.82416,11.0031],[-74.82434,11.00309],[-74.82451,11.00309],[-74.82461,11.0031],[-74.8249,11.00317],[-74.82604,11.00348],[-74.82635,11.00356],[-74.82648,11.0036],[-74.82658,11.00362],[-74.82707,11.00375],[-74.8272,11.00379],[-74.82731,11.00382],[-74.82756,11.00389],[-74.82774,11.00393],[-74.82788,11.00397],[-74.82799,11.00399],[-74.82807,11.00401],[-74.82817,11.00405],[-74.82826,11.0041],[-74.82834,11.00415],[-74.82835,11.00415],[-74.82843,11.0042],[-74.8285,11.00426],[-74.82857,11.00432],[-74.82864,11.00438],[-74.82871,11.00445],[-74.8288,11.00455],[-74.82885,11.00459],[-74.8289,11.00462],[-74.82898,11.00467],[-74.82977,11.00503],[-74.82982,11.00505],[-74.83004,11.00517],[-74.83023,11.00527],[-74.83031,11.00531],[-74.83029,11.00536],[-74.83007,11.00582],[-74.82997,11.00604],[-74.83021,11.00615],[-74.83109,11.00659],[-74.83173,11.00693],[-74.83305,11.00764],[-74.83387,11.00808],[-74.83654,11.00951],[-74.83721,11.00986],[-74.83735,11.00994],[-74.83801,11.0103],[-74.84015,11.01145],[-74.84017,11.01146],[-74.84023,11.01149],[-74.84023,11.01149],[-74.84024,11.01149],[-74.84024,11.0115],[-74.84023,11.0115],[-74.84022,11.0115],[-74.84016,11.01165],[-74.83998,11.0121],[-74.83997,11.01214],[-74.83963,11.01299],[-74.83949,11.01332],[-74.83936,11.01372],[-74.83928,11.01393]]]}},
{"type":"Feature","properties":{"nombre":"SUROCCIDENTE"},"geometry":{"type":"MultiPolygon","coordinates":[[[[-74.86605,10.95994],[-74.86414,10.95828],[-74.86267,10.95994],[-74.86131,10.95874],[-74.86196,10.95798],[-74.86323,10.95795],[-74.86432,10.95788],[-74.86553,10.95656],[-74.86602,10.95605],[-74.86614,10.95598],[-74.86671,10.95603],[-74.86679,10.95604],[-74.8668,10.95604],[-74.86681,10.95604],[-74.86682,10.95612],[-74.86682,10.95612],[-74.86684,10.9562],[-74.86732,10.95873],[-74.86605,10.95994]]],[[[-74.79208,10.97505],[-74.79224,10.9746],[-74.79202,10.97443],[-74.79163,10.97416],[-74.79132,10.97405],[-74.79113,10.97398],[-74.79092,10.97391],[-74.79071,10.97382],[-74.79039,10.97372],[-74.79007,10.97362],[-74.78951,10.9734],[-74.7893,10.97332],[-74.78904,10.97323],[-74.789,10.97321],[-74.78902,10.97312],[-74.78934,10.97205],[-74.78936,10.97199],[-74.78938,10.97191],[-74.78963,10.97111],[-74.78985,10.97036],[-74.78989,10.97024],[-74.78992,10.97011],[-74.79,10.9697],[-74.79004,10.96956],[-74.79049,10.96809],[-74.7905,10.96804],[-74.79042,10.96799],[-74.78997,10.96787],[-74.78987,10.96784],[-74.78977,10.96781],[-74.78928,10.96768],[-74.78915,10.96764],[-74.78907,10.96762],[-74.78867,10.96751],[-74.78848,10.96745],[-74.78837,10.96741],[-74.78816,10.96734],[-74.78805,10.9673],[-74.78831,10.96715],[-74.78881,10.9669],[-74.789,10.96676],[-74.78916,10.9667],[-74.7893,10.96661],[-74.78945,10.96651],[-74.7896,10.96638],[-74.78974,10.96622],[-74.78991,10.96598],[-74.79001,10.96581],[-74.7901,10.96568],[-74.79022,10.96555],[-74.79035,10.96543],[-74.79067,10.96518],[-74.79072,10.96515],[-74.79076,10.96512],[-74.79091,10.96499],[-74.79109,10.96488],[-74.79156,10.96463],[-74.79171,10.96455],[-74.79191,10.96445],[-74.79204,10.9644],[-74.79236,10.96426],[-74.79258,10.96415],[-74.79283,10.96402],[-74.79302,10.96392],[-74.79323,10.96384],[-74.79361,10.96364],[-74.79401,10.96345],[-74.79416,10.96337],[-74.7943,10.9633],[-74.79448,10.96322],[-74.7946,10.96316],[-74.79481,10.96306],[-74.79504,10.96297],[-74.79521,10.96297],[-74.79534,10.96296],[-74.79565,10.96295],[-74.79576,10.96294],[-74.79597,10.96292],[-74.79624,10.9629],[-74.79664,10.96286],[-74.79691,10.96284],[-74.79721,10.96282],[-74.79724,10.96282],[-74.79727,10.96282],[-74.79738,10.9628],[-74.79775,10.96275],[-74.79781,10.96274],[-74.79793,10.96271],[-74.79806,10.96268],[-74.7982,10.96264],[-74.79833,10.96259],[-74.79841,10.96256],[-74.79879,10.96236],[-74.79881,10.96234],[-74.79891,10.96228],[-74.79897,10.96224],[-74.79919,10.9621],[-74.79925,10.96207],[-74.79936,10.96199],[-74.79979,10.96171],[-74.80023,10.96143],[-74.80035,10.96134],[-74.80043,10.96141],[-74.80053,10.96147],[-74.80065,10.96157],[-74.80082,10.96163],[-74.80095,10.96165],[-74.80129,10.96168],[-74.80159,10.96172],[-74.80172,10.96174],[-74.80185,10.96181],[-74.80224,10.96216],[-74.80229,10.96219],[-74.80233,10.96222],[-74.80239,10.96225],[-74.80244,10.96227],[-74.80247,10.96228],[-74.80254,10.9623],[-74.80261,10.96231],[-74.80268,10.96232],[-74.80275,10.96232],[-74.80283,10.96231],[-74.8029,10.9623],[-74.80297,10.96228],[-74.80304,10.96225],[-74.80311,10.96222],[-74.80327,10.96213],[-74.80329,10.96209],[-74.80329,10.96207],[-74.80328,10.96196],[-74.80327,10.96187],[-74.80327,10.96178],[-74.80339,10.96147],[-74.80348,10.96123],[-74.80355,10.96105],[-74.80364,10.9608],[-74.8037,10.96063],[-74.80373,10.96056],[-74.80376,10.96049],[-74.8038,10.96041],[-74.80383,10.96035],[-74.80392,10.96016],[-74.80403,10.95992],[-74.80439,10.95921],[-74.80447,10.95909],[-74.80492,10.9585],[-74.80499,10.95841],[-74.80534,10.95795],[-74.80573,10.95732],[-74.80609,10.95672],[-74.80581,10.95654],[-74.80587,10.95648],[-74.80594,10.95641],[-74.80599,10.95635],[-74.80607,10.95626],[-74.80639,10.95592],[-74.80709,10.95523],[-74.80718,10.95514],[-74.80727,10.95504],[-74.80738,10.95494],[-74.80753,10.9548],[-74.8077,10.9546],[-74.80785,10.95445],[-74.80809,10.9542],[-74.8082,10.95408],[-74.80825,10.95403],[-74.80856,10.95372],[-74.80869,10.95359],[-74.80886,10.95341],[-74.80923,10.95303],[-74.80955,10.9527],[-74.80988,10.95236],[-74.81009,10.95213],[-74.81025,10.95197],[-74.81041,10.95182],[-74.81064,10.95158],[-74.8108,10.95141],[-74.81083,10.95137],[-74.81092,10.95129],[-74.81099,10.95121],[-74.8112,10.95102],[-74.81135,10.95086],[-74.81146,10.95075],[-74.81158,10.95061],[-74.81179,10.9504],[-74.81189,10.9503],[-74.81235,10.94985],[-74.81246,10.94971],[-74.8126,10.94958],[-74.8128,10.94939],[-74.81298,10.94923],[-74.81315,10.94909],[-74.81334,10.94894],[-74.81346,10.94885],[-74.81358,10.94876],[-74.81389,10.94855],[-74.81417,10.94839],[-74.81451,10.94821],[-74.81524,10.94789],[-74.81541,10.94783],[-74.81552,10.94779],[-74.81603,10.94761],[-74.81618,10.94756],[-74.81649,10.94746],[-74.81654,10.94744],[-74.81664,10.9474],[-74.81679,10.94735],[-74.81695,10.94729],[-74.81707,10.94726],[-74.81719,10.94721],[-74.8175,10.94711],[-74.81792,10.94697],[-74.81805,10.94693],[-74.8183,10.94684],[-74.81837,10.94682],[-74.81848,10.94678],[-74.81875,10.94669],[-74.81883,10.94667],[-74.81915,10.94657],[-74.81938,10.94649],[-74.82004,10.94626],[-74.82045,10.94612],[-74.82178,10.94568],[-74.82187,10.94565],[-74.82263,10.94538],[-74.8228,10.94533],[-74.82306,10.94523],[-74.82306,10.94523],[-74.82307,10.94523],[-74.82391,10.94495],[-74.82462,10.94472],[-74.82468,10.9447],[-74.82473,10.94468],[-74.82551,10.94445],[-74.82591,10.94437],[-74.82652,10.94423],[-74.82704,10.94412],[-74.82745,10.94403],[-74.82751,10.94402],[-74.82754,10.94401],[-74.82798,10.94393],[-74.829,10.94372],[-74.82957,10.9436],[-74.82968,10.94357],[-74.83016,10.94348],[-74.83044,10.94343],[-74.83104,10.94332],[-74.83134,10.94324],[-74.83166,10.94321],[-74.83203,10.94319],[-74.83232,10.9432],[-74.83325,10.94328],[-74.83335,10.94329],[-74.83341,10.94329],[-74.83372,10.94332],[-74.83373,10.94332],[-74.83373,10.94332],[-74.83372,10.94333],[-74.83371,10.94349],[-74.83365,10.94398],[-74.83357,10.94471],[-74.83354,10.94506],[-74.8335,10.94544],[-74.83347,10.94571],[-74.83347,10.94571],[-74.83346,10.94579],[-74.83346,10.94588],[-74.83343,10.94629],[-74.83342,10.9466],[-74.83342,10.94688],[-74.83345,10.94718],[-74.8335,10.94743],[-74.83353,10.94757],[-74.83361,10.948],[-74.83364,10.94811],[-74.83366,10.9482],[-74.83369,10.94832],[-74.83378,10.94862],[-74.8338,10.94872],[-74.83382,10.94878],[-74.83385,10.94886],[-74.83391,10.94907],[-74.83394,10.94918],[-74.83397,10.9493],[-74.83401,10.94943],[-74.83404,10.94952],[-74.83406,10.94961],[-74.83421,10.9501],[-74.83438,10.95069],[-74.83465,10.95162],[-74.83471,10.95183],[-74.83484,10.9523],[-74.83497,10.95273],[-74.83509,10.95296],[-74.83509,10.95296],[-74.8351,10.95299],[-74.83511,10.95302],[-74.83512,10.95306],[-74.83528,10.95358],[-74.83542,10.95407],[-74.83548,10.95426],[-74.83567,10.95495],[-74.8357,10.95506],[-74.83596,10.95594],[-74.83607,10.95633],[-74.83625,10.95697],[-74.83644,10.95761],[-74.83652,10.95788],[-74.83685,10.95905],[-74.83685,10.95905],[-74.83899,10.95868],[-74.83908,10.95867],[-74.8391,10.95866],[-74.84305,10.95798],[-74.84306,10.95798],[-74.84306,10.95798],[-74.84361,10.96153],[-74.84361,10.96153],[-74.84373,10.96232],[-74.84342,10.96237],[-74.84342,10.96237],[-74.84341,10.96246],[-74.84341,10.9625],[-74.84341,10.96255],[-74.84326,10.96495],[-74.8432,10.96598],[-74.84319,10.96613],[-74.84318,10.96645],[-74.84316,10.96664],[-74.84319,10.96696],[-74.8432,10.96701],[-74.84321,10.96743],[-74.84317,10.96763],[-74.84311,10.96795],[-74.84316,10.968],[-74.84325,10.96808],[-74.84318,10.96835],[-74.84318,10.96835],[-74.84318,10.96837],[-74.84314,10.96853],[-74.84308,10.96882],[-74.84308,10.96882],[-74.84308,10.96884],[-74.84308,10.96886],[-74.84308,10.96888],[-74.84308,10.96915],[-74.84308,10.96916],[-74.84308,10.96918],[-74.84308,10.96919],[-74.8431,10.96932],[-74.84311,10.96937],[-74.84311,10.96938],[-74.84312,10.96938],[-74.84312,10.9694],[-74.84312,10.96941],[-74.84313,10.96942],[-74.84315,10.96951],[-74.84316,10.96952],[-74.84316,10.96953],[-74.84317,10.96955],[-74.84317,10.96955],[-74.84326,10.96973],[-74.84327,10.96974],[-74.84328,10.96976],[-74.84329,10.96977],[-74.84329,10.96978],[-74.84346,10.96998],[-74.84346,10.96999],[-74.84347,10.96999],[-74.84373,10.97027],[-74.84374,10.97028],[-74.84374,10.97028],[-74.84393,10.97047],[-74.84375,10.97062],[-74.84411,10.97106],[-74.84429,10.97348],[-74.84447,10.9736],[-74.84647,10.97501],[-74.84649,10.97502],[-74.84666,10.97514],[-74.84719,10.97551],[-74.84724,10.97555],[-74.84768,10.97584],[-74.84781,10.97592],[-74.8484,10.97632],[-74.84865,10.97648],[-74.85018,10.97575],[-74.85034,10.97568],[-74.85042,10.9757],[-74.85051,10.97573],[-74.8506,10.97575],[-74.85068,10.97579],[-74.85072,10.97583],[-74.85077,10.97587],[-74.85079,10.9759],[-74.8508,10.97594],[-74.8508,10.97598],[-74.85078,10.97601],[-74.85076,10.97605],[-74.85071,10.97607],[-74.85064,10.97611],[-74.8506,10.97613],[-74.85056,10.97616],[-74.85054,10.97619],[-74.85053,10.97622],[-74.85053,10.97625],[-74.85053,10.97629],[-74.85052,10.97634],[-74.85051,10.9764],[-74.8505,10.97649],[-74.85051,10.97653],[-74.8505,10.97657],[-74.85049,10.97659],[-74.85049,10.97662],[-74.85042,10.97688],[-74.8504,10.97698],[-74.85039,10.97704],[-74.85039,10.97708],[-74.8504,10.97712],[-74.8504,10.97713],[-74.85042,10.97719],[-74.85044,10.97726],[-74.85044,10.97731],[-74.85044,10.97735],[-74.85044,10.97739],[-74.85041,10.97747],[-74.85038,10.97761],[-74.85036,10.97769],[-74.85036,10.97775],[-74.85035,10.9778],[-74.85035,10.97782],[-74.85035,10.97784],[-74.85036,10.97789],[-74.85038,10.97793],[-74.85039,10.97796],[-74.8504,10.97799],[-74.85041,10.97803],[-74.85043,10.97807],[-74.85046,10.97813],[-74.85046,10.97814],[-74.85041,10.97816],[-74.85032,10.9782],[-74.84946,10.97862],[-74.8494,10.97865],[-74.84962,10.97962],[-74.84953,10.97966],[-74.84645,10.98107],[-74.83848,10.98304],[-74.8383,10.98298],[-74.83811,10.98292],[-74.83792,10.98286],[-74.83773,10.98282],[-74.83754,10.98278],[-74.83735,10.98274],[-74.83714,10.98271],[-74.83693,10.98269],[-74.83672,10.98267],[-74.83651,10.98266],[-74.8363,10.98266],[-74.83609,10.98267],[-74.836,10.98267],[-74.83469,10.98278],[-74.83453,10.9828],[-74.83433,10.98282],[-74.83419,10.98283],[-74.83363,10.98287],[-74.83295,10.98293],[-74.83283,10.98295],[-74.83272,10.98297],[-74.83264,10.983],[-74.83255,10.98303],[-74.83246,10.98308],[-74.83235,10.98315],[-74.83225,10.98323],[-74.83219,10.9833],[-74.83213,10.98336],[-74.83191,10.98368],[-74.83067,10.98526],[-74.83021,10.98584],[-74.82994,10.98618],[-74.82989,10.98625],[-74.82983,10.98632],[-74.82977,10.98639],[-74.8297,10.98645],[-74.82963,10.98651],[-74.82955,10.98656],[-74.82947,10.98661],[-74.8294,10.98665],[-74.82932,10.98668],[-74.82925,10.9867],[-74.82917,10.98672],[-74.82908,10.98674],[-74.829,10.98675],[-74.82892,10.98675],[-74.82884,10.98675],[-74.82876,10.98674],[-74.82867,10.98672],[-74.82859,10.9867],[-74.82853,10.98668],[-74.82852,10.98667],[-74.82851,10.98667],[-74.8285,10.98666],[-74.82847,10.98665],[-74.82843,10.98663],[-74.82842,10.98663],[-74.82842,10.98662],[-74.82842,10.98662],[-74.82838,10.9866],[-74.82834,10.98658],[-74.82834,10.98658],[-74.82833,10.98658],[-74.8283,10.98655],[-74.82826,10.98653],[-74.82826,10.98652],[-74.82826,10.98652],[-74.82822,10.98649],[-74.82819,10.98647],[-74.82819,10.98647],[-74.82818,10.98646],[-74.82815,10.98643],[-74.82812,10.9864],[-74.82812,10.9864],[-74.82812,10.9864],[-74.82808,10.98636],[-74.82805,10.98633],[-74.82805,10.98633],[-74.82805,10.98633],[-74.82802,10.98629],[-74.828,10.98626],[-74.82799,10.98626],[-74.82799,10.98626],[-74.82796,10.98621],[-74.82794,10.98618],[-74.82794,10.98618],[-74.82794,10.98618],[-74.82791,10.98613],[-74.8279,10.9861],[-74.8279,10.9861],[-74.8279,10.9861],[-74.82786,10.98601],[-74.82781,10.98588],[-74.82775,10.98574],[-74.82769,10.98561],[-74.82762,10.98548],[-74.82755,10.98535],[-74.82746,10.98523],[-74.8274,10.98515],[-74.82733,10.98508],[-74.82725,10.98501],[-74.82717,10.98495],[-74.82708,10.9849],[-74.82699,10.98485],[-74.8269,10.98481],[-74.82681,10.98477],[-74.82675,10.98476],[-74.82642,10.98469],[-74.82586,10.9847],[-74.82487,10.98477],[-74.82381,10.98485],[-74.82348,10.98489],[-74.82327,10.98492],[-74.82292,10.98503],[-74.82282,10.98507],[-74.82129,10.98609],[-74.8211,10.98621],[-74.82099,10.98629],[-74.82013,10.98684],[-74.82001,10.98692],[-74.81999,10.98693],[-74.81991,10.98699],[-74.81975,10.9871],[-74.81956,10.98721],[-74.81943,10.98728],[-74.81924,10.9873],[-74.81898,10.98731],[-74.81883,10.98729],[-74.81879,10.98728],[-74.81867,10.98725],[-74.81853,10.98722],[-74.81837,10.98718],[-74.81824,10.98714],[-74.8177,10.987],[-74.81748,10.98694],[-74.8172,10.98685],[-74.81684,10.98675],[-74.81624,10.98659],[-74.81621,10.98659],[-74.81617,10.98658],[-74.81458,10.98613],[-74.81325,10.98575],[-74.8127,10.9856],[-74.81261,10.98561],[-74.81249,10.98563],[-74.81244,10.98566],[-74.81237,10.98569],[-74.81228,10.98569],[-74.81213,10.98566],[-74.81184,10.98559],[-74.81172,10.98556],[-74.81124,10.98541],[-74.81115,10.98539],[-74.81102,10.98535],[-74.81051,10.98519],[-74.81044,10.98517],[-74.80987,10.98502],[-74.80977,10.98498],[-74.80934,10.98487],[-74.80908,10.9848],[-74.80895,10.98476],[-74.80886,10.98474],[-74.80821,10.98455],[-74.80812,10.98453],[-74.80763,10.98439],[-74.80742,10.98433],[-74.80645,10.98405],[-74.80632,10.98403],[-74.80621,10.98402],[-74.80591,10.98396],[-74.80558,10.98389],[-74.80529,10.98383],[-74.80513,10.98379],[-74.80507,10.98378],[-74.80471,10.9837],[-74.80482,10.98341],[-74.80498,10.98309],[-74.80507,10.98292],[-74.8051,10.98287],[-74.80518,10.98274],[-74.8053,10.98255],[-74.80538,10.98235],[-74.80543,10.98222],[-74.8047,10.98192],[-74.80457,10.98189],[-74.80439,10.98186],[-74.80431,10.98184],[-74.80424,10.98182],[-74.80404,10.98177],[-74.804,10.98175],[-74.80355,10.98163],[-74.80355,10.98163],[-74.80327,10.98156],[-74.80316,10.98151],[-74.80267,10.98133],[-74.80259,10.9813],[-74.80253,10.98127],[-74.80241,10.98122],[-74.80231,10.98118],[-74.80218,10.98114],[-74.80205,10.98108],[-74.80197,10.98105],[-74.80205,10.98088],[-74.80214,10.98068],[-74.80224,10.98046],[-74.80236,10.98022],[-74.80247,10.98],[-74.80253,10.97987],[-74.80186,10.97961],[-74.80168,10.97954],[-74.80146,10.97946],[-74.80129,10.97939],[-74.80121,10.97936],[-74.80117,10.97943],[-74.80102,10.97974],[-74.80094,10.97989],[-74.80093,10.9799],[-74.80069,10.98046],[-74.79985,10.98008],[-74.79959,10.97997],[-74.79905,10.97974],[-74.79888,10.97967],[-74.7984,10.97953],[-74.79818,10.97947],[-74.79776,10.97931],[-74.79739,10.97919],[-74.79713,10.97911],[-74.79686,10.97902],[-74.79681,10.97909],[-74.79675,10.97914],[-74.79668,10.97919],[-74.79662,10.97924],[-74.79654,10.97928],[-74.79647,10.97931],[-74.79639,10.97934],[-74.79631,10.97936],[-74.79623,10.97937],[-74.79615,10.97937],[-74.79606,10.97937],[-74.79598,10.97936],[-74.7959,10.97935],[-74.79582,10.97933],[-74.79596,10.97911],[-74.79587,10.97911],[-74.79583,10.97911],[-74.79553,10.97908],[-74.79529,10.97901],[-74.79511,10.97896],[-74.79487,10.97888],[-74.79454,10.97879],[-74.79443,10.97876],[-74.79428,10.97871],[-74.79406,10.97865],[-74.79403,10.97865],[-74.794,10.97876],[-74.79393,10.97902],[-74.7939,10.97917],[-74.79387,10.97949],[-74.79374,10.97946],[-74.7936,10.97942],[-74.79336,10.97936],[-74.79315,10.97931],[-74.79309,10.9793],[-74.79304,10.97928],[-74.79262,10.97917],[-74.7923,10.97909],[-74.79221,10.97907],[-74.7918,10.97896],[-74.79166,10.97892],[-74.79154,10.97936],[-74.79141,10.97983],[-74.79098,10.97973],[-74.79072,10.97966],[-74.79057,10.97962],[-74.79058,10.97955],[-74.79087,10.97841],[-74.79103,10.97784],[-74.79106,10.97775],[-74.79115,10.97752],[-74.79129,10.97718],[-74.79138,10.97698],[-74.79167,10.97617],[-74.79201,10.97524],[-74.79205,10.97513],[-74.79208,10.97505]]]]}}
]}