{"type": "FeatureCollection", "features": [{"type": "Feature", "properties": {"codigo": "1421", "nombre_barrio": "Patio Bonito", "comuna": "EL POBLADO"}, "geometry": {"type": "Polygon", "coordinates": [[[-75.57529, 6.21282], [-75.57572, 6.21225], [-75.57588, 6.21049], [-75.57504, 6.20809], [-75.57451, 6.20781], [-75.57345, 6.20803], [-75.57254, 6.20761], [-75.57135, 6.20765], [-75.5714, 6.2047], [-75.57232, 6.2016], [-75.57307, 6.2002], [-75.57523, 6.2014], [-75.57431, 6.20254], [-75.57588, 6.20302], [-75.57574, 6.20332], [-75.57723, 6.204], [-75.57728, 6.20338], [-75.57947, 6.20396], [-75.57812, 6.21338], [-75.57589, 6.2127], [-75.57596, 6.21296], [-75.57529, 6.21282]]]}}, {"type": "Feature", "properties": {"codigo": "1404", "nombre_barrio": "Castropol", "comuna": "EL POBLADO"}, "geometry": {"type": "Polygon", "coordinates": [[[-75.56525, 6.22466], [-75.56508, 6.22361], [-75.56545, 6.22127], [-75.56635, 6.22], [-75.56599, 6.21839], [-75.56453, 6.21792], [-75.56434, 6.21681], [-75.56329, 6.21506], [-75.56635, 6.2145], [-75.56699, 6.21404], [-75.56995, 6.21469], [-75.56917, 6.22649], [-75.56852, 6.22649], [-75.56828, 6.22572], [-75.56684, 6.22543], [-75.56661, 6.22467], [-75.56525, 6.22466]]]}}, {"type": "Feature", "properties": {"codigo": "1411", "nombre_barrio": "Los Balsos No.1", "comuna": "EL POBLADO"}, "geometry": {"type": "Polygon", "coordinates": [[[-75.55545, 6.19186], [-75.55484, 6.19169], [-75.55434, 6.1911], [-75.55362, 6.18848], [-75.55289, 6.1883], [-75.55338, 6.18704], [-75.55484, 6.18735], [-75.55592, 6.18544], [-75.55679, 6.18564], [-75.55691, 6.18369], [-75.55545, 6.18323], [-75.55548, 6.18123], [-75.55654, 6.18128], [-75.55728, 6.18096], [-75.55878, 6.18207], [-75.55932, 6.18192], [-75.56036, 6.18231], [-75.5606, 6.18287], [-75.56041, 6.18362], [-75.56258, 6.18465], [-75.56341, 6.1857], [-75.56602, 6.1872], [-75.56776, 6.18739], [-75.56759, 6.18862], [-75.56803, 6.19007], [-75.56623, 6.1942], [-75.56603, 6.19599], [-75.56415, 6.19484], [-75.5633, 6.19395], [-75.5597, 6.19224], [-75.55893, 6.1924], [-75.5586, 6.19184], [-75.55814, 6.19232], [-75.55779, 6.19189], [-75.5572, 6.19215], [-75.55545, 6.19186]]]}}, {"type": "Feature", "properties": {"codigo": "1406", "nombre_barrio": "Las Lomas No.1", "comuna": "EL POBLADO"}, "geometry": {"type": "Polygon", "coordinates": [[[-75.5594, 6.21266], [-75.55884, 6.20988], [-75.55923, 6.20853], [-75.55912, 6.20785], [-75.5631, 6.20727], [-75.56556, 6.20872], [-75.56534, 6.2094], [-75.56561, 6.20987], [-75.56491, 6.21168], [-75.56408, 6.21228], [-75.56394, 6.21263], [-75.56431, 6.21272], [-75.56395, 6.21391], [-75.56333, 6.21464], [-75.56365, 6.21602], [-75.56076, 6.21512], [-75.5594, 6.21266]]]}}, {"type": "Feature", "properties": {"codigo": "1408", "nombre_barrio": "Altos del Poblado", "comuna": "EL POBLADO"}, "geometry": {"type": "Polygon", "coordinates": [[[-75.54684, 6.21278], [-75.54694, 6.21337], [-75.54766, 6.21161], [-75.54734, 6.21131], [-75.54735, 6.21025], [-75.54589, 6.21017], [-75.5477, 6.20958], [-75.54732, 6.20935], [-75.54774, 6.2092], [-75.54745, 6.20864], [-75.54789, 6.2083], [-75.54726, 6.20824], [-75.54713, 6.20745], [-75.5476, 6.20736], [-75.54768, 6.20642], [-75.54817, 6.20662], [-75.54865, 6.20459], [-75.55023, 6.20557], [-75.55018, 6.20691], [-75.5519, 6.20693], [-75.55232, 6.20732], [-75.55328, 6.20749], [-75.55344, 6.20791], [-75.55375, 6.20788], [-75.5535, 6.20735], [-75.55425, 6.20782], [-75.55489, 6.20766], [-75.55491, 6.20945], [-75.55427, 6.21102], [-75.5567, 6.21273], [-75.55819, 6.21457], [-75.55762, 6.21463], [-75.55739, 6.21507], [-75.55791, 6.21629], [-75.55602, 6.21841], [-75.5555, 6.21857], [-75.5514, 6.21487], [-75.55143, 6.21381], [-75.54879, 6.21379], [-75.54723, 6.21453], [-75.54684, 6.21278]]]}}, {"type": "Feature", "properties": {"codigo": "1414", "nombre_barrio": "El Castillo", "comuna": "EL POBLADO"}, "geometry": {"type": "Polygon", "coordinates": [[[-75.56728, 6.19183], [-75.56805, 6.18992], [-75.56759, 6.18862], [-75.56776, 6.18739], [-75.56968, 6.18703], [-75.57011, 6.1858], [-75.57149, 6.18577], [-75.57352, 6.18679], [-75.57431, 6.18734], [-75.57505, 6.18863], [-75.57714, 6.1898], [-75.57633, 6.19239], [-75.57632, 6.19449], [-75.5748, 6.1964], [-75.57459, 6.19526], [-75.56997, 6.19268], [-75.56966, 6.19187], [-75.56786, 6.1921], [-75.56728, 6.19183]]]}}, {"type": "Feature", "properties": {"codigo": "1410", "nombre_barrio": "Los Naranjos", "comuna": "EL POBLADO"}, "geometry": {"type": "Polygon", "coordinates": [[[-75.55162, 6.19794], [-75.55148, 6.19675], [-75.55075, 6.19566], [-75.5526, 6.19668], [-75.55372, 6.19438], [-75.5537, 6.1938], [-75.55413, 6.194], [-75.55377, 6.19374], [-75.55393, 6.19328], [-75.55492, 6.19351], [-75.55545, 6.19186], [-75.5572, 6.19215], [-75.55779, 6.19189], [-75.55814, 6.19232], [-75.5586, 6.19184], [-75.55893, 6.1924], [-75.5597, 6.19224], [-75.5633, 6.19395], [-75.56415, 6.19484], [-75.56603, 6.19599], [-75.56452, 6.20046], [-75.56047, 6.19947], [-75.56017, 6.19899], [-75.55963, 6.19886], [-75.55942, 6.19963], [-75.55962, 6.2006], [-75.55778, 6.19926], [-75.55716, 6.19793], [-75.55654, 6.19829], [-75.55583, 6.19809], [-75.55542, 6.19833], [-75.55346, 6.19798], [-75.5535, 6.19894], [-75.55319, 6.19809], [-75.55242, 6.19781], [-75.55186, 6.19828], [-75.55162, 6.19794]]]}}, {"type": "Feature", "properties": {"codigo": "1419", "nombre_barrio": "Manila", "comuna": "EL POBLADO"}, "geometry": {"type": "Polygon", "coordinates": [[[-75.56995, 6.21469], [-75.57001, 6.21208], [-75.57046, 6.2106], [-75.57384, 6.21189], [-75.57554, 6.21297], [-75.57596, 6.21296], [-75.57589, 6.2127], [-75.57812, 6.21338], [-75.57783, 6.21536], [-75.57733, 6.21501], [-75.57477, 6.21467], [-75.57292, 6.21515], [-75.56995, 6.21469]]]}}, {"type": "Feature", "properties": {"codigo": "1415", "nombre_barrio": "Los Balsos No.2", "comuna": "EL POBLADO"}, "geometry": {"type": "Polygon", "coordinates": [[[-75.56603, 6.19599], [-75.56623, 6.1942], [-75.56728, 6.19183], [-75.56786, 6.1921], [-75.56938, 6.19179], [-75.56979, 6.19201], [-75.56997, 6.19268], [-75.57456, 6.19523], [-75.5748, 6.1964], [-75.57328, 6.19984], [-75.5692, 6.19706], [-75.56739, 6.19695], [-75.56603, 6.19599]]]}}, {"type": "Feature", "properties": {"codigo": "1420", "nombre_barrio": "Astorga", "comuna": "EL POBLADO"}, "geometry": {"type": "Polygon", "coordinates": [[[-75.57263, 6.20765], [-75.57345, 6.20803], [-75.57458, 6.20782], [-75.57515, 6.20826], [-75.57588, 6.21049], [-75.57572, 6.21225], [-75.57531, 6.21281], [-75.57384, 6.21189], [-75.57046, 6.2106], [-75.57135, 6.20765], [-75.57263, 6.20765]]]}}, {"type": "Feature", "properties": {"codigo": "1422", "nombre_barrio": "La Aguacatala", "comuna": "EL POBLADO"}, "geometry": {"type": "Polygon", "coordinates": [[[-75.57307, 6.2002], [-75.575, 6.19589], [-75.57632, 6.19449], [-75.57633, 6.1924], [-75.57777, 6.19418], [-75.57865, 6.19449], [-75.57962, 6.19414], [-75.58014, 6.19483], [-75.58153, 6.19523], [-75.58017, 6.19918], [-75.57947, 6.20396], [-75.57728, 6.20338], [-75.57723, 6.204], [-75.57574, 6.20332], [-75.57588, 6.20302], [-75.57431, 6.20254], [-75.57523, 6.2014], [-75.57307, 6.2002]]]}}, {"type": "Feature", "properties": {"codigo": "1405", "nombre_barrio": "Lalinde", "comuna": "EL POBLADO"}, "geometry": {"type": "Polygon", "coordinates": [[[-75.56333, 6.21464], [-75.56395, 6.21391], [-75.56431, 6.21272], [-75.56394, 6.21263], [-75.56411, 6.21223], [-75.56572, 6.21104], [-75.56714, 6.21085], [-75.56746, 6.21123], [-75.56918, 6.21119], [-75.56914, 6.21145], [-75.57007, 6.21167], [-75.56995, 6.21469], [-75.56699, 6.21404], [-75.56635, 6.2145], [-75.56439, 6.21467], [-75.56411, 6.2151], [-75.56329, 6.21506], [-75.56333, 6.21464]]]}}, {"type": "Feature", "properties": {"codigo": "1401", "nombre_barrio": "Barrio Colombia", "comuna": "EL POBLADO"}, "geometry": {"type": "Polygon", "coordinates": [[[-75.56941, 6.22756], [-75.56922, 6.22298], [-75.57134, 6.22419], [-75.57141, 6.22481], [-75.57253, 6.22546], [-75.57635, 6.22593], [-75.57562, 6.23134], [-75.57369, 6.23069], [-75.56941, 6.22756]]]}}, {"type": "Feature", "properties": {"codigo": "1416", "nombre_barrio": "Alejandr\u00eda", "comuna": "EL POBLADO"}, "geometry": {"type": "Polygon", "coordinates": [[[-75.56827, 6.19693], [-75.5692, 6.19706], [-75.57328, 6.19984], [-75.57172, 6.20346], [-75.56452, 6.20046], [-75.56603, 6.19599], [-75.56739, 6.19695], [-75.56827, 6.19693]]]}}, {"type": "Feature", "properties": {"codigo": "1417", "nombre_barrio": "La Florida", "comuna": "EL POBLADO"}, "geometry": {"type": "Polygon", "coordinates": [[[-75.57047, 6.2084], [-75.57007, 6.20816], [-75.57017, 6.20791], [-75.56922, 6.20793], [-75.56771, 6.20702], [-75.56712, 6.20733], [-75.56643, 6.20727], [-75.56634, 6.20701], [-75.56525, 6.2076], [-75.56421, 6.20733], [-75.56354, 6.20759], [-75.56306, 6.20727], [-75.55968, 6.20787], [-75.5591, 6.20771], [-75.55945, 6.20667], [-75.56106, 6.20531], [-75.56172, 6.20216], [-75.56232, 6.20101], [-75.56447, 6.20044], [-75.57172, 6.20346], [-75.57138, 6.20484], [-75.57156, 6.20631], [-75.57127, 6.20828], [-75.57047, 6.2084]]]}}, {"type": "Feature", "properties": {"codigo": "1418", "nombre_barrio": "El Poblado", "comuna": "EL POBLADO"}, "geometry": {"type": "Polygon", "coordinates": [[[-75.5651, 6.2116], [-75.56491, 6.21168], [-75.56569, 6.20962], [-75.56534, 6.2094], [-75.56556, 6.20872], [-75.5643, 6.2082], [-75.56388, 6.20751], [-75.5641, 6.20736], [-75.56525, 6.2076], [-75.56634, 6.20701], [-75.56643, 6.20727], [-75.56712, 6.20733], [-75.56771, 6.20702], [-75.56922, 6.20793], [-75.57017, 6.20791], [-75.57036, 6.20838], [-75.57127, 6.20828], [-75.57007, 6.21167], [-75.56914, 6.21145], [-75.56918, 6.21119], [-75.56746, 6.21123], [-75.56714, 6.21085], [-75.56572, 6.21104], [-75.5651, 6.2116]]]}}, {"type": "Feature", "properties": {"codigo": "1403", "nombre_barrio": "Villa Carlota", "comuna": "EL POBLADO"}, "geometry": {"type": "Polygon", "coordinates": [[[-75.56922, 6.22298], [-75.56988, 6.21779], [-75.56995, 6.21469], [-75.57292, 6.21515], [-75.57477, 6.21467], [-75.57733, 6.21501], [-75.57783, 6.21536], [-75.57635, 6.22593], [-75.57253, 6.22546], [-75.57141, 6.22481], [-75.57134, 6.22419], [-75.56922, 6.22298]]]}}, {"type": "Feature", "properties": {"codigo": "1423", "nombre_barrio": "Santa Mar\u00eda de los \u00c1ngeles", "comuna": "EL POBLADO"}, "geometry": {"type": "Polygon", "coordinates": [[[-75.57945, 6.18376], [-75.57991, 6.18421], [-75.58049, 6.18683], [-75.58164, 6.18784], [-75.58288, 6.18821], [-75.58326, 6.18912], [-75.58153, 6.19523], [-75.58014, 6.19483], [-75.57962, 6.19414], [-75.57865, 6.19449], [-75.57777, 6.19418], [-75.57633, 6.1924], [-75.57783, 6.18747], [-75.57945, 6.18376]]]}}, {"type": "Feature", "properties": {"codigo": "1413", "nombre_barrio": "El Diamante No. 2", "comuna": "EL POBLADO"}, "geometry": {"type": "Polygon", "coordinates": [[[-75.56999, 6.18584], [-75.57077, 6.18256], [-75.57058, 6.18166], [-75.56928, 6.18107], [-75.56839, 6.1812], [-75.56775, 6.18052], [-75.56773, 6.17905], [-75.56729, 6.17817], [-75.56741, 6.17729], [-75.56881, 6.17878], [-75.56999, 6.17924], [-75.57123, 6.1794], [-75.5716, 6.17916], [-75.57264, 6.17945], [-75.57365, 6.18024], [-75.57519, 6.18087], [-75.57615, 6.18203], [-75.5795, 6.18369], [-75.57714, 6.1898], [-75.57505, 6.18863], [-75.57431, 6.18734], [-75.57352, 6.18679], [-75.57149, 6.18577], [-75.56999, 6.18584]]]}}, {"type": "Feature", "properties": {"codigo": "1407", "nombre_barrio": "Las Lomas No.2", "comuna": "EL POBLADO"}, "geometry": {"type": "Polygon", "coordinates": [[[-75.55819, 6.21457], [-75.5567, 6.21273], [-75.55427, 6.21102], [-75.55491, 6.20945], [-75.55487, 6.20693], [-75.55639, 6.20772], [-75.55775, 6.20744], [-75.55912, 6.20785], [-75.55923, 6.20853], [-75.55884, 6.20988], [-75.5593, 6.21235], [-75.56076, 6.21512], [-75.55819, 6.21457]]]}}, {"type": "Feature", "properties": {"codigo": "1412", "nombre_barrio": "San Lucas", "comuna": "EL POBLADO"}, "geometry": {"type": "Polygon", "coordinates": [[[-75.56716, 6.1874], [-75.566, 6.18719], [-75.56341, 6.1857], [-75.56252, 6.1846], [-75.56183, 6.1845], [-75.56041, 6.18362], [-75.5606, 6.18287], [-75.56036, 6.18231], [-75.55932, 6.18192], [-75.55878, 6.18207], [-75.55861, 6.18175], [-75.55865, 6.181], [-75.55979, 6.18038], [-75.55858, 6.18071], [-75.55861, 6.17965], [-75.55636, 6.17969], [-75.55694, 6.17925], [-75.55756, 6.17721], [-75.55793, 6.17694], [-75.55891, 6.17737], [-75.55916, 6.17671], [-75.55991, 6.17657], [-75.55989, 6.17583], [-75.56131, 6.1763], [-75.5624, 6.17608], [-75.56261, 6.17633], [-75.56367, 6.17572], [-75.56405, 6.1762], [-75.56466, 6.176], [-75.56473, 6.17647], [-75.56614, 6.17631], [-75.56741, 6.17729], [-75.56729, 6.17817], [-75.56773, 6.17905], [-75.56771, 6.18047], [-75.56839, 6.1812], [-75.56928, 6.18107], [-75.57036, 6.18136], [-75.57078, 6.18253], [-75.56982, 6.18685], [-75.56716, 6.1874]]]}}, {"type": "Feature", "properties": {"codigo": "1409", "nombre_barrio": "El Tesoro", "comuna": "EL POBLADO"}, "geometry": {"type": "Polygon", "coordinates": [[[-75.54955, 6.20525], [-75.55075, 6.20362], [-75.55056, 6.2024], [-75.55111, 6.20079], [-75.55082, 6.20081], [-75.55094, 6.19932], [-75.552, 6.19949], [-75.5515, 6.19793], [-75.55186, 6.19828], [-75.55242, 6.19781], [-75.55319, 6.19809], [-75.5535, 6.19894], [-75.55346, 6.19798], [-75.55542, 6.19833], [-75.55583, 6.19809], [-75.55654, 6.19829], [-75.55709, 6.19791], [-75.55778, 6.19926], [-75.559, 6.1999], [-75.55961, 6.2006], [-75.55942, 6.19963], [-75.55963, 6.19886], [-75.56017, 6.19899], [-75.56047, 6.19947], [-75.56447, 6.20044], [-75.56232, 6.20101], [-75.56172, 6.20216], [-75.56106, 6.20531], [-75.55945, 6.20667], [-75.55912, 6.20785], [-75.55775, 6.20744], [-75.55639, 6.20772], [-75.55487, 6.20693], [-75.55489, 6.20766], [-75.55425, 6.20782], [-75.5535, 6.20735], [-75.55375, 6.20788], [-75.55344, 6.20791], [-75.55328, 6.20749], [-75.55232, 6.20732], [-75.5519, 6.20693], [-75.55018, 6.20691], [-75.55026, 6.20563], [-75.54955, 6.20525]]]}}, {"type": "Feature", "properties": {"codigo": "0109", "nombre_barrio": "Aldea Pablo VI", "comuna": "POPULAR"}, "geometry": {"type": "Polygon", "coordinates": [[[-75.54112, 6.28938], [-75.54101, 6.2884], [-75.54059, 6.28821], [-75.54148, 6.2869], [-75.54117, 6.28654], [-75.54039, 6.28683], [-75.53997, 6.28589], [-75.54077, 6.28633], [-75.54141, 6.28612], [-75.54329, 6.28871], [-75.54112, 6.28938]]]}}, {"type": "Feature", "properties": {"codigo": "0110", "nombre_barrio": "La Esperanza No. 2", "comuna": "POPULAR"}, "geometry": {"type": "Polygon", "coordinates": [[[-75.54092, 6.29266], [-75.53964, 6.29249], [-75.54049, 6.29219], [-75.54116, 6.29082], [-75.54112, 6.28938], [-75.54282, 6.28972], [-75.54243, 6.29218], [-75.54092, 6.29266]]]}}, {"type": "Feature", "properties": {"codigo": "0112", "nombre_barrio": "Carpinelo", "comuna": "POPULAR"}, "geometry": {"type": "Polygon", "coordinates": [[[-75.53938, 6.29242], [-75.53631, 6.29146], [-75.53626, 6.29107], [-75.53693, 6.29088], [-75.53627, 6.29068], [-75.53651, 6.28901], [-75.53587, 6.28874], [-75.53583, 6.28708], [-75.53681, 6.28698], [-75.53661, 6.2865], [-75.53588, 6.28651], [-75.53621, 6.28499], [-75.53818, 6.28607], [-75.53914, 6.28575], [-75.53919, 6.28441], [-75.54053, 6.28534], [-75.53994, 6.28599], [-75.54035, 6.2868], [-75.54139, 6.28669], [-75.54151, 6.28717], [-75.54059, 6.28821], [-75.54138, 6.28972], [-75.54116, 6.29082], [-75.54047, 6.29222], [-75.53938, 6.29242]]]}}, {"type": "Feature", "properties": {"codigo": "0104", "nombre_barrio": "Granizal", "comuna": "POPULAR"}, "geometry": {"type": "Polygon", "coordinates": [[[-75.54581, 6.29433], [-75.5448, 6.29402], [-75.54502, 6.29295], [-75.54415, 6.29312], [-75.54399, 6.29267], [-75.54229, 6.2924], [-75.54298, 6.28972], [-75.54407, 6.29096], [-75.54499, 6.29097], [-75.54509, 6.29061], [-75.54796, 6.29115], [-75.54761, 6.29211], [-75.5502, 6.29242], [-75.54999, 6.29438], [-75.54794, 6.29462], [-75.54715, 6.29422], [-75.54594, 6.29467], [-75.54581, 6.29433]]]}}, {"type": "Feature", "properties": {"codigo": "0103", "nombre_barrio": "Popular", "comuna": "POPULAR"}, "geometry": {"type": "Polygon", "coordinates": [[[-75.5442, 6.30439], [-75.54331, 6.30373], [-75.54248, 6.30393], [-75.54187, 6.30301], [-75.53996, 6.30217], [-75.54112, 6.30245], [-75.54297, 6.30171], [-75.54398, 6.30273], [-75.54387, 6.30204], [-75.54446, 6.30147], [-75.54559, 6.30135], [-75.54794, 6.29462], [-75.54933, 6.29445], [-75.54893, 6.29497], [-75.54914, 6.29564], [-75.5503, 6.29589], [-75.55084, 6.29658], [-75.54874, 6.3005], [-75.54835, 6.30419], [-75.54708, 6.30358], [-75.54628, 6.3043], [-75.54454, 6.30395], [-75.5442, 6.30439]]]}}, {"type": "Feature", "properties": {"codigo": "0101", "nombre_barrio": "Santo Domingo Savio No. 1", "comuna": "POPULAR"}, "geometry": {"type": "Polygon", "coordinates": [[[-75.54261, 6.30184], [-75.54202, 6.29909], [-75.54146, 6.29926], [-75.54038, 6.29692], [-75.54042, 6.29572], [-75.5415, 6.29423], [-75.54154, 6.29286], [-75.54236, 6.29227], [-75.54346, 6.29288], [-75.54399, 6.29267], [-75.54415, 6.29312], [-75.54502, 6.29295], [-75.5448, 6.29402], [-75.54585, 6.29407], [-75.54594, 6.29467], [-75.54715, 6.29422], [-75.54797, 6.29453], [-75.54559, 6.30135], [-75.54446, 6.30147], [-75.54384, 6.30281], [-75.5434, 6.30197], [-75.54261, 6.30184]]]}}, {"type": "Feature", "properties": {"codigo": "0105", "nombre_barrio": "Moscu No. 2", "comuna": "POPULAR"}, "geometry": {"type": "Polygon", "coordinates": [[[-75.54667, 6.29107], [-75.54664, 6.29032], [-75.54617, 6.29063], [-75.54606, 6.29018], [-75.54662, 6.28771], [-75.55161, 6.28836], [-75.55154, 6.28898], [-75.55333, 6.28935], [-75.5533, 6.28994], [-75.55376, 6.29002], [-75.55319, 6.29167], [-75.55254, 6.29147], [-75.55234, 6.29212], [-75.55035, 6.29193], [-75.55073, 6.29241], [-75.54769, 6.29215], [-75.54796, 6.29115], [-75.54667, 6.29107]]]}}, {"type": "Feature", "properties": {"codigo": "0102", "nombre_barrio": "Santo Domingo Savio No. 2", "comuna": "POPULAR"}, "geometry": {"type": "Polygon", "coordinates": [[[-75.54066, 6.30238], [-75.53987, 6.30213], [-75.53912, 6.3009], [-75.53824, 6.3008], [-75.53703, 6.29849], [-75.53588, 6.29834], [-75.53639, 6.29759], [-75.53818, 6.29752], [-75.53858, 6.29678], [-75.53978, 6.2965], [-75.53998, 6.29554], [-75.54124, 6.29478], [-75.54042, 6.29572], [-75.54039, 6.297], [-75.54146, 6.29926], [-75.54202, 6.29909], [-75.54261, 6.30184], [-75.54066, 6.30238]]]}}, {"type": "Feature", "properties": {"codigo": "0111", "nombre_barrio": "La Avanzada", "comuna": "POPULAR"}, "geometry": {"type": "Polygon", "coordinates": [[[-75.53647, 6.29216], [-75.53631, 6.29146], [-75.5385, 6.29242], [-75.54147, 6.29271], [-75.5415, 6.29423], [-75.53996, 6.29555], [-75.53978, 6.2965], [-75.53858, 6.29678], [-75.53821, 6.29751], [-75.53591, 6.29791], [-75.53616, 6.2971], [-75.5371, 6.29665], [-75.53685, 6.29613], [-75.53554, 6.29658], [-75.53586, 6.29621], [-75.53545, 6.29485], [-75.53576, 6.29456], [-75.53662, 6.29528], [-75.53747, 6.29441], [-75.53581, 6.29341], [-75.53642, 6.29304], [-75.53647, 6.29216]]]}}, {"type": "Feature", "properties": {"codigo": "0107", "nombre_barrio": "San Pablo", "comuna": "POPULAR"}, "geometry": {"type": "Polygon", "coordinates": [[[-75.54588, 6.29081], [-75.54407, 6.29096], [-75.54317, 6.2897], [-75.54406, 6.28972], [-75.54455, 6.28872], [-75.54416, 6.28589], [-75.54677, 6.2848], [-75.54856, 6.28521], [-75.54823, 6.28779], [-75.54662, 6.28771], [-75.54606, 6.29018], [-75.54617, 6.29063], [-75.54664, 6.29032], [-75.54667, 6.29107], [-75.54588, 6.29081]]]}}, {"type": "Feature", "properties": {"codigo": "0108", "nombre_barrio": "El Compromiso", "comuna": "POPULAR"}, "geometry": {"type": "Polygon", "coordinates": [[[-75.5429, 6.28978], [-75.54148, 6.2891], [-75.54329, 6.28871], [-75.54141, 6.28612], [-75.54269, 6.28634], [-75.54406, 6.28569], [-75.54453, 6.28881], [-75.54406, 6.28972], [-75.5429, 6.28978]]]}}, {"type": "Feature", "properties": {"codigo": "0106", "nombre_barrio": "Villa Guadalupe", "comuna": "POPULAR"}, "geometry": {"type": "Polygon", "coordinates": [[[-75.55344, 6.28989], [-75.55333, 6.28935], [-75.55154, 6.28898], [-75.55161, 6.28836], [-75.54821, 6.28783], [-75.54846, 6.2855], [-75.54893, 6.28553], [-75.54913, 6.28423], [-75.55185, 6.28533], [-75.55183, 6.28649], [-75.55468, 6.28732], [-75.55466, 6.28864], [-75.55533, 6.28915], [-75.55344, 6.28989]]]}}, {"type": "Feature", "properties": {"codigo": "1602", "nombre_barrio": "Rosales", "comuna": "BELEN"}, "geometry": {"type": "Polygon", "coordinates": [[[-75.58748, 6.23929], [-75.58726, 6.23167], [-75.59363, 6.23148], [-75.59376, 6.23538], [-75.5954, 6.23651], [-75.59642, 6.23553], [-75.59476, 6.23799], [-75.58748, 6.23929]]]}}, {"type": "Feature", "properties": {"codigo": "1620", "nombre_barrio": "El Nogal-Los Almendros", "comuna": "BELEN"}, "geometry": {"type": "Polygon", "coordinates": [[[-75.59533, 6.23713], [-75.59822, 6.23358], [-75.59828, 6.2361], [-75.60023, 6.23884], [-75.59007, 6.23905], [-75.59425, 6.23843], [-75.59533, 6.23713]]]}}, {"type": "Feature", "properties": {"codigo": "1615", "nombre_barrio": "Los Alpes", "comuna": "BELEN"}, "geometry": {"type": "Polygon", "coordinates": [[[-75.60983, 6.22727], [-75.6096, 6.2332], [-75.60632, 6.23349], [-75.60518, 6.22837], [-75.60693, 6.22892], [-75.60689, 6.22791], [-75.60983, 6.22727]]]}}, {"type": "Feature", "properties": {"codigo": "1617", "nombre_barrio": "Las Mercedes", "comuna": "BELEN"}, "geometry": {"type": "Polygon", "coordinates": [[[-75.60744, 6.23753], [-75.60594, 6.23628], [-75.60632, 6.23349], [-75.6114, 6.23347], [-75.61475, 6.23619], [-75.61156, 6.23519], [-75.61294, 6.2363], [-75.61216, 6.23805], [-75.61048, 6.23763], [-75.6099, 6.23936], [-75.60744, 6.23753]]]}}, {"type": "Feature", "properties": {"codigo": "1610", "nombre_barrio": "El Rincon", "comuna": "BELEN"}, "geometry": {"type": "Polygon", "coordinates": [[[-75.60312, 6.21617], [-75.60245, 6.2148], [-75.60024, 6.21509], [-75.59901, 6.21368], [-75.60024, 6.21076], [-75.60149, 6.21075], [-75.60023, 6.20483], [-75.60588, 6.2061], [-75.60535, 6.20698], [-75.60717, 6.20754], [-75.6045, 6.21215], [-75.6056, 6.21332], [-75.60503, 6.21603], [-75.60312, 6.21617]]]}}, {"type": "Feature", "properties": {"codigo": "1607", "nombre_barrio": "Diego Echavarria", "comuna": "BELEN"}, "geometry": {"type": "Polygon", "coordinates": [[[-75.59291, 6.2178], [-75.59498, 6.21089], [-75.59903, 6.21878], [-75.59291, 6.2178]]]}}, {"type": "Feature", "properties": {"codigo": "1609", "nombre_barrio": "La Hondonada", "comuna": "BELEN"}, "geometry": {"type": "Polygon", "coordinates": [[[-75.60755, 6.20619], [-75.59903, 6.20451], [-75.59793, 6.20327], [-75.59991, 6.19943], [-75.60084, 6.20031], [-75.60195, 6.19937], [-75.60403, 6.20275], [-75.60543, 6.20343], [-75.60639, 6.20247], [-75.60739, 6.2046], [-75.60973, 6.20504], [-75.60755, 6.20619]]]}}, {"type": "Feature", "properties": {"codigo": "1604", "nombre_barrio": "Granada", "comuna": "BELEN"}, "geometry": {"type": "Polygon", "coordinates": [[[-75.58984, 6.23156], [-75.59082, 6.22943], [-75.59342, 6.22832], [-75.59611, 6.22936], [-75.59622, 6.23139], [-75.58984, 6.23156]]]}}, {"type": "Feature", "properties": {"codigo": "1619", "nombre_barrio": "Miravalle", "comuna": "BELEN"}, "geometry": {"type": "Polygon", "coordinates": [[[-75.59984, 6.23771], [-75.59828, 6.2361], [-75.59822, 6.23344], [-75.59999, 6.233], [-75.60104, 6.23595], [-75.6031, 6.23748], [-75.59984, 6.23771]]]}}, {"type": "Feature", "properties": {"codigo": "1621", "nombre_barrio": "Cerro Nutibara", "comuna": "BELEN"}, "geometry": {"type": "Polygon", "coordinates": [[[-75.57565, 6.23334], [-75.57562, 6.23134], [-75.5827, 6.2333], [-75.58306, 6.23945], [-75.5775, 6.23965], [-75.57565, 6.23334]]]}}, {"type": "Feature", "properties": {"codigo": "1606", "nombre_barrio": "Las Playas", "comuna": "BELEN"}, "geometry": {"type": "Polygon", "coordinates": [[[-75.59197, 6.22277], [-75.59291, 6.2178], [-75.59903, 6.21878], [-75.59873, 6.22234], [-75.59197, 6.22277]]]}}, {"type": "Feature", "properties": {"codigo": "1611", "nombre_barrio": "Loma de los Bernal", "comuna": "BELEN"}, "geometry": {"type": "Polygon", "coordinates": [[[-75.61016, 6.21907], [-75.6086, 6.22035], [-75.6061, 6.21994], [-75.60545, 6.22115], [-75.60146, 6.2205], [-75.5994, 6.2217], [-75.59922, 6.21693], [-75.60207, 6.21467], [-75.60305, 6.21641], [-75.61016, 6.21907]]]}}, {"type": "Feature", "properties": {"codigo": "1601", "nombre_barrio": "Fatima", "comuna": "BELEN"}, "geometry": {"type": "Polygon", "coordinates": [[[-75.5837, 6.23176], [-75.58726, 6.23167], [-75.58748, 6.23929], [-75.58306, 6.23945], [-75.58276, 6.23179], [-75.5837, 6.23176]]]}}, {"type": "Feature", "properties": {"codigo": "1616", "nombre_barrio": "Las Violetas", "comuna": "BELEN"}, "geometry": {"type": "Polygon", "coordinates": [[[-75.61899, 6.23734], [-75.60956, 6.23354], [-75.60992, 6.22978], [-75.61184, 6.22734], [-75.61438, 6.22801], [-75.61223, 6.22971], [-75.61282, 6.23101], [-75.61602, 6.23161], [-75.61486, 6.23449], [-75.62267, 6.23584], [-75.61899, 6.23734]]]}}, {"type": "Feature", "properties": {"codigo": "1608", "nombre_barrio": "La Mota", "comuna": "BELEN"}, "geometry": {"type": "Polygon", "coordinates": [[[-75.59498, 6.21089], [-75.5983, 6.21061], [-75.59805, 6.205], [-75.5999, 6.20499], [-75.60149, 6.21075], [-75.60024, 6.21076], [-75.59905, 6.21348], [-75.60114, 6.21523], [-75.59926, 6.21682], [-75.59905, 6.21881], [-75.59498, 6.21089]]]}}, {"type": "Feature", "properties": {"codigo": "1603", "nombre_barrio": "Belen", "comuna": "BELEN"}, "geometry": {"type": "Polygon", "coordinates": [[[-75.60564, 6.23104], [-75.60636, 6.23363], [-75.60529, 6.23451], [-75.59999, 6.233], [-75.59777, 6.23364], [-75.5954, 6.23651], [-75.59376, 6.23538], [-75.59363, 6.23148], [-75.59622, 6.23139], [-75.59611, 6.22941], [-75.59862, 6.22879], [-75.59875, 6.23127], [-75.60564, 6.23104]]]}}, {"type": "Feature", "properties": {"codigo": "1614", "nombre_barrio": "La Palma", "comuna": "BELEN"}, "geometry": {"type": "Polygon", "coordinates": [[[-75.59875, 6.23092], [-75.59862, 6.22879], [-75.60069, 6.22741], [-75.60295, 6.22625], [-75.60578, 6.22674], [-75.60564, 6.23104], [-75.59875, 6.23092]]]}}, {"type": "Feature", "properties": {"codigo": "1618", "nombre_barrio": "Nueva Villa de Aburra", "comuna": "BELEN"}, "geometry": {"type": "Polygon", "coordinates": [[[-75.60098, 6.23397], [-75.60515, 6.23454], [-75.60636, 6.23363], [-75.60594, 6.23628], [-75.60738, 6.23746], [-75.60309, 6.23762], [-75.60234, 6.23594], [-75.60104, 6.23595], [-75.60098, 6.23397]]]}}, {"type": "Feature", "properties": {"codigo": "1605", "nombre_barrio": "San Bernardo", "comuna": "BELEN"}, "geometry": {"type": "Polygon", "coordinates": [[[-75.59611, 6.22941], [-75.59365, 6.2283], [-75.5914, 6.22924], [-75.59197, 6.22277], [-75.59513, 6.22336], [-75.59787, 6.22238], [-75.59722, 6.22485], [-75.60182, 6.22714], [-75.59611, 6.22941]]]}}, {"type": "Feature", "properties": {"codigo": "1612", "nombre_barrio": "La Gloria", "comuna": "BELEN"}, "geometry": {"type": "Polygon", "coordinates": [[[-75.5994, 6.2217], [-75.60146, 6.2205], [-75.60859, 6.22035], [-75.60871, 6.22412], [-75.60651, 6.22535], [-75.60525, 6.22409], [-75.60182, 6.22714], [-75.59722, 6.22485], [-75.59787, 6.22238], [-75.5994, 6.2217]]]}}, {"type": "Feature", "properties": {"codigo": "1613", "nombre_barrio": "Altavista", "comuna": "BELEN"}, "geometry": {"type": "Polygon", "coordinates": [[[-75.60532, 6.22764], [-75.60578, 6.22674], [-75.6033, 6.22564], [-75.60525, 6.22409], [-75.60651, 6.22535], [-75.60871, 6.22412], [-75.6086, 6.21963], [-75.61272, 6.21836], [-75.61137, 6.21988], [-75.61252, 6.22182], [-75.61179, 6.2235], [-75.61057, 6.22472], [-75.60831, 6.22427], [-75.60984, 6.22714], [-75.60689, 6.22791], [-75.60693, 6.22892], [-75.60532, 6.22764]]]}}, {"type": "Feature", "properties": {"codigo": "1111", "nombre_barrio": "Lorena", "comuna": "LAURELES"}, "geometry": {"type": "Polygon", "coordinates": [[[-75.60071, 6.25043], [-75.59226, 6.24963], [-75.59248, 6.24745], [-75.59755, 6.24803], [-75.59941, 6.24464], [-75.60265, 6.24521], [-75.60228, 6.25038], [-75.60071, 6.25043]]]}}, {"type": "Feature", "properties": {"codigo": "1117", "nombre_barrio": "Florida Nueva", "comuna": "LAURELES"}, "geometry": {"type": "Polygon", "coordinates": [[[-75.59161, 6.25378], [-75.58779, 6.25313], [-75.58876, 6.24923], [-75.59462, 6.24991], [-75.59161, 6.25378]]]}}, {"type": "Feature", "properties": {"codigo": "1112", "nombre_barrio": "El Velodromo", "comuna": "LAURELES"}, "geometry": {"type": "Polygon", "coordinates": [[[-75.59411, 6.25593], [-75.59229, 6.25397], [-75.59298, 6.25222], [-75.59462, 6.24991], [-75.59686, 6.25012], [-75.59642, 6.25508], [-75.59891, 6.25435], [-75.59776, 6.25862], [-75.59581, 6.2582], [-75.59411, 6.25593]]]}}, {"type": "Feature", "properties": {"codigo": "1115", "nombre_barrio": "Cuarta Brigada", "comuna": "LAURELES"}, "geometry": {"type": "Polygon", "coordinates": [[[-75.58779, 6.26237], [-75.58668, 6.26358], [-75.58452, 6.26139], [-75.58609, 6.2585], [-75.59355, 6.26267], [-75.59235, 6.26527], [-75.58779, 6.26237]]]}}, {"type": "Feature", "properties": {"codigo": "1116", "nombre_barrio": "U.D. Atanasio Girardot", "comuna": "LAURELES"}, "geometry": {"type": "Polygon", "coordinates": [[[-75.58695, 6.25681], [-75.58779, 6.25313], [-75.5897, 6.25316], [-75.59237, 6.25378], [-75.59585, 6.25798], [-75.59206, 6.25665], [-75.59016, 6.26042], [-75.58609, 6.2585], [-75.58695, 6.25681]]]}}, {"type": "Feature", "properties": {"codigo": "1103", "nombre_barrio": "Naranjal", "comuna": "LAURELES"}, "geometry": {"type": "Polygon", "coordinates": [[[-75.57899, 6.25098], [-75.58029, 6.24796], [-75.58876, 6.24923], [-75.58742, 6.25381], [-75.58196, 6.25287], [-75.57899, 6.25098]]]}}, {"type": "Feature", "properties": {"codigo": "1113", "nombre_barrio": "El Estadio", "comuna": "LAURELES"}, "geometry": {"type": "Polygon", "coordinates": [[[-75.59206, 6.25665], [-75.59776, 6.25862], [-75.59671, 6.2633], [-75.59016, 6.26042], [-75.59206, 6.25665]]]}}, {"type": "Feature", "properties": {"codigo": "1104", "nombre_barrio": "San Joaquin", "comuna": "LAURELES"}, "geometry": {"type": "Polygon", "coordinates": [[[-75.58094, 6.24819], [-75.58599, 6.24315], [-75.58911, 6.24447], [-75.58743, 6.24908], [-75.58094, 6.24819]]]}}, {"type": "Feature", "properties": {"codigo": "1102", "nombre_barrio": "Suramericana", "comuna": "LAURELES"}, "geometry": {"type": "Polygon", "coordinates": [[[-75.57939, 6.25109], [-75.58196, 6.25287], [-75.58788, 6.25372], [-75.58609, 6.2585], [-75.57723, 6.25419], [-75.57939, 6.25109]]]}}, {"type": "Feature", "properties": {"codigo": "1106", "nombre_barrio": "Universidad Pontificia Bolivariana", "comuna": "LAURELES"}, "geometry": {"type": "Polygon", "coordinates": [[[-75.58952, 6.24453], [-75.58599, 6.24315], [-75.5897, 6.23943], [-75.59188, 6.24231], [-75.58952, 6.24453]]]}}, {"type": "Feature", "properties": {"codigo": "1114", "nombre_barrio": "Los Colores", "comuna": "LAURELES"}, "geometry": {"type": "Polygon", "coordinates": [[[-75.59381, 6.2714], [-75.58727, 6.26519], [-75.58668, 6.26358], [-75.58772, 6.26231], [-75.59235, 6.26527], [-75.59328, 6.26189], [-75.59646, 6.26343], [-75.59505, 6.27113], [-75.59381, 6.2714]]]}}, {"type": "Feature", "properties": {"codigo": "1109", "nombre_barrio": "Las Acacias", "comuna": "LAURELES"}, "geometry": {"type": "Polygon", "coordinates": [[[-75.59941, 6.24464], [-75.59834, 6.2389], [-75.60307, 6.23762], [-75.60265, 6.24521], [-75.59941, 6.24464]]]}}, {"type": "Feature", "properties": {"codigo": "1101", "nombre_barrio": "Carlos E. Restrepo", "comuna": "LAURELES"}, "geometry": {"type": "Polygon", "coordinates": [[[-75.57742, 6.25893], [-75.57414, 6.2598], [-75.57723, 6.25419], [-75.58609, 6.2585], [-75.58452, 6.26139], [-75.57742, 6.25893]]]}}, {"type": "Feature", "properties": {"codigo": "1107", "nombre_barrio": "Bolivariana", "comuna": "LAURELES"}, "geometry": {"type": "Polygon", "coordinates": [[[-75.58775, 6.24757], [-75.58911, 6.24447], [-75.59168, 6.24334], [-75.59154, 6.241], [-75.59375, 6.24343], [-75.59228, 6.24561], [-75.59226, 6.24963], [-75.58743, 6.24908], [-75.58775, 6.24757]]]}}, {"type": "Feature", "properties": {"codigo": "1105", "nombre_barrio": "Los Conquistadores", "comuna": "LAURELES"}, "geometry": {"type": "Polygon", "coordinates": [[[-75.5894, 6.23926], [-75.58029, 6.24796], [-75.5775, 6.23965], [-75.5894, 6.23926]]]}}, {"type": "Feature", "properties": {"codigo": "1108", "nombre_barrio": "Laureles", "comuna": "LAURELES"}, "geometry": {"type": "Polygon", "coordinates": [[[-75.59035, 6.23967], [-75.58975, 6.23911], [-75.59834, 6.2389], [-75.59843, 6.2426], [-75.5996, 6.24285], [-75.59864, 6.24712], [-75.59743, 6.24805], [-75.59248, 6.24745], [-75.59375, 6.24343], [-75.59035, 6.23967]]]}}, {"type": "Feature", "properties": {"codigo": "1110", "nombre_barrio": "La Castellana", "comuna": "LAURELES"}, "geometry": {"type": "Polygon", "coordinates": [[[-75.6028, 6.24218], [-75.60307, 6.23762], [-75.60735, 6.23746], [-75.6099, 6.23936], [-75.61153, 6.23755], [-75.61351, 6.24013], [-75.61186, 6.24254], [-75.60781, 6.24193], [-75.60677, 6.24417], [-75.60288, 6.24326], [-75.6028, 6.24218]]]}}, {"type": "Feature", "properties": {"codigo": "1205", "nombre_barrio": "La Floresta", "comuna": "LA AMERICA"}, "geometry": {"type": "Polygon", "coordinates": [[[-75.60047, 6.25925], [-75.59776, 6.25862], [-75.5986, 6.25497], [-75.60279, 6.25291], [-75.60464, 6.25398], [-75.60491, 6.25596], [-75.60242, 6.25917], [-75.60047, 6.25925]]]}}, {"type": "Feature", "properties": {"codigo": "1201", "nombre_barrio": "Ferrini", "comuna": "LA AMERICA"}, "geometry": {"type": "Polygon", "coordinates": [[[-75.59505, 6.27113], [-75.59606, 6.2662], [-75.5982, 6.26617], [-75.59903, 6.26791], [-75.59797, 6.27172], [-75.5955, 6.27206], [-75.59505, 6.27113]]]}}, {"type": "Feature", "properties": {"codigo": "1212", "nombre_barrio": "Santa Teresita", "comuna": "LA AMERICA"}, "geometry": {"type": "Polygon", "coordinates": [[[-75.60954, 6.24609], [-75.60677, 6.24417], [-75.60781, 6.24193], [-75.61186, 6.24254], [-75.61351, 6.24013], [-75.61627, 6.24023], [-75.6161, 6.24453], [-75.60954, 6.24609]]]}}, {"type": "Feature", "properties": {"codigo": "1202", "nombre_barrio": "Calasanz", "comuna": "LA AMERICA"}, "geometry": {"type": "Polygon", "coordinates": [[[-75.59606, 6.2662], [-75.59776, 6.25862], [-75.60047, 6.25925], [-75.60035, 6.26455], [-75.59606, 6.2662]]]}}, {"type": "Feature", "properties": {"codigo": "1208", "nombre_barrio": "Campo Alegre", "comuna": "LA AMERICA"}, "geometry": {"type": "Polygon", "coordinates": [[[-75.60407, 6.25621], [-75.6069, 6.25446], [-75.60865, 6.2552], [-75.60923, 6.25338], [-75.61036, 6.25403], [-75.61046, 6.25181], [-75.61285, 6.24969], [-75.61605, 6.25296], [-75.61841, 6.252], [-75.61328, 6.25634], [-75.60673, 6.25609], [-75.6038, 6.25806], [-75.60407, 6.25621]]]}}, {"type": "Feature", "properties": {"codigo": "1207", "nombre_barrio": "El Danubio", "comuna": "LA AMERICA"}, "geometry": {"type": "Polygon", "coordinates": [[[-75.61083, 6.25214], [-75.60865, 6.2552], [-75.6069, 6.25446], [-75.60524, 6.25593], [-75.60756, 6.25231], [-75.60682, 6.25166], [-75.60908, 6.24987], [-75.61083, 6.25214]]]}}, {"type": "Feature", "properties": {"codigo": "1206", "nombre_barrio": "Santa Lucia", "comuna": "LA AMERICA"}, "geometry": {"type": "Polygon", "coordinates": [[[-75.60087, 6.25953], [-75.6061, 6.25625], [-75.61261, 6.25583], [-75.61117, 6.25828], [-75.60218, 6.26044], [-75.60087, 6.25953]]]}}, {"type": "Feature", "properties": {"codigo": "1211", "nombre_barrio": "Simon Bolivar", "comuna": "LA AMERICA"}, "geometry": {"type": "Polygon", "coordinates": [[[-75.60242, 6.24854], [-75.60288, 6.24326], [-75.60799, 6.24423], [-75.60954, 6.24609], [-75.60632, 6.24918], [-75.60537, 6.24794], [-75.60236, 6.24937], [-75.60242, 6.24854]]]}}, {"type": "Feature", "properties": {"codigo": "1203", "nombre_barrio": "Los Pinos", "comuna": "LA AMERICA"}, "geometry": {"type": "Polygon", "coordinates": [[[-75.59656, 6.25336], [-75.59686, 6.25012], [-75.60245, 6.25049], [-75.59891, 6.25435], [-75.59642, 6.25508], [-75.59656, 6.25336]]]}}, {"type": "Feature", "properties": {"codigo": "1204", "nombre_barrio": "La America", "comuna": "LA AMERICA"}, "geometry": {"type": "Polygon", "coordinates": [[[-75.60277, 6.25295], [-75.59891, 6.25435], [-75.60383, 6.24826], [-75.60537, 6.24794], [-75.60801, 6.25071], [-75.60524, 6.25593], [-75.60277, 6.25295]]]}}, {"type": "Feature", "properties": {"codigo": "1210", "nombre_barrio": "Barrio Cristobal", "comuna": "LA AMERICA"}, "geometry": {"type": "Polygon", "coordinates": [[[-75.60632, 6.24918], [-75.60985, 6.24587], [-75.6127, 6.24564], [-75.60801, 6.25071], [-75.60632, 6.24918]]]}}, {"type": "Feature", "properties": {"codigo": "1209", "nombre_barrio": "Santa Monica", "comuna": "LA AMERICA"}, "geometry": {"type": "Polygon", "coordinates": [[[-75.60908, 6.24987], [-75.6127, 6.24564], [-75.61594, 6.24456], [-75.61692, 6.24562], [-75.61558, 6.24723], [-75.61616, 6.24877], [-75.61429, 6.25056], [-75.61285, 6.24969], [-75.61058, 6.25171], [-75.60908, 6.24987]]]}}, {"type": "Feature", "properties": {"codigo": "1213", "nombre_barrio": "Calasanz Parte Alta", "comuna": "LA AMERICA"}, "geometry": {"type": "Polygon", "coordinates": [[[-75.59897, 6.2691], [-75.5982, 6.26617], [-75.60218, 6.26261], [-75.60489, 6.26257], [-75.60452, 6.26513], [-75.60595, 6.26868], [-75.60347, 6.26853], [-75.60131, 6.27118], [-75.59897, 6.2691]]]}}, {"type": "Feature", "properties": {"codigo": "0914", "nombre_barrio": "Asomadera No. 1", "comuna": "BUENOS AIRES"}, "geometry": {"type": "Polygon", "coordinates": [[[-75.56607, 6.23429], [-75.56192, 6.23248], [-75.55932, 6.22672], [-75.55961, 6.22305], [-75.56488, 6.22581], [-75.56651, 6.22828], [-75.56567, 6.23135], [-75.56756, 6.23381], [-75.56607, 6.23429]]]}}, {"type": "Feature", "properties": {"codigo": "0915", "nombre_barrio": "Asomadera No. 2", "comuna": "BUENOS AIRES"}, "geometry": {"type": "Polygon", "coordinates": [[[-75.55996, 6.22305], [-75.5625, 6.21978], [-75.55994, 6.21996], [-75.55783, 6.21455], [-75.56321, 6.21568], [-75.56603, 6.21849], [-75.56488, 6.22581], [-75.56077, 6.22447], [-75.55996, 6.22305]]]}}, {"type": "Feature", "properties": {"codigo": "0904", "nombre_barrio": "Los Cerros El Vergel", "comuna": "BUENOS AIRES"}, "geometry": {"type": "Polygon", "coordinates": [[[-75.54101, 6.2299], [-75.5454, 6.23207], [-75.54558, 6.2341], [-75.54787, 6.23642], [-75.54761, 6.23816], [-75.54448, 6.2366], [-75.54037, 6.23212], [-75.54101, 6.2299]]]}}, {"type": "Feature", "properties": {"codigo": "0908", "nombre_barrio": "Miraflores", "comuna": "BUENOS AIRES"}, "geometry": {"type": "Polygon", "coordinates": [[[-75.55134, 6.24009], [-75.54761, 6.23816], [-75.54787, 6.23642], [-75.54558, 6.2341], [-75.54627, 6.23333], [-75.5537, 6.23719], [-75.55134, 6.24009]]]}}, {"type": "Feature", "properties": {"codigo": "0911", "nombre_barrio": "Gerona", "comuna": "BUENOS AIRES"}, "geometry": {"type": "Polygon", "coordinates": [[[-75.55579, 6.23874], [-75.55754, 6.23549], [-75.5593, 6.23548], [-75.56116, 6.23747], [-75.56074, 6.24197], [-75.55579, 6.23874]]]}}, {"type": "Feature", "properties": {"codigo": "0905", "nombre_barrio": "Alejandro Echavarria", "comuna": "BUENOS AIRES"}, "geometry": {"type": "Polygon", "coordinates": [[[-75.54635, 6.24019], [-75.5401, 6.23431], [-75.54026, 6.23189], [-75.54448, 6.2366], [-75.55134, 6.24009], [-75.55004, 6.24275], [-75.54635, 6.24019]]]}}, {"type": "Feature", "properties": {"codigo": "0901", "nombre_barrio": "Juan Pablo II", "comuna": "BUENOS AIRES"}, "geometry": {"type": "Polygon", "coordinates": [[[-75.52836, 6.23077], [-75.5262, 6.22954], [-75.53167, 6.22825], [-75.53168, 6.22993], [-75.52836, 6.23077]]]}}, {"type": "Feature", "properties": {"codigo": "0912", "nombre_barrio": "El Salvador", "comuna": "BUENOS AIRES"}, "geometry": {"type": "Polygon", "coordinates": [[[-75.55928, 6.23547], [-75.55828, 6.23494], [-75.56008, 6.23485], [-75.56078, 6.23261], [-75.56481, 6.23396], [-75.56278, 6.23765], [-75.56411, 6.24054], [-75.56211, 6.24233], [-75.56074, 6.24197], [-75.56116, 6.23747], [-75.55928, 6.23547]]]}}, {"type": "Feature", "properties": {"codigo": "0916", "nombre_barrio": "Asomadera No. 3", "comuna": "BUENOS AIRES"}, "geometry": {"type": "Polygon", "coordinates": [[[-75.5555, 6.21857], [-75.55788, 6.21619], [-75.56002, 6.22003], [-75.56251, 6.2199], [-75.5607, 6.22269], [-75.5555, 6.21857]]]}}, {"type": "Feature", "properties": {"codigo": "0917", "nombre_barrio": "Ocho de Marzo", "comuna": "BUENOS AIRES"}, "geometry": {"type": "Polygon", "coordinates": [[[-75.52813, 6.22915], [-75.5279, 6.22739], [-75.53025, 6.22803], [-75.53212, 6.22705], [-75.53096, 6.22902], [-75.52813, 6.22915]]]}}, {"type": "Feature", "properties": {"codigo": "0909", "nombre_barrio": "Cataluna", "comuna": "BUENOS AIRES"}, "geometry": {"type": "Polygon", "coordinates": [[[-75.54873, 6.23252], [-75.55171, 6.2265], [-75.55495, 6.22775], [-75.55227, 6.23289], [-75.55314, 6.23665], [-75.54887, 6.23483], [-75.54873, 6.23252]]]}}, {"type": "Feature", "properties": {"codigo": "0910", "nombre_barrio": "La Milagrosa", "comuna": "BUENOS AIRES"}, "geometry": {"type": "Polygon", "coordinates": [[[-75.5537, 6.23719], [-75.55288, 6.23235], [-75.55759, 6.23546], [-75.55579, 6.23874], [-75.5537, 6.23719]]]}}, {"type": "Feature", "properties": {"codigo": "0903", "nombre_barrio": "Bombona No. 2", "comuna": "BUENOS AIRES"}, "geometry": {"type": "Polygon", "coordinates": [[[-75.54413, 6.23106], [-75.54104, 6.22985], [-75.54009, 6.22473], [-75.5413, 6.2255], [-75.54381, 6.22454], [-75.54454, 6.22566], [-75.54892, 6.22639], [-75.54885, 6.2348], [-75.54413, 6.23106]]]}}, {"type": "Feature", "properties": {"codigo": "0902", "nombre_barrio": "Barrio de Jesus", "comuna": "BUENOS AIRES"}, "geometry": {"type": "Polygon", "coordinates": [[[-75.53827, 6.23267], [-75.53242, 6.23067], [-75.53143, 6.22893], [-75.53212, 6.22705], [-75.53396, 6.22856], [-75.53967, 6.22764], [-75.54042, 6.22611], [-75.54095, 6.23032], [-75.53957, 6.23307], [-75.53827, 6.23267]]]}}, {"type": "Feature", "properties": {"codigo": "0907", "nombre_barrio": "Buenos Aires", "comuna": "BUENOS AIRES"}, "geometry": {"type": "Polygon", "coordinates": [[[-75.55199, 6.24039], [-75.5537, 6.23719], [-75.56004, 6.24225], [-75.55823, 6.24365], [-75.55199, 6.24039]]]}}, {"type": "Feature", "properties": {"codigo": "0913", "nombre_barrio": "Loreto", "comuna": "BUENOS AIRES"}, "geometry": {"type": "Polygon", "coordinates": [[[-75.55695, 6.23507], [-75.55318, 6.23154], [-75.55503, 6.22682], [-75.55716, 6.22836], [-75.55682, 6.22695], [-75.55932, 6.22672], [-75.56197, 6.23253], [-75.56078, 6.23261], [-75.56008, 6.23485], [-75.55695, 6.23507]]]}}, {"type": "Feature", "properties": {"codigo": "0906", "nombre_barrio": "Barrio Caicedo", "comuna": "BUENOS AIRES"}, "geometry": {"type": "Polygon", "coordinates": [[[-75.55501, 6.24505], [-75.55365, 6.24308], [-75.55004, 6.24275], [-75.55134, 6.24009], [-75.55826, 6.24366], [-75.55592, 6.24603], [-75.55501, 6.24505]]]}}, {"type": "Feature", "properties": {"codigo": "1013", "nombre_barrio": "Barrio Colon", "comuna": "LA CANDELARIA"}, "geometry": {"type": "Polygon", "coordinates": [[[-75.56465, 6.24364], [-75.56514, 6.24268], [-75.56763, 6.24356], [-75.57034, 6.23715], [-75.57246, 6.23813], [-75.56768, 6.24758], [-75.56423, 6.24445], [-75.56465, 6.24364]]]}}, {"type": "Feature", "properties": {"codigo": "1008", "nombre_barrio": "Corazon de Jesus", "comuna": "LA CANDELARIA"}, "geometry": {"type": "Polygon", "coordinates": [[[-75.5752, 6.24711], [-75.57524, 6.24627], [-75.58029, 6.24796], [-75.57723, 6.25419], [-75.57496, 6.25304], [-75.5752, 6.24711]]]}}, {"type": "Feature", "properties": {"codigo": "1012", "nombre_barrio": "Perpetuo Socorro", "comuna": "LA CANDELARIA"}, "geometry": {"type": "Polygon", "coordinates": [[[-75.57545, 6.23979], [-75.57034, 6.23715], [-75.56941, 6.22756], [-75.57562, 6.23134], [-75.5775, 6.23965], [-75.57545, 6.23979]]]}}, {"type": "Feature", "properties": {"codigo": "1007", "nombre_barrio": "Guayaquil", "comuna": "LA CANDELARIA"}, "geometry": {"type": "Polygon", "coordinates": [[[-75.57488, 6.25123], [-75.5708, 6.24965], [-75.57153, 6.24789], [-75.56827, 6.24672], [-75.56987, 6.24433], [-75.57524, 6.24627], [-75.57488, 6.25123]]]}}, {"type": "Feature", "properties": {"codigo": "1020", "nombre_barrio": "San Diego", "comuna": "LA CANDELARIA"}, "geometry": {"type": "Polygon", "coordinates": [[[-75.56503, 6.23808], [-75.56287, 6.23861], [-75.56408, 6.23488], [-75.56756, 6.23381], [-75.56567, 6.23135], [-75.56655, 6.2284], [-75.56478, 6.22607], [-75.56577, 6.22451], [-75.56917, 6.22649], [-75.57037, 6.23761], [-75.5688, 6.24074], [-75.56503, 6.23808]]]}}, {"type": "Feature", "properties": {"codigo": "1014", "nombre_barrio": "Las Palmas", "comuna": "LA CANDELARIA"}, "geometry": {"type": "Polygon", "coordinates": [[[-75.56322, 6.23926], [-75.56437, 6.23783], [-75.5658, 6.23816], [-75.5688, 6.24074], [-75.56763, 6.24356], [-75.5632, 6.24157], [-75.56411, 6.24054], [-75.56322, 6.23926]]]}}, {"type": "Feature", "properties": {"codigo": "1006", "nombre_barrio": "San Benito", "comuna": "LA CANDELARIA"}, "geometry": {"type": "Polygon", "coordinates": [[[-75.57331, 6.25894], [-75.571, 6.25391], [-75.5694, 6.25304], [-75.5708, 6.24965], [-75.57488, 6.25123], [-75.57496, 6.25304], [-75.57723, 6.25419], [-75.57379, 6.2605], [-75.57331, 6.25894]]]}}, {"type": "Feature", "properties": {"codigo": "1016", "nombre_barrio": "Boston", "comuna": "LA CANDELARIA"}, "geometry": {"type": "Polygon", "coordinates": [[[-75.55474, 6.24968], [-75.55426, 6.24826], [-75.55826, 6.24366], [-75.56333, 6.24624], [-75.56036, 6.25205], [-75.55474, 6.24968]]]}}, {"type": "Feature", "properties": {"codigo": "1017", "nombre_barrio": "Los Angeles", "comuna": "LA CANDELARIA"}, "geometry": {"type": "Polygon", "coordinates": [[[-75.55475, 6.25166], [-75.55474, 6.24968], [-75.55794, 6.25035], [-75.56217, 6.25471], [-75.56073, 6.25583], [-75.55475, 6.25166]]]}}, {"type": "Feature", "properties": {"codigo": "1004", "nombre_barrio": "El Chagualo", "comuna": "LA CANDELARIA"}, "geometry": {"type": "Polygon", "coordinates": [[[-75.56747, 6.26444], [-75.57216, 6.25703], [-75.57379, 6.2605], [-75.57213, 6.26509], [-75.56747, 6.26444]]]}}, {"type": "Feature", "properties": {"codigo": "1005", "nombre_barrio": "Estacion Villa", "comuna": "LA CANDELARIA"}, "geometry": {"type": "Polygon", "coordinates": [[[-75.56602, 6.25681], [-75.56726, 6.25403], [-75.56921, 6.2545], [-75.5694, 6.25304], [-75.57111, 6.25409], [-75.57093, 6.25769], [-75.56602, 6.25681]]]}}, {"type": "Feature", "properties": {"codigo": "1019", "nombre_barrio": "La Candelaria", "comuna": "LA CANDELARIA"}, "geometry": {"type": "Polygon", "coordinates": [[[-75.56726, 6.25403], [-75.56141, 6.25], [-75.56423, 6.24445], [-75.56768, 6.24758], [-75.56827, 6.24672], [-75.57153, 6.24789], [-75.56921, 6.2545], [-75.56726, 6.25403]]]}}, {"type": "Feature", "properties": {"codigo": "1003", "nombre_barrio": "Jesus Nazareno", "comuna": "LA CANDELARIA"}, "geometry": {"type": "Polygon", "coordinates": [[[-75.56639, 6.26428], [-75.5668, 6.26187], [-75.56425, 6.26142], [-75.56602, 6.25681], [-75.57093, 6.25769], [-75.56747, 6.26444], [-75.56639, 6.26428]]]}}, {"type": "Feature", "properties": {"codigo": "1015", "nombre_barrio": "Bombona No. 1", "comuna": "LA CANDELARIA"}, "geometry": {"type": "Polygon", "coordinates": [[[-75.55975, 6.2425], [-75.5632, 6.24157], [-75.56514, 6.24268], [-75.56333, 6.24624], [-75.55823, 6.24365], [-75.55975, 6.2425]]]}}, {"type": "Feature", "properties": {"codigo": "1018", "nombre_barrio": "Villa Nueva", "comuna": "LA CANDELARIA"}, "geometry": {"type": "Polygon", "coordinates": [[[-75.5641, 6.25602], [-75.55989, 6.25274], [-75.56141, 6.25], [-75.56737, 6.25374], [-75.56592, 6.2571], [-75.5641, 6.25602]]]}}, {"type": "Feature", "properties": {"codigo": "1011", "nombre_barrio": "Calle Nueva", "comuna": "LA CANDELARIA"}, "geometry": {"type": "Polygon", "coordinates": [[[-75.57058, 6.2426], [-75.57246, 6.23813], [-75.57508, 6.23921], [-75.57536, 6.24248], [-75.57249, 6.24223], [-75.57148, 6.245], [-75.56987, 6.24433], [-75.57058, 6.2426]]]}}, {"type": "Feature", "properties": {"codigo": "1001", "nombre_barrio": "Prado", "comuna": "LA CANDELARIA"}, "geometry": {"type": "Polygon", "coordinates": [[[-75.55821, 6.26238], [-75.55627, 6.2614], [-75.56121, 6.25511], [-75.56592, 6.2571], [-75.56325, 6.26408], [-75.55766, 6.26312], [-75.55821, 6.26238]]]}}, {"type": "Feature", "properties": {"codigo": "1002", "nombre_barrio": "Hospital San Vicente de Paul", "comuna": "LA CANDELARIA"}, "geometry": {"type": "Polygon", "coordinates": [[[-75.56325, 6.26408], [-75.56425, 6.26142], [-75.5668, 6.26187], [-75.56639, 6.26428], [-75.56325, 6.26408]]]}}, {"type": "Feature", "properties": {"codigo": "1009", "nombre_barrio": "La Alpujarra", "comuna": "LA CANDELARIA"}, "geometry": {"type": "Polygon", "coordinates": [[[-75.57593, 6.24647], [-75.57545, 6.23979], [-75.5775, 6.23965], [-75.58029, 6.24796], [-75.57593, 6.24647]]]}}, {"type": "Feature", "properties": {"codigo": "1010", "nombre_barrio": "Centro Administrativo", "comuna": "LA CANDELARIA"}, "geometry": {"type": "Polygon", "coordinates": [[[-75.57422, 6.24595], [-75.57148, 6.245], [-75.57249, 6.24223], [-75.57537, 6.24248], [-75.57524, 6.24627], [-75.57422, 6.24595]]]}}, {"type": "Feature", "properties": {"codigo": "1311", "nombre_barrio": "Belencito", "comuna": "SAN JAVIER"}, "geometry": {"type": "Polygon", "coordinates": [[[-75.61429, 6.25056], [-75.61622, 6.2486], [-75.61558, 6.24723], [-75.61692, 6.24562], [-75.61594, 6.24456], [-75.61989, 6.24425], [-75.62085, 6.24548], [-75.6193, 6.24751], [-75.61867, 6.25197], [-75.61605, 6.25296], [-75.61429, 6.25056]]]}}, {"type": "Feature", "properties": {"codigo": "1301", "nombre_barrio": "El Pesebre", "comuna": "SAN JAVIER"}, "geometry": {"type": "Polygon", "coordinates": [[[-75.60281, 6.27573], [-75.59411, 6.27174], [-75.59778, 6.27187], [-75.59897, 6.2691], [-75.60131, 6.27118], [-75.60183, 6.2703], [-75.60302, 6.27175], [-75.60281, 6.27573]]]}}, {"type": "Feature", "properties": {"codigo": "1312", "nombre_barrio": "Betania", "comuna": "SAN JAVIER"}, "geometry": {"type": "Polygon", "coordinates": [[[-75.61958, 6.24767], [-75.62085, 6.24548], [-75.61989, 6.24425], [-75.6161, 6.24457], [-75.61712, 6.2399], [-75.62158, 6.24076], [-75.62283, 6.24245], [-75.62241, 6.24418], [-75.62369, 6.24479], [-75.62042, 6.24809], [-75.61958, 6.24767]]]}}, {"type": "Feature", "properties": {"codigo": "1309", "nombre_barrio": "San Javier No.1", "comuna": "SAN JAVIER"}, "geometry": {"type": "Polygon", "coordinates": [[[-75.61555, 6.25753], [-75.61328, 6.25634], [-75.61548, 6.25411], [-75.62172, 6.25542], [-75.62161, 6.25641], [-75.61555, 6.25753]]]}}, {"type": "Feature", "properties": {"codigo": "1317", "nombre_barrio": "Eduardo Santos", "comuna": "SAN JAVIER"}, "geometry": {"type": "Polygon", "coordinates": [[[-75.62768, 6.26152], [-75.62645, 6.25978], [-75.62713, 6.25765], [-75.63096, 6.25737], [-75.63158, 6.25852], [-75.6294, 6.26018], [-75.62804, 6.25832], [-75.62783, 6.26102], [-75.62931, 6.26344], [-75.6282, 6.26419], [-75.62768, 6.26152]]]}}, {"type": "Feature", "properties": {"codigo": "1319", "nombre_barrio": "El Socorro", "comuna": "SAN JAVIER"}, "geometry": {"type": "Polygon", "coordinates": [[[-75.6194, 6.26377], [-75.61509, 6.25985], [-75.61711, 6.25896], [-75.61688, 6.25733], [-75.61808, 6.25731], [-75.61889, 6.26101], [-75.62084, 6.26266], [-75.6194, 6.26377]]]}}, {"type": "Feature", "properties": {"codigo": "1308", "nombre_barrio": "San Javier No.2", "comuna": "SAN JAVIER"}, "geometry": {"type": "Polygon", "coordinates": [[[-75.61688, 6.25733], [-75.61638, 6.25992], [-75.61117, 6.25828], [-75.61262, 6.25596], [-75.61688, 6.25733]]]}}, {"type": "Feature", "properties": {"codigo": "1304", "nombre_barrio": "Los Alcazares", "comuna": "SAN JAVIER"}, "geometry": {"type": "Polygon", "coordinates": [[[-75.60096, 6.26328], [-75.6005, 6.25944], [-75.60218, 6.26044], [-75.60989, 6.25821], [-75.60641, 6.26228], [-75.60096, 6.26328]]]}}, {"type": "Feature", "properties": {"codigo": "1305", "nombre_barrio": "Metropolitano", "comuna": "SAN JAVIER"}, "geometry": {"type": "Polygon", "coordinates": [[[-75.60795, 6.26491], [-75.60657, 6.26314], [-75.60792, 6.26212], [-75.6116, 6.26413], [-75.60795, 6.26491]]]}}, {"type": "Feature", "properties": {"codigo": "1316", "nombre_barrio": "El Salado", "comuna": "SAN JAVIER"}, "geometry": {"type": "Polygon", "coordinates": [[[-75.62713, 6.25765], [-75.62419, 6.25568], [-75.62444, 6.25647], [-75.62161, 6.25641], [-75.62132, 6.25446], [-75.63102, 6.25224], [-75.63224, 6.25453], [-75.63038, 6.25551], [-75.62905, 6.25464], [-75.62877, 6.25634], [-75.63005, 6.2572], [-75.62713, 6.25765]]]}}, {"type": "Feature", "properties": {"codigo": "1303", "nombre_barrio": "Santa Rosa de Lima", "comuna": "SAN JAVIER"}, "geometry": {"type": "Polygon", "coordinates": [[[-75.60509, 6.2669], [-75.60489, 6.26257], [-75.60615, 6.26241], [-75.60819, 6.26509], [-75.60654, 6.26834], [-75.60509, 6.2669]]]}}, {"type": "Feature", "properties": {"codigo": "1315", "nombre_barrio": "Nuevos Conquistadores", "comuna": "SAN JAVIER"}, "geometry": {"type": "Polygon", "coordinates": [[[-75.6254, 6.25361], [-75.62499, 6.2513], [-75.62665, 6.24808], [-75.62997, 6.24837], [-75.63191, 6.2501], [-75.62862, 6.25116], [-75.62968, 6.25228], [-75.6254, 6.25361]]]}}, {"type": "Feature", "properties": {"codigo": "1313", "nombre_barrio": "El Corazon", "comuna": "SAN JAVIER"}, "geometry": {"type": "Polygon", "coordinates": [[[-75.62665, 6.24808], [-75.62089, 6.24653], [-75.62866, 6.24529], [-75.63241, 6.24893], [-75.62665, 6.24808]]]}}, {"type": "Feature", "properties": {"codigo": "1302", "nombre_barrio": "Blanquizal", "comuna": "SAN JAVIER"}, "geometry": {"type": "Polygon", "coordinates": [[[-75.60634, 6.27651], [-75.60254, 6.27461], [-75.60264, 6.27247], [-75.60538, 6.27211], [-75.60518, 6.27324], [-75.60768, 6.27457], [-75.60746, 6.27646], [-75.60634, 6.27651]]]}}, {"type": "Feature", "properties": {"codigo": "1307", "nombre_barrio": "Juan XXIII La Quiebra", "comuna": "SAN JAVIER"}, "geometry": {"type": "Polygon", "coordinates": [[[-75.61373, 6.27068], [-75.61016, 6.26482], [-75.61247, 6.26186], [-75.6143, 6.26269], [-75.61701, 6.27057], [-75.61373, 6.27068]]]}}, {"type": "Feature", "properties": {"codigo": "1310", "nombre_barrio": "Veinte de Julio", "comuna": "SAN JAVIER"}, "geometry": {"type": "Polygon", "coordinates": [[[-75.61548, 6.25411], [-75.6182, 6.25275], [-75.6198, 6.24747], [-75.62276, 6.25166], [-75.62455, 6.25084], [-75.62575, 6.25232], [-75.6254, 6.25361], [-75.62136, 6.2546], [-75.61548, 6.25411]]]}}, {"type": "Feature", "properties": {"codigo": "1306", "nombre_barrio": "La Pradera", "comuna": "SAN JAVIER"}, "geometry": {"type": "Polygon", "coordinates": [[[-75.60911, 6.26217], [-75.60615, 6.26241], [-75.60989, 6.25821], [-75.61528, 6.2596], [-75.61428, 6.26269], [-75.61247, 6.26186], [-75.6112, 6.264], [-75.60911, 6.26217]]]}}, {"type": "Feature", "properties": {"codigo": "1314", "nombre_barrio": "Las Independencias", "comuna": "SAN JAVIER"}, "geometry": {"type": "Polygon", "coordinates": [[[-75.62037, 6.24813], [-75.62158, 6.24709], [-75.62614, 6.24775], [-75.62654, 6.24998], [-75.62276, 6.25166], [-75.62037, 6.24813]]]}}, {"type": "Feature", "properties": {"codigo": "1318", "nombre_barrio": "Antonio Narino", "comuna": "SAN JAVIER"}, "geometry": {"type": "Polygon", "coordinates": [[[-75.62076, 6.26309], [-75.61821, 6.25936], [-75.61808, 6.25731], [-75.61966, 6.25621], [-75.62444, 6.25647], [-75.62419, 6.25568], [-75.62779, 6.25819], [-75.62645, 6.25978], [-75.62444, 6.25753], [-75.62314, 6.25777], [-75.62235, 6.25866], [-75.62424, 6.26278], [-75.6227, 6.26174], [-75.62076, 6.26309]]]}}, {"type": "Feature", "properties": {"codigo": "1506", "nombre_barrio": "Parque Juan Pablo II", "comuna": "GUAYABAL"}, "geometry": {"type": "Polygon", "coordinates": [[[-75.58824, 6.22371], [-75.58888, 6.22039], [-75.58651, 6.22069], [-75.58562, 6.21863], [-75.58673, 6.2128], [-75.58814, 6.21309], [-75.58855, 6.21075], [-75.58998, 6.21131], [-75.59192, 6.20824], [-75.593, 6.20837], [-75.59436, 6.21041], [-75.59138, 6.2291], [-75.58994, 6.23152], [-75.58635, 6.23169], [-75.58824, 6.22371]]]}}, {"type": "Feature", "properties": {"codigo": "1509", "nombre_barrio": "Cristo Rey", "comuna": "GUAYABAL"}, "geometry": {"type": "Polygon", "coordinates": [[[-75.58855, 6.21075], [-75.58452, 6.20821], [-75.57897, 6.20736], [-75.57986, 6.20104], [-75.58745, 6.20403], [-75.58966, 6.20777], [-75.59192, 6.20824], [-75.58998, 6.21131], [-75.58855, 6.21075]]]}}, {"type": "Feature", "properties": {"codigo": "1507", "nombre_barrio": "Campo Amor", "comuna": "GUAYABAL"}, "geometry": {"type": "Polygon", "coordinates": [[[-75.57763, 6.21684], [-75.57897, 6.20736], [-75.58452, 6.20821], [-75.58855, 6.21075], [-75.58814, 6.21309], [-75.58673, 6.2128], [-75.58562, 6.21863], [-75.57763, 6.21684]]]}}, {"type": "Feature", "properties": {"codigo": "1510", "nombre_barrio": "Guayabal", "comuna": "GUAYABAL"}, "geometry": {"type": "Polygon", "coordinates": [[[-75.5808, 6.19717], [-75.58316, 6.19582], [-75.5875, 6.19682], [-75.58838, 6.19488], [-75.59168, 6.19327], [-75.58712, 6.2043], [-75.57986, 6.20104], [-75.5808, 6.19717]]]}}, {"type": "Feature", "properties": {"codigo": "1504", "nombre_barrio": "Santa Fe", "comuna": "GUAYABAL"}, "geometry": {"type": "Polygon", "coordinates": [[[-75.57635, 6.22593], [-75.57763, 6.21684], [-75.58616, 6.21885], [-75.58651, 6.22069], [-75.58888, 6.22039], [-75.58824, 6.22371], [-75.58547, 6.22306], [-75.58172, 6.22501], [-75.5809, 6.22677], [-75.5783, 6.22586], [-75.5775, 6.23189], [-75.57562, 6.23134], [-75.57635, 6.22593]]]}}, {"type": "Feature", "properties": {"codigo": "1502", "nombre_barrio": "Tenche", "comuna": "GUAYABAL"}, "geometry": {"type": "Polygon", "coordinates": [[[-75.58243, 6.23328], [-75.5765, 6.2316], [-75.5775, 6.23189], [-75.58018, 6.22882], [-75.58277, 6.22951], [-75.58243, 6.23328]]]}}, {"type": "Feature", "properties": {"codigo": "1503", "nombre_barrio": "Trinidad", "comuna": "GUAYABAL"}, "geometry": {"type": "Polygon", "coordinates": [[[-75.57759, 6.23181], [-75.5783, 6.22586], [-75.5809, 6.22677], [-75.58172, 6.22501], [-75.58547, 6.22306], [-75.58824, 6.22371], [-75.58635, 6.23169], [-75.58276, 6.23179], [-75.58277, 6.22951], [-75.58018, 6.22882], [-75.57759, 6.23181]]]}}, {"type": "Feature", "properties": {"codigo": "1511", "nombre_barrio": "La Colina", "comuna": "GUAYABAL"}, "geometry": {"type": "Polygon", "coordinates": [[[-75.58774, 6.20276], [-75.59168, 6.19327], [-75.59223, 6.19638], [-75.59997, 6.20014], [-75.59821, 6.20325], [-75.5905, 6.20165], [-75.5888, 6.20532], [-75.58725, 6.20397], [-75.58774, 6.20276]]]}}, {"type": "Feature", "properties": {"codigo": "1501", "nombre_barrio": "El Rodeo", "comuna": "GUAYABAL"}, "geometry": {"type": "Polygon", "coordinates": [[[-75.5888, 6.20532], [-75.5905, 6.20165], [-75.59793, 6.20327], [-75.59895, 6.20444], [-75.59805, 6.205], [-75.5983, 6.21061], [-75.59422, 6.21121], [-75.59349, 6.20872], [-75.58979, 6.20788], [-75.5888, 6.20532]]]}}, {"type": "Feature", "properties": {"codigo": "0207", "nombre_barrio": "Villa del Socorro", "comuna": "SANTA CRUZ"}, "geometry": {"type": "Polygon", "coordinates": [[[-75.54933, 6.29445], [-75.54999, 6.29438], [-75.5502, 6.29242], [-75.55079, 6.29241], [-75.55276, 6.29297], [-75.5529, 6.29385], [-75.55313, 6.29348], [-75.55537, 6.2933], [-75.55639, 6.29472], [-75.55439, 6.29778], [-75.55395, 6.29751], [-75.55437, 6.29671], [-75.55323, 6.29567], [-75.55258, 6.29669], [-75.55214, 6.29642], [-75.5527, 6.29542], [-75.55083, 6.2966], [-75.5503, 6.29589], [-75.54914, 6.29564], [-75.54893, 6.29497], [-75.54933, 6.29445]]]}}, {"type": "Feature", "properties": {"codigo": "0208", "nombre_barrio": "Villa Niza", "comuna": "SANTA CRUZ"}, "geometry": {"type": "Polygon", "coordinates": [[[-75.55514, 6.29654], [-75.55581, 6.29607], [-75.55653, 6.2939], [-75.55883, 6.29451], [-75.55995, 6.29578], [-75.55966, 6.29743], [-75.55881, 6.29854], [-75.55811, 6.29759], [-75.55514, 6.29654]]]}}, {"type": "Feature", "properties": {"codigo": "0202", "nombre_barrio": "Playon de Los Comuneros", "comuna": "SANTA CRUZ"}, "geometry": {"type": "Polygon", "coordinates": [[[-75.55292, 6.30747], [-75.5508, 6.30711], [-75.55037, 6.30655], [-75.54961, 6.30677], [-75.5486, 6.3058], [-75.54602, 6.30572], [-75.54569, 6.30533], [-75.54906, 6.30512], [-75.54917, 6.30408], [-75.55278, 6.30612], [-75.55714, 6.30695], [-75.55724, 6.30998], [-75.555, 6.30816], [-75.55292, 6.30747]]]}}, {"type": "Feature", "properties": {"codigo": "0204", "nombre_barrio": "La Frontera", "comuna": "SANTA CRUZ"}, "geometry": {"type": "Polygon", "coordinates": [[[-75.55643, 6.30684], [-75.55166, 6.30549], [-75.55252, 6.3043], [-75.55312, 6.30474], [-75.55326, 6.30431], [-75.55438, 6.30461], [-75.55516, 6.30294], [-75.55608, 6.30356], [-75.55607, 6.30318], [-75.55662, 6.30332], [-75.55717, 6.30669], [-75.55643, 6.30684]]]}}, {"type": "Feature", "properties": {"codigo": "0209", "nombre_barrio": "Moscu No. 1", "comuna": "SANTA CRUZ"}, "geometry": {"type": "Polygon", "coordinates": [[[-75.55376, 6.29002], [-75.55396, 6.28957], [-75.55533, 6.28915], [-75.55585, 6.28932], [-75.5563, 6.29052], [-75.55526, 6.29347], [-75.55313, 6.29348], [-75.5529, 6.29385], [-75.55276, 6.29297], [-75.55035, 6.29193], [-75.55234, 6.29212], [-75.55254, 6.29147], [-75.55319, 6.29167], [-75.55376, 6.29002]]]}}, {"type": "Feature", "properties": {"codigo": "0206", "nombre_barrio": "Andalucia", "comuna": "SANTA CRUZ"}, "geometry": {"type": "Polygon", "coordinates": [[[-75.55667, 6.30087], [-75.55698, 6.3002], [-75.556, 6.29967], [-75.55378, 6.29976], [-75.55317, 6.30076], [-75.55269, 6.30047], [-75.5533, 6.29949], [-75.55109, 6.29845], [-75.55188, 6.29767], [-75.55083, 6.2966], [-75.5527, 6.29542], [-75.55214, 6.29642], [-75.55258, 6.29669], [-75.55322, 6.29567], [-75.55437, 6.29671], [-75.55395, 6.29751], [-75.55439, 6.29778], [-75.55514, 6.29654], [-75.55811, 6.29759], [-75.55881, 6.29854], [-75.55805, 6.30045], [-75.55667, 6.30087]]]}}, {"type": "Feature", "properties": {"codigo": "0201", "nombre_barrio": "La Isla", "comuna": "SANTA CRUZ"}, "geometry": {"type": "Polygon", "coordinates": [[[-75.54913, 6.30408], [-75.54929, 6.30497], [-75.54806, 6.30535], [-75.54726, 6.30502], [-75.54571, 6.30538], [-75.54449, 6.3042], [-75.54628, 6.3043], [-75.54711, 6.30358], [-75.5483, 6.30427], [-75.54872, 6.30059], [-75.54925, 6.29956], [-75.55006, 6.29977], [-75.54988, 6.30083], [-75.55044, 6.30148], [-75.55253, 6.30171], [-75.55166, 6.30549], [-75.54913, 6.30408]]]}}, {"type": "Feature", "properties": {"codigo": "0205", "nombre_barrio": "La Francia", "comuna": "SANTA CRUZ"}, "geometry": {"type": "Polygon", "coordinates": [[[-75.55677, 6.30345], [-75.55486, 6.30247], [-75.55239, 6.30223], [-75.55248, 6.30169], [-75.55025, 6.30133], [-75.54988, 6.30083], [-75.55006, 6.29977], [-75.54925, 6.29956], [-75.55083, 6.29659], [-75.55188, 6.29767], [-75.55109, 6.29845], [-75.5533, 6.29949], [-75.55269, 6.30047], [-75.55317, 6.30076], [-75.55378, 6.29976], [-75.555, 6.2996], [-75.55698, 6.3002], [-75.55667, 6.30087], [-75.55793, 6.3007], [-75.55677, 6.30345]]]}}, {"type": "Feature", "properties": {"codigo": "0203", "nombre_barrio": "Pablo VI", "comuna": "SANTA CRUZ"}, "geometry": {"type": "Polygon", "coordinates": [[[-75.55174, 6.30432], [-75.55239, 6.30223], [-75.55611, 6.30302], [-75.55608, 6.30356], [-75.55516, 6.30294], [-75.55438, 6.30461], [-75.55326, 6.30431], [-75.55312, 6.30474], [-75.55252, 6.3043], [-75.55166, 6.30549], [-75.55174, 6.30432]]]}}, {"type": "Feature", "properties": {"codigo": "0210", "nombre_barrio": "Santa Cruz", "comuna": "SANTA CRUZ"}, "geometry": {"type": "Polygon", "coordinates": [[[-75.55905, 6.29465], [-75.55653, 6.2939], [-75.55638, 6.2942], [-75.55537, 6.2933], [-75.55619, 6.29092], [-75.56191, 6.29247], [-75.56234, 6.29116], [-75.56336, 6.2915], [-75.56296, 6.29328], [-75.56146, 6.29496], [-75.56126, 6.29466], [-75.55995, 6.29578], [-75.55905, 6.29465]]]}}, {"type": "Feature", "properties": {"codigo": "0211", "nombre_barrio": "La Rosa", "comuna": "SANTA CRUZ"}, "geometry": {"type": "Polygon", "coordinates": [[[-75.55791, 6.29145], [-75.55619, 6.29092], [-75.55584, 6.28878], [-75.55767, 6.28933], [-75.55831, 6.28892], [-75.5613, 6.28987], [-75.56123, 6.29137], [-75.5622, 6.29153], [-75.56191, 6.29247], [-75.55791, 6.29145]]]}}, {"type": "Feature", "properties": {"codigo": "0309", "nombre_barrio": "Versalles No. 1", "comuna": "MANRIQUE"}, "geometry": {"type": "Polygon", "coordinates": [[[-75.54143, 6.26795], [-75.54131, 6.26553], [-75.54213, 6.26569], [-75.54223, 6.26518], [-75.54102, 6.26494], [-75.54179, 6.26371], [-75.5415, 6.26159], [-75.54282, 6.26129], [-75.5466, 6.26221], [-75.54626, 6.2674], [-75.54143, 6.26795]]]}}, {"type": "Feature", "properties": {"codigo": "0313", "nombre_barrio": "Maria Cano Carambolas", "comuna": "MANRIQUE"}, "geometry": {"type": "Polygon", "coordinates": [[[-75.53815, 6.28607], [-75.53637, 6.285], [-75.5373, 6.28344], [-75.53778, 6.28359], [-75.53731, 6.282], [-75.53813, 6.28158], [-75.5394, 6.28207], [-75.53957, 6.28104], [-75.53883, 6.27917], [-75.54194, 6.2773], [-75.54115, 6.28147], [-75.54114, 6.2846], [-75.54053, 6.28534], [-75.53915, 6.28441], [-75.53914, 6.28575], [-75.53815, 6.28607]]]}}, {"type": "Feature", "properties": {"codigo": "0305", "nombre_barrio": "El Raizal", "comuna": "MANRIQUE"}, "geometry": {"type": "Polygon", "coordinates": [[[-75.54299, 6.27139], [-75.54258, 6.27144], [-75.54235, 6.27031], [-75.54257, 6.26775], [-75.54626, 6.2674], [-75.54704, 6.26782], [-75.54744, 6.26739], [-75.54823, 6.26809], [-75.54822, 6.26732], [-75.54966, 6.26809], [-75.5488, 6.27007], [-75.54797, 6.26951], [-75.54716, 6.27038], [-75.54656, 6.26985], [-75.54654, 6.27137], [-75.54509, 6.27087], [-75.54281, 6.27228], [-75.54299, 6.27139]]]}}, {"type": "Feature", "properties": {"codigo": "0303", "nombre_barrio": "Campo Valdes No. 2", "comuna": "MANRIQUE"}, "geometry": {"type": "Polygon", "coordinates": [[[-75.55166, 6.27677], [-75.54925, 6.27632], [-75.55032, 6.27034], [-75.54911, 6.26988], [-75.55092, 6.26949], [-75.55255, 6.26974], [-75.55267, 6.26925], [-75.55352, 6.26925], [-75.55382, 6.26819], [-75.55429, 6.26909], [-75.55484, 6.26874], [-75.55336, 6.27705], [-75.55166, 6.27677]]]}}, {"type": "Feature", "properties": {"codigo": "0312", "nombre_barrio": "Oriente", "comuna": "MANRIQUE"}, "geometry": {"type": "Polygon", "coordinates": [[[-75.53745, 6.27944], [-75.53674, 6.27869], [-75.53592, 6.27624], [-75.53604, 6.27577], [-75.53667, 6.27581], [-75.53572, 6.27552], [-75.5357, 6.27502], [-75.53759, 6.27487], [-75.54001, 6.27398], [-75.54166, 6.27245], [-75.54535, 6.27129], [-75.54578, 6.27345], [-75.5449, 6.27476], [-75.53899, 6.27913], [-75.53836, 6.2789], [-75.53837, 6.27945], [-75.53745, 6.27944]]]}}, {"type": "Feature", "properties": {"codigo": "0314", "nombre_barrio": "San Jose la Cima No. 1", "comuna": "MANRIQUE"}, "geometry": {"type": "Polygon", "coordinates": [[[-75.54149, 6.27973], [-75.5429, 6.28074], [-75.5439, 6.28088], [-75.54334, 6.28265], [-75.54373, 6.28315], [-75.54343, 6.28426], [-75.54281, 6.28435], [-75.54239, 6.28593], [-75.54077, 6.28633], [-75.53997, 6.28589], [-75.54114, 6.2846], [-75.54149, 6.27973]]]}}, {"type": "Feature", "properties": {"codigo": "0307", "nombre_barrio": "Manrique Central No. 2", "comuna": "MANRIQUE"}, "geometry": {"type": "Polygon", "coordinates": [[[-75.55155, 6.26696], [-75.55057, 6.26669], [-75.55114, 6.26601], [-75.55125, 6.26474], [-75.55239, 6.26414], [-75.55355, 6.26256], [-75.55427, 6.26259], [-75.55597, 6.26108], [-75.55627, 6.2614], [-75.55566, 6.262], [-75.55511, 6.26671], [-75.55269, 6.26683], [-75.55271, 6.26643], [-75.55155, 6.26696]]]}}, {"type": "Feature", "properties": {"codigo": "0308", "nombre_barrio": "Manrique Oriental", "comuna": "MANRIQUE"}, "geometry": {"type": "Polygon", "coordinates": [[[-75.5466, 6.26221], [-75.54715, 6.26104], [-75.54834, 6.26111], [-75.55127, 6.26247], [-75.55372, 6.26108], [-75.55309, 6.26344], [-75.55125, 6.26474], [-75.55109, 6.26611], [-75.54962, 6.26734], [-75.54966, 6.26809], [-75.54822, 6.26732], [-75.54823, 6.26809], [-75.54744, 6.26739], [-75.54704, 6.26782], [-75.54626, 6.2674], [-75.5466, 6.26221]]]}}, {"type": "Feature", "properties": {"codigo": "0304", "nombre_barrio": "Santa Ines", "comuna": "MANRIQUE"}, "geometry": {"type": "Polygon", "coordinates": [[[-75.54745, 6.27513], [-75.54493, 6.27482], [-75.54578, 6.27345], [-75.54573, 6.2722], [-75.54526, 6.27121], [-75.54426, 6.27142], [-75.54509, 6.27087], [-75.54654, 6.27137], [-75.54656, 6.26985], [-75.54716, 6.27038], [-75.54797, 6.26951], [-75.54849, 6.27018], [-75.54911, 6.26988], [-75.55032, 6.27034], [-75.54925, 6.27633], [-75.5476, 6.27605], [-75.54745, 6.27513]]]}}, {"type": "Feature", "properties": {"codigo": "0301", "nombre_barrio": "La Salle", "comuna": "MANRIQUE"}, "geometry": {"type": "Polygon", "coordinates": [[[-75.54846, 6.2855], [-75.54856, 6.28521], [-75.54677, 6.2848], [-75.54481, 6.28558], [-75.54476, 6.28596], [-75.54142, 6.28611], [-75.54239, 6.28593], [-75.54286, 6.28425], [-75.54347, 6.28415], [-75.5437, 6.2827], [-75.54615, 6.28199], [-75.54638, 6.28156], [-75.54726, 6.28211], [-75.54877, 6.28131], [-75.55113, 6.28209], [-75.5512, 6.28149], [-75.55173, 6.28144], [-75.55229, 6.28209], [-75.55278, 6.282], [-75.55258, 6.28669], [-75.55183, 6.28649], [-75.55185, 6.28533], [-75.55092, 6.28508], [-75.55092, 6.28468], [-75.54913, 6.28423], [-75.54893, 6.28553], [-75.54846, 6.2855]]]}}, {"type": "Feature", "properties": {"codigo": "0302", "nombre_barrio": "Las Granjas", "comuna": "MANRIQUE"}, "geometry": {"type": "Polygon", "coordinates": [[[-75.54334, 6.28265], [-75.54434, 6.27988], [-75.54476, 6.27733], [-75.54441, 6.27541], [-75.54483, 6.2748], [-75.54749, 6.27513], [-75.5476, 6.27605], [-75.55336, 6.27705], [-75.55234, 6.28209], [-75.55173, 6.28144], [-75.5512, 6.28149], [-75.55113, 6.28209], [-75.54877, 6.28131], [-75.5473, 6.28211], [-75.54638, 6.28156], [-75.5445, 6.28266], [-75.54334, 6.28265]]]}}, {"type": "Feature", "properties": {"codigo": "0310", "nombre_barrio": "Versalles No. 2", "comuna": "MANRIQUE"}, "geometry": {"type": "Polygon", "coordinates": [[[-75.5411, 6.26795], [-75.53798, 6.2676], [-75.53765, 6.26712], [-75.53948, 6.26682], [-75.53908, 6.26602], [-75.53947, 6.26549], [-75.53887, 6.26512], [-75.53917, 6.26238], [-75.53982, 6.26126], [-75.54168, 6.26203], [-75.54179, 6.26371], [-75.54102, 6.26494], [-75.54223, 6.26518], [-75.54213, 6.26569], [-75.54132, 6.2655], [-75.54159, 6.26754], [-75.5411, 6.26795]]]}}, {"type": "Feature", "properties": {"codigo": "0306", "nombre_barrio": "El Pomar", "comuna": "MANRIQUE"}, "geometry": {"type": "Polygon", "coordinates": [[[-75.54905, 6.26973], [-75.54962, 6.26734], [-75.55057, 6.26669], [-75.55182, 6.26701], [-75.55271, 6.26643], [-75.55269, 6.26683], [-75.55511, 6.26671], [-75.55461, 6.26912], [-75.55376, 6.26819], [-75.55352, 6.26925], [-75.55267, 6.26925], [-75.55255, 6.26974], [-75.54905, 6.26973]]]}}, {"type": "Feature", "properties": {"codigo": "0315", "nombre_barrio": "San Jose la Cima No.2", "comuna": "MANRIQUE"}, "geometry": {"type": "Polygon", "coordinates": [[[-75.54346, 6.28076], [-75.54149, 6.27973], [-75.54195, 6.27733], [-75.54155, 6.27722], [-75.54454, 6.27502], [-75.54476, 6.27733], [-75.54434, 6.27988], [-75.54396, 6.28083], [-75.54346, 6.28076]]]}}, {"type": "Feature", "properties": {"codigo": "0311", "nombre_barrio": "La Cruz", "comuna": "MANRIQUE"}, "geometry": {"type": "Polygon", "coordinates": [[[-75.5375, 6.27488], [-75.53727, 6.27404], [-75.53629, 6.27389], [-75.53698, 6.27236], [-75.53566, 6.27066], [-75.53441, 6.27022], [-75.53406, 6.2678], [-75.53554, 6.26728], [-75.53578, 6.26787], [-75.5365, 6.26782], [-75.53676, 6.26723], [-75.54115, 6.26796], [-75.54257, 6.26776], [-75.54235, 6.27031], [-75.54258, 6.27144], [-75.54299, 6.27138], [-75.5429, 6.27217], [-75.54129, 6.27266], [-75.54001, 6.27398], [-75.5375, 6.27488]]]}}, {"type": "Feature", "properties": {"codigo": "0411", "nombre_barrio": "Las Esmeraldas", "comuna": "ARANJUEZ"}, "geometry": {"type": "Polygon", "coordinates": [[[-75.55714, 6.27826], [-75.55641, 6.27872], [-75.55625, 6.27911], [-75.55685, 6.27906], [-75.55641, 6.27952], [-75.55547, 6.27951], [-75.55382, 6.28131], [-75.55244, 6.28199], [-75.55336, 6.27705], [-75.55614, 6.27756], [-75.55647, 6.27663], [-75.55732, 6.27723], [-75.55714, 6.27826]]]}}, {"type": "Feature", "properties": {"codigo": "0412", "nombre_barrio": "La Pinuela", "comuna": "ARANJUEZ"}, "geometry": {"type": "Polygon", "coordinates": [[[-75.55383, 6.28319], [-75.55282, 6.28322], [-75.55298, 6.2817], [-75.55547, 6.27951], [-75.55641, 6.27952], [-75.55685, 6.27906], [-75.55625, 6.27911], [-75.55641, 6.27872], [-75.55708, 6.27829], [-75.55708, 6.27915], [-75.55815, 6.27864], [-75.55795, 6.28335], [-75.55383, 6.28319]]]}}, {"type": "Feature", "properties": {"codigo": "0415", "nombre_barrio": "Miranda", "comuna": "ARANJUEZ"}, "geometry": {"type": "Polygon", "coordinates": [[[-75.5625, 6.27763], [-75.561, 6.27819], [-75.5611, 6.2776], [-75.56062, 6.27749], [-75.56193, 6.27034], [-75.56239, 6.27249], [-75.56485, 6.27292], [-75.56407, 6.27724], [-75.56316, 6.27857], [-75.5625, 6.27763]]]}}, {"type": "Feature", "properties": {"codigo": "0408", "nombre_barrio": "San Pedro", "comuna": "ARANJUEZ"}, "geometry": {"type": "Polygon", "coordinates": [[[-75.56248, 6.2654], [-75.56186, 6.26709], [-75.56189, 6.2705], [-75.55861, 6.26993], [-75.55973, 6.26347], [-75.56325, 6.26408], [-75.56248, 6.2654]]]}}, {"type": "Feature", "properties": {"codigo": "0417", "nombre_barrio": "Parque Norte", "comuna": "ARANJUEZ"}, "geometry": {"type": "Polygon", "coordinates": [[[-75.56887, 6.27574], [-75.56498, 6.2722], [-75.56555, 6.26921], [-75.57081, 6.27082], [-75.56967, 6.27584], [-75.56887, 6.27574]]]}}, {"type": "Feature", "properties": {"codigo": "0409", "nombre_barrio": "Manrique Central No. 1", "comuna": "ARANJUEZ"}, "geometry": {"type": "Polygon", "coordinates": [[[-75.55475, 6.26926], [-75.55566, 6.262], [-75.55627, 6.2614], [-75.55721, 6.26222], [-75.55826, 6.26229], [-75.55766, 6.26312], [-75.55973, 6.26347], [-75.55861, 6.26993], [-75.55475, 6.26926]]]}}, {"type": "Feature", "properties": {"codigo": "0405", "nombre_barrio": "Moravia", "comuna": "ARANJUEZ"}, "geometry": {"type": "Polygon", "coordinates": [[[-75.56529, 6.28374], [-75.56661, 6.28136], [-75.56531, 6.28031], [-75.5651, 6.27827], [-75.56422, 6.27663], [-75.56498, 6.2722], [-75.56852, 6.27551], [-75.56967, 6.27584], [-75.56819, 6.28396], [-75.56614, 6.28569], [-75.56518, 6.28506], [-75.56406, 6.28533], [-75.56518, 6.28445], [-75.56529, 6.28374]]]}}, {"type": "Feature", "properties": {"codigo": "0407", "nombre_barrio": "Sevilla", "comuna": "ARANJUEZ"}, "geometry": {"type": "Polygon", "coordinates": [[[-75.56371, 6.26397], [-75.56747, 6.26444], [-75.56632, 6.26938], [-75.56186, 6.26799], [-75.56248, 6.2654], [-75.56371, 6.26397]]]}}, {"type": "Feature", "properties": {"codigo": "0401", "nombre_barrio": "Berlin", "comuna": "ARANJUEZ"}, "geometry": {"type": "Polygon", "coordinates": [[[-75.55521, 6.28899], [-75.55466, 6.28864], [-75.55468, 6.28732], [-75.55258, 6.28669], [-75.55278, 6.2833], [-75.55795, 6.28335], [-75.5577, 6.28838], [-75.55707, 6.28835], [-75.55703, 6.28911], [-75.55521, 6.28899]]]}}, {"type": "Feature", "properties": {"codigo": "0403", "nombre_barrio": "Palermo", "comuna": "ARANJUEZ"}, "geometry": {"type": "Polygon", "coordinates": [[[-75.56311, 6.29129], [-75.56278, 6.29154], [-75.56234, 6.29116], [-75.5627, 6.29062], [-75.56238, 6.28928], [-75.5629, 6.28934], [-75.56342, 6.28865], [-75.56283, 6.28517], [-75.56312, 6.28322], [-75.56529, 6.28374], [-75.56518, 6.28445], [-75.56406, 6.28533], [-75.56518, 6.28506], [-75.56614, 6.28569], [-75.56523, 6.28938], [-75.56344, 6.29172], [-75.56311, 6.29129]]]}}, {"type": "Feature", "properties": {"codigo": "0404", "nombre_barrio": "Bermejal-Los Alamos", "comuna": "ARANJUEZ"}, "geometry": {"type": "Polygon", "coordinates": [[[-75.56312, 6.28322], [-75.5636, 6.28174], [-75.56345, 6.27903], [-75.56419, 6.27634], [-75.56529, 6.27894], [-75.56531, 6.28031], [-75.56641, 6.2809], [-75.5666, 6.28154], [-75.56529, 6.28374], [-75.56312, 6.28322]]]}}, {"type": "Feature", "properties": {"codigo": "0406", "nombre_barrio": "Universidad de Antioquia", "comuna": "ARANJUEZ"}, "geometry": {"type": "Polygon", "coordinates": [[[-75.56733, 6.26529], [-75.56747, 6.26444], [-75.57213, 6.26509], [-75.57081, 6.27082], [-75.56632, 6.26938], [-75.56733, 6.26529]]]}}, {"type": "Feature", "properties": {"codigo": "0416", "nombre_barrio": "Jardin Botanico", "comuna": "ARANJUEZ"}, "geometry": {"type": "Polygon", "coordinates": [[[-75.56193, 6.27034], [-75.56186, 6.26799], [-75.56555, 6.26921], [-75.56485, 6.27292], [-75.56239, 6.27249], [-75.56193, 6.27034]]]}}, {"type": "Feature", "properties": {"codigo": "0410", "nombre_barrio": "Campo Valdes No. 1", "comuna": "ARANJUEZ"}, "geometry": {"type": "Polygon", "coordinates": [[[-75.55336, 6.27705], [-75.55475, 6.26926], [-75.55861, 6.26993], [-75.55732, 6.27723], [-75.55634, 6.2766], [-75.55614, 6.27756], [-75.55336, 6.27705]]]}}, {"type": "Feature", "properties": {"codigo": "0414", "nombre_barrio": "Brasilia", "comuna": "ARANJUEZ"}, "geometry": {"type": "Polygon", "coordinates": [[[-75.55707, 6.27867], [-75.55861, 6.26993], [-75.56189, 6.2705], [-75.56048, 6.27821], [-75.55797, 6.27793], [-75.55707, 6.27867]]]}}, {"type": "Feature", "properties": {"codigo": "0413", "nombre_barrio": "Aranjuez", "comuna": "ARANJUEZ"}, "geometry": {"type": "Polygon", "coordinates": [[[-75.55815, 6.27871], [-75.55701, 6.2791], [-75.55796, 6.27793], [-75.56021, 6.27839], [-75.56062, 6.27749], [-75.5611, 6.2776], [-75.561, 6.27819], [-75.56247, 6.27762], [-75.56316, 6.27857], [-75.56385, 6.27765], [-75.56308, 6.28354], [-75.55795, 6.28335], [-75.55815, 6.27871]]]}}, {"type": "Feature", "properties": {"codigo": "0402", "nombre_barrio": "San Isidro", "comuna": "ARANJUEZ"}, "geometry": {"type": "Polygon", "coordinates": [[[-75.5571, 6.2891], [-75.55707, 6.28835], [-75.5577, 6.28838], [-75.55795, 6.28335], [-75.56308, 6.28354], [-75.56283, 6.28517], [-75.56342, 6.28865], [-75.5629, 6.28934], [-75.56238, 6.28928], [-75.5627, 6.29062], [-75.5622, 6.29153], [-75.56123, 6.29137], [-75.5613, 6.28987], [-75.55831, 6.28892], [-75.5578, 6.28933], [-75.5571, 6.2891]]]}}, {"type": "Feature", "properties": {"codigo": "0725", "nombre_barrio": "Nueva Villa de la Iguana", "comuna": "ROBLEDO"}, "geometry": {"type": "Polygon", "coordinates": [[[-75.5798, 6.25974], [-75.57846, 6.2592], [-75.58172, 6.25974], [-75.58596, 6.26251], [-75.58726, 6.26561], [-75.58243, 6.26055], [-75.5798, 6.25974]]]}}, {"type": "Feature", "properties": {"codigo": "0702", "nombre_barrio": "B. Cerro El Volador", "comuna": "ROBLEDO"}, "geometry": {"type": "Polygon", "coordinates": [[[-75.57623, 6.26938], [-75.5801, 6.25933], [-75.58669, 6.26547], [-75.58445, 6.2687], [-75.5868, 6.26894], [-75.58717, 6.27025], [-75.58377, 6.27338], [-75.57994, 6.27353], [-75.57623, 6.26938]]]}}, {"type": "Feature", "properties": {"codigo": "0715", "nombre_barrio": "Villa Flora", "comuna": "ROBLEDO"}, "geometry": {"type": "Polygon", "coordinates": [[[-75.59055, 6.28118], [-75.58732, 6.27982], [-75.59076, 6.27703], [-75.59395, 6.28018], [-75.59202, 6.28268], [-75.59055, 6.28118]]]}}, {"type": "Feature", "properties": {"codigo": "0724", "nombre_barrio": "Monteclaro", "comuna": "ROBLEDO"}, "geometry": {"type": "Polygon", "coordinates": [[[-75.60125, 6.29102], [-75.59954, 6.2911], [-75.59751, 6.28886], [-75.59612, 6.28415], [-75.6009, 6.28457], [-75.60225, 6.28807], [-75.60504, 6.29081], [-75.60146, 6.29222], [-75.60125, 6.29102]]]}}, {"type": "Feature", "properties": {"codigo": "0718", "nombre_barrio": "Cucaracho", "comuna": "ROBLEDO"}, "geometry": {"type": "Polygon", "coordinates": [[[-75.59888, 6.28411], [-75.5966, 6.27921], [-75.59848, 6.27755], [-75.60014, 6.27997], [-75.60141, 6.27799], [-75.60908, 6.27945], [-75.61077, 6.28248], [-75.60552, 6.28118], [-75.60137, 6.28529], [-75.59888, 6.28411]]]}}, {"type": "Feature", "properties": {"codigo": "0707", "nombre_barrio": "Bosques de San Pablo", "comuna": "ROBLEDO"}, "geometry": {"type": "Polygon", "coordinates": [[[-75.58388, 6.27963], [-75.57873, 6.27593], [-75.5797, 6.27359], [-75.58198, 6.27364], [-75.58221, 6.2756], [-75.58389, 6.27788], [-75.58612, 6.27848], [-75.58684, 6.28084], [-75.58582, 6.28184], [-75.58388, 6.27963]]]}}, {"type": "Feature", "properties": {"codigo": "0703", "nombre_barrio": "San German", "comuna": "ROBLEDO"}, "geometry": {"type": "Polygon", "coordinates": [[[-75.5875, 6.27005], [-75.58604, 6.2714], [-75.58714, 6.26918], [-75.58445, 6.2687], [-75.58558, 6.26805], [-75.58526, 6.26635], [-75.58727, 6.26519], [-75.59411, 6.27174], [-75.59305, 6.27337], [-75.5875, 6.27005]]]}}, {"type": "Feature", "properties": {"codigo": "0720", "nombre_barrio": "Santa Margarita", "comuna": "ROBLEDO"}, "geometry": {"type": "Polygon", "coordinates": [[[-75.60817, 6.27789], [-75.60797, 6.27679], [-75.61704, 6.27289], [-75.61941, 6.27303], [-75.62174, 6.2752], [-75.62146, 6.27757], [-75.61929, 6.27635], [-75.61125, 6.27788], [-75.60907, 6.27945], [-75.60817, 6.27789]]]}}, {"type": "Feature", "properties": {"codigo": "0713", "nombre_barrio": "Aures No.1", "comuna": "ROBLEDO"}, "geometry": {"type": "Polygon", "coordinates": [[[-75.59531, 6.29278], [-75.58837, 6.28766], [-75.59395, 6.28018], [-75.59842, 6.28956], [-75.59522, 6.29168], [-75.59531, 6.29278]]]}}, {"type": "Feature", "properties": {"codigo": "0710", "nombre_barrio": "Lopez de Mesa", "comuna": "ROBLEDO"}, "geometry": {"type": "Polygon", "coordinates": [[[-75.58289, 6.2856], [-75.57828, 6.28382], [-75.57885, 6.28094], [-75.58415, 6.28449], [-75.58433, 6.28668], [-75.58289, 6.2856]]]}}, {"type": "Feature", "properties": {"codigo": "0701", "nombre_barrio": "Universidad Nacional", "comuna": "ROBLEDO"}, "geometry": {"type": "Polygon", "coordinates": [[[-75.57688, 6.26663], [-75.57213, 6.26509], [-75.57414, 6.2598], [-75.57877, 6.25898], [-75.5798, 6.26194], [-75.57688, 6.26663]]]}}, {"type": "Feature", "properties": {"codigo": "0704", "nombre_barrio": "Facultad Veterinaria y Zootecnia", "comuna": "ROBLEDO"}, "geometry": {"type": "Polygon", "coordinates": [[[-75.58633, 6.27263], [-75.58528, 6.27186], [-75.58749, 6.27002], [-75.59091, 6.27236], [-75.58633, 6.27263]]]}}, {"type": "Feature", "properties": {"codigo": "0716", "nombre_barrio": "Palenque", "comuna": "ROBLEDO"}, "geometry": {"type": "Polygon", "coordinates": [[[-75.59804, 6.28495], [-75.59614, 6.28399], [-75.59323, 6.27839], [-75.58943, 6.27745], [-75.59023, 6.27599], [-75.59241, 6.27614], [-75.59344, 6.27483], [-75.59539, 6.2765], [-75.59895, 6.28358], [-75.59804, 6.28495]]]}}, {"type": "Feature", "properties": {"codigo": "0711", "nombre_barrio": "El Diamante", "comuna": "ROBLEDO"}, "geometry": {"type": "Polygon", "coordinates": [[[-75.58609, 6.2886], [-75.58461, 6.28724], [-75.58399, 6.28323], [-75.58684, 6.28084], [-75.59056, 6.28525], [-75.58681, 6.28974], [-75.58609, 6.2886]]]}}, {"type": "Feature", "properties": {"codigo": "0723", "nombre_barrio": "Pajarito", "comuna": "ROBLEDO"}, "geometry": {"type": "Polygon", "coordinates": [[[-75.6021, 6.28461], [-75.60552, 6.28118], [-75.6096, 6.28193], [-75.60966, 6.28452], [-75.60814, 6.28487], [-75.60597, 6.28299], [-75.6064, 6.28586], [-75.60398, 6.28639], [-75.6021, 6.28461]]]}}, {"type": "Feature", "properties": {"codigo": "0712", "nombre_barrio": "Aures No. 2", "comuna": "ROBLEDO"}, "geometry": {"type": "Polygon", "coordinates": [[[-75.58842, 6.29354], [-75.58912, 6.29219], [-75.58653, 6.29004], [-75.58837, 6.28766], [-75.5954, 6.29277], [-75.5961, 6.29514], [-75.59284, 6.29593], [-75.58842, 6.29354]]]}}, {"type": "Feature", "properties": {"codigo": "0706", "nombre_barrio": "La Pilarica", "comuna": "ROBLEDO"}, "geometry": {"type": "Polygon", "coordinates": [[[-75.58579, 6.27826], [-75.58386, 6.27785], [-75.58198, 6.27364], [-75.58549, 6.27269], [-75.58607, 6.27617], [-75.59023, 6.27599], [-75.58684, 6.28084], [-75.58579, 6.27826]]]}}, {"type": "Feature", "properties": {"codigo": "0722", "nombre_barrio": "Olaya Herrera", "comuna": "ROBLEDO"}, "geometry": {"type": "Polygon", "coordinates": [[[-75.61371, 6.27095], [-75.62042, 6.27013], [-75.62054, 6.27361], [-75.61704, 6.27289], [-75.61112, 6.27602], [-75.60746, 6.27646], [-75.60872, 6.27237], [-75.61371, 6.27095]]]}}, {"type": "Feature", "properties": {"codigo": "0714", "nombre_barrio": "Bello Horizonte", "comuna": "ROBLEDO"}, "geometry": {"type": "Polygon", "coordinates": [[[-75.58946, 6.28456], [-75.58707, 6.28215], [-75.58732, 6.27982], [-75.59201, 6.28267], [-75.59038, 6.28621], [-75.58946, 6.28456]]]}}, {"type": "Feature", "properties": {"codigo": "0717", "nombre_barrio": "Robledo", "comuna": "ROBLEDO"}, "geometry": {"type": "Polygon", "coordinates": [[[-75.59851, 6.27761], [-75.59645, 6.27913], [-75.59315, 6.27411], [-75.59411, 6.27174], [-75.60332, 6.27557], [-75.60363, 6.27699], [-75.60107, 6.27801], [-75.60026, 6.27998], [-75.59851, 6.27761]]]}}, {"type": "Feature", "properties": {"codigo": "0705", "nombre_barrio": "Facultad de Minas", "comuna": "ROBLEDO"}, "geometry": {"type": "Polygon", "coordinates": [[[-75.59117, 6.27636], [-75.58607, 6.27617], [-75.58549, 6.27269], [-75.59091, 6.27236], [-75.5937, 6.27361], [-75.59264, 6.27605], [-75.59117, 6.27636]]]}}, {"type": "Feature", "properties": {"codigo": "0709", "nombre_barrio": "Cordoba", "comuna": "ROBLEDO"}, "geometry": {"type": "Polygon", "coordinates": [[[-75.57719, 6.28315], [-75.57234, 6.28086], [-75.57432, 6.28087], [-75.57536, 6.27952], [-75.57417, 6.27836], [-75.57513, 6.27722], [-75.57969, 6.2808], [-75.57825, 6.28376], [-75.57719, 6.28315]]]}}, {"type": "Feature", "properties": {"codigo": "0719", "nombre_barrio": "Fuente Clara", "comuna": "ROBLEDO"}, "geometry": {"type": "Polygon", "coordinates": [[[-75.60719, 6.27637], [-75.60904, 6.27947], [-75.6011, 6.27847], [-75.60363, 6.27699], [-75.60359, 6.27523], [-75.60719, 6.27637]]]}}, {"type": "Feature", "properties": {"codigo": "0708", "nombre_barrio": "Altamira", "comuna": "ROBLEDO"}, "geometry": {"type": "Polygon", "coordinates": [[[-75.57857, 6.27613], [-75.58023, 6.27615], [-75.58581, 6.28184], [-75.5841, 6.2829], [-75.58415, 6.28449], [-75.57724, 6.27887], [-75.57857, 6.27613]]]}}, {"type": "Feature", "properties": {"codigo": "0813", "nombre_barrio": "Villatina", "comuna": "VILLA HERMOSA"}, "geometry": {"type": "Polygon", "coordinates": [[[-75.53992, 6.24291], [-75.53864, 6.24213], [-75.53784, 6.23685], [-75.53492, 6.23651], [-75.53886, 6.23229], [-75.54502, 6.23894], [-75.5402, 6.23816], [-75.53992, 6.24291]]]}}, {"type": "Feature", "properties": {"codigo": "0806", "nombre_barrio": "Llanaditas", "comuna": "VILLA HERMOSA"}, "geometry": {"type": "Polygon", "coordinates": [[[-75.53909, 6.25698], [-75.53702, 6.25683], [-75.53952, 6.25498], [-75.53923, 6.25285], [-75.53814, 6.2529], [-75.53843, 6.24842], [-75.54128, 6.24999], [-75.5412, 6.25299], [-75.5422, 6.25338], [-75.54186, 6.25545], [-75.53909, 6.25698]]]}}, {"type": "Feature", "properties": {"codigo": "0801", "nombre_barrio": "Villa Hermosa", "comuna": "VILLA HERMOSA"}, "geometry": {"type": "Polygon", "coordinates": [[[-75.55207, 6.26068], [-75.54426, 6.25788], [-75.55049, 6.25449], [-75.55448, 6.25737], [-75.55207, 6.26068]]]}}, {"type": "Feature", "properties": {"codigo": "0805", "nombre_barrio": "Batallon Girardot", "comuna": "VILLA HERMOSA"}, "geometry": {"type": "Polygon", "coordinates": [[[-75.5446, 6.26158], [-75.54481, 6.25981], [-75.54735, 6.25897], [-75.55067, 6.2595], [-75.55274, 6.26142], [-75.55127, 6.26247], [-75.54807, 6.26104], [-75.54626, 6.26226], [-75.5446, 6.26158]]]}}, {"type": "Feature", "properties": {"codigo": "0811", "nombre_barrio": "Trece de Noviembre", "comuna": "VILLA HERMOSA"}, "geometry": {"type": "Polygon", "coordinates": [[[-75.54059, 6.24419], [-75.53992, 6.24291], [-75.54079, 6.24259], [-75.54166, 6.24367], [-75.54127, 6.24486], [-75.54059, 6.24419]], [[-75.54222, 6.24904], [-75.53833, 6.24835], [-75.54104, 6.24612], [-75.53978, 6.24591], [-75.54054, 6.2443], [-75.54272, 6.2469], [-75.54323, 6.24872], [-75.54222, 6.24904]]]}}, {"type": "Feature", "properties": {"codigo": "0803", "nombre_barrio": "San Miguel", "comuna": "VILLA HERMOSA"}, "geometry": {"type": "Polygon", "coordinates": [[[-75.55823, 6.25734], [-75.55448, 6.25737], [-75.55049, 6.25449], [-75.5524, 6.25447], [-75.55475, 6.25166], [-75.56073, 6.25583], [-75.5593, 6.258], [-75.55823, 6.25734]]]}}, {"type": "Feature", "properties": {"codigo": "0802", "nombre_barrio": "La Mansion", "comuna": "VILLA HERMOSA"}, "geometry": {"type": "Polygon", "coordinates": [[[-75.55368, 6.26206], [-75.55371, 6.26102], [-75.55207, 6.26068], [-75.555, 6.25667], [-75.5593, 6.258], [-75.55698, 6.26155], [-75.55368, 6.26206]]]}}, {"type": "Feature", "properties": {"codigo": "0809", "nombre_barrio": "Sucre", "comuna": "VILLA HERMOSA"}, "geometry": {"type": "Polygon", "coordinates": [[[-75.55168, 6.24664], [-75.54681, 6.24677], [-75.54667, 6.24569], [-75.55092, 6.24262], [-75.55379, 6.24317], [-75.55576, 6.24582], [-75.55426, 6.24827], [-75.55168, 6.24664]]]}}, {"type": "Feature", "properties": {"codigo": "0817", "nombre_barrio": "La Sierra", "comuna": "VILLA HERMOSA"}, "geometry": {"type": "Polygon", "coordinates": [[[-75.52504, 6.23288], [-75.52699, 6.23167], [-75.53162, 6.23213], [-75.52847, 6.23496], [-75.52906, 6.23613], [-75.52752, 6.23661], [-75.5249, 6.23476], [-75.52504, 6.23288]]]}}, {"type": "Feature", "properties": {"codigo": "0815", "nombre_barrio": "Las Estancias", "comuna": "VILLA HERMOSA"}, "geometry": {"type": "Polygon", "coordinates": [[[-75.53445, 6.23392], [-75.52997, 6.23485], [-75.53162, 6.23213], [-75.52836, 6.23168], [-75.53167, 6.22992], [-75.53423, 6.23207], [-75.53827, 6.23267], [-75.53537, 6.23659], [-75.53445, 6.23392]]]}}, {"type": "Feature", "properties": {"codigo": "0804", "nombre_barrio": "La Ladera", "comuna": "VILLA HERMOSA"}, "geometry": {"type": "Polygon", "coordinates": [[[-75.54426, 6.25788], [-75.53986, 6.25649], [-75.54186, 6.25545], [-75.54237, 6.25364], [-75.54772, 6.25296], [-75.55228, 6.25043], [-75.55511, 6.25075], [-75.5524, 6.25447], [-75.54426, 6.25788]]]}}, {"type": "Feature", "properties": {"codigo": "0812", "nombre_barrio": "La Libertad", "comuna": "VILLA HERMOSA"}, "geometry": {"type": "Polygon", "coordinates": [[[-75.5414, 6.24478], [-75.53981, 6.23892], [-75.54446, 6.23873], [-75.54598, 6.24132], [-75.5414, 6.24478]]]}}, {"type": "Feature", "properties": {"codigo": "0810", "nombre_barrio": "El Pinal", "comuna": "VILLA HERMOSA"}, "geometry": {"type": "Polygon", "coordinates": [[[-75.54323, 6.24872], [-75.54156, 6.24528], [-75.54283, 6.24306], [-75.54567, 6.2419], [-75.5449, 6.23958], [-75.5497, 6.24328], [-75.54681, 6.24678], [-75.54323, 6.24872]]]}}, {"type": "Feature", "properties": {"codigo": "0807", "nombre_barrio": "Los Mangos", "comuna": "VILLA HERMOSA"}, "geometry": {"type": "Polygon", "coordinates": [[[-75.54211, 6.25379], [-75.54128, 6.24999], [-75.53932, 6.24932], [-75.5437, 6.2487], [-75.54603, 6.24684], [-75.54764, 6.24765], [-75.54904, 6.25209], [-75.54211, 6.25379]]]}}, {"type": "Feature", "properties": {"codigo": "0819", "nombre_barrio": "Villa Liliam", "comuna": "VILLA HERMOSA"}, "geometry": {"type": "Polygon", "coordinates": [[[-75.53216, 6.23867], [-75.5311, 6.23496], [-75.52997, 6.23485], [-75.53531, 6.23425], [-75.53522, 6.23576], [-75.53216, 6.23867]]]}}, {"type": "Feature", "properties": {"codigo": "0808", "nombre_barrio": "Enciso", "comuna": "VILLA HERMOSA"}, "geometry": {"type": "Polygon", "coordinates": [[[-75.54763, 6.25289], [-75.54914, 6.25154], [-75.5477, 6.24774], [-75.54603, 6.24684], [-75.55159, 6.24659], [-75.55426, 6.24826], [-75.55467, 6.25063], [-75.55132, 6.25068], [-75.54763, 6.25289]]]}}, {"type": "Feature", "properties": {"codigo": "0814", "nombre_barrio": "San Antonio", "comuna": "VILLA HERMOSA"}, "geometry": {"type": "Polygon", "coordinates": [[[-75.53274, 6.23859], [-75.53477, 6.23625], [-75.53774, 6.23673], [-75.53884, 6.2419], [-75.53597, 6.23807], [-75.53274, 6.23859]]]}}, {"type": "Feature", "properties": {"codigo": "0816", "nombre_barrio": "Villa Turbay", "comuna": "VILLA HERMOSA"}, "geometry": {"type": "Polygon", "coordinates": [[[-75.5287, 6.23991], [-75.52752, 6.23661], [-75.52987, 6.23429], [-75.53207, 6.2386], [-75.53091, 6.24], [-75.5287, 6.23991]]]}}, {"type": "Feature", "properties": {"codigo": "0508", "nombre_barrio": "Belalcazar", "comuna": "CASTILLA"}, "geometry": {"type": "Polygon", "coordinates": [[[-75.56444, 6.29728], [-75.56146, 6.29496], [-75.56294, 6.29331], [-75.56694, 6.29655], [-75.56604, 6.29886], [-75.56444, 6.29728]]]}}, {"type": "Feature", "properties": {"codigo": "0509", "nombre_barrio": "Girardot", "comuna": "CASTILLA"}, "geometry": {"type": "Polygon", "coordinates": [[[-75.57051, 6.29433], [-75.57351, 6.29584], [-75.57249, 6.29915], [-75.57049, 6.30055], [-75.5683, 6.29982], [-75.56554, 6.30179], [-75.56385, 6.30138], [-75.5663, 6.29844], [-75.56834, 6.29215], [-75.57051, 6.29433]]]}}, {"type": "Feature", "properties": {"codigo": "0516", "nombre_barrio": "Terminal de Transporte", "comuna": "CASTILLA"}, "geometry": {"type": "Polygon", "coordinates": [[[-75.56857, 6.28065], [-75.57005, 6.27413], [-75.57275, 6.27468], [-75.57248, 6.27582], [-75.57365, 6.27545], [-75.57238, 6.28061], [-75.56911, 6.28063], [-75.56899, 6.28161], [-75.56857, 6.28065]]]}}, {"type": "Feature", "properties": {"codigo": "0512", "nombre_barrio": "Oleoducto", "comuna": "CASTILLA"}, "geometry": {"type": "Polygon", "coordinates": [[[-75.56794, 6.28744], [-75.56588, 6.28653], [-75.56819, 6.28396], [-75.56855, 6.28072], [-75.56899, 6.28161], [-75.56911, 6.28063], [-75.57179, 6.28101], [-75.56954, 6.28836], [-75.56794, 6.28744]]]}}, {"type": "Feature", "properties": {"codigo": "0517", "nombre_barrio": "Caribe", "comuna": "CASTILLA"}, "geometry": {"type": "Polygon", "coordinates": [[[-75.5726, 6.27583], [-75.57275, 6.27468], [-75.57005, 6.27413], [-75.57213, 6.26509], [-75.57721, 6.26631], [-75.5726, 6.27583]]]}}, {"type": "Feature", "properties": {"codigo": "0501", "nombre_barrio": "Toscana", "comuna": "CASTILLA"}, "geometry": {"type": "Polygon", "coordinates": [[[-75.55714, 6.30695], [-75.55696, 6.30344], [-75.5576, 6.3069], [-75.55783, 6.30358], [-75.56078, 6.30388], [-75.5601, 6.30867], [-75.55801, 6.31216], [-75.55629, 6.31137], [-75.55714, 6.30695]]]}}, {"type": "Feature", "properties": {"codigo": "0511", "nombre_barrio": "Castilla", "comuna": "CASTILLA"}, "geometry": {"type": "Polygon", "coordinates": [[[-75.57051, 6.29433], [-75.56834, 6.29215], [-75.57034, 6.2859], [-75.57605, 6.28831], [-75.57351, 6.29584], [-75.57051, 6.29433]]]}}, {"type": "Feature", "properties": {"codigo": "0510", "nombre_barrio": "Tricentenario", "comuna": "CASTILLA"}, "geometry": {"type": "Polygon", "coordinates": [[[-75.56621, 6.29586], [-75.56294, 6.29331], [-75.56588, 6.28653], [-75.56954, 6.28836], [-75.56694, 6.29655], [-75.56621, 6.29586]]]}}, {"type": "Feature", "properties": {"codigo": "0513", "nombre_barrio": "Francisco Antonio Zea", "comuna": "CASTILLA"}, "geometry": {"type": "Polygon", "coordinates": [[[-75.57036, 6.28639], [-75.57147, 6.28233], [-75.5717, 6.28368], [-75.57709, 6.2864], [-75.57648, 6.28845], [-75.57036, 6.28639]]]}}, {"type": "Feature", "properties": {"codigo": "0519", "nombre_barrio": "El Progreso", "comuna": "CASTILLA"}, "geometry": {"type": "Polygon", "coordinates": [[[-75.57449, 6.27357], [-75.57614, 6.2696], [-75.57983, 6.27241], [-75.57724, 6.27887], [-75.5734, 6.27629], [-75.57449, 6.27357]]]}}, {"type": "Feature", "properties": {"codigo": "0514", "nombre_barrio": "Alfonso Lopez", "comuna": "CASTILLA"}, "geometry": {"type": "Polygon", "coordinates": [[[-75.57648, 6.28845], [-75.57699, 6.28621], [-75.5717, 6.28368], [-75.57187, 6.28047], [-75.58037, 6.28479], [-75.57824, 6.28907], [-75.57648, 6.28845]]]}}, {"type": "Feature", "properties": {"codigo": "0515", "nombre_barrio": "Cementerio Universal", "comuna": "CASTILLA"}, "geometry": {"type": "Polygon", "coordinates": [[[-75.57239, 6.28047], [-75.57339, 6.27628], [-75.57513, 6.27722], [-75.57417, 6.27836], [-75.57536, 6.27952], [-75.57432, 6.28087], [-75.57239, 6.28047]]]}}, {"type": "Feature", "properties": {"codigo": "0502", "nombre_barrio": "Las Brisas", "comuna": "CASTILLA"}, "geometry": {"type": "Polygon", "coordinates": [[[-75.56523, 6.31236], [-75.55801, 6.31216], [-75.5601, 6.30867], [-75.56062, 6.30411], [-75.56328, 6.30246], [-75.56248, 6.30474], [-75.56393, 6.3069], [-75.56376, 6.31117], [-75.56644, 6.31278], [-75.56523, 6.31236]]]}}, {"type": "Feature", "properties": {"codigo": "0505", "nombre_barrio": "Boyaca", "comuna": "CASTILLA"}, "geometry": {"type": "Polygon", "coordinates": [[[-75.56328, 6.30246], [-75.56385, 6.30138], [-75.56722, 6.30105], [-75.56654, 6.3056], [-75.56389, 6.30869], [-75.56249, 6.30486], [-75.56328, 6.30246]]]}}, {"type": "Feature", "properties": {"codigo": "0503", "nombre_barrio": "Florencia", "comuna": "CASTILLA"}, "geometry": {"type": "Polygon", "coordinates": [[[-75.56643, 6.31269], [-75.56376, 6.31117], [-75.56466, 6.30775], [-75.5715, 6.30986], [-75.56643, 6.31269]]]}}, {"type": "Feature", "properties": {"codigo": "0506", "nombre_barrio": "Plaza de Ferias", "comuna": "CASTILLA"}, "geometry": {"type": "Polygon", "coordinates": [[[-75.55957, 6.3039], [-75.5621, 6.29562], [-75.56604, 6.29886], [-75.56299, 6.30272], [-75.55957, 6.3039]]]}}, {"type": "Feature", "properties": {"codigo": "0504", "nombre_barrio": "Tejelo", "comuna": "CASTILLA"}, "geometry": {"type": "Polygon", "coordinates": [[[-75.56791, 6.30888], [-75.56466, 6.30775], [-75.56648, 6.30574], [-75.5683, 6.29982], [-75.57011, 6.30035], [-75.56909, 6.30489], [-75.57158, 6.30487], [-75.57194, 6.30815], [-75.5715, 6.30986], [-75.56791, 6.30888]]]}}, {"type": "Feature", "properties": {"codigo": "0507", "nombre_barrio": "Hector Abad Gomez", "comuna": "CASTILLA"}, "geometry": {"type": "Polygon", "coordinates": [[[-75.55745, 6.30575], [-75.55712, 6.30276], [-75.56139, 6.29464], [-75.56222, 6.29548], [-75.55957, 6.3039], [-75.55783, 6.30358], [-75.55773, 6.3069], [-75.55745, 6.30575]]]}}, {"type": "Feature", "properties": {"codigo": "0610", "nombre_barrio": "Mirador del Doce", "comuna": "DOCE DE OCTUBRE"}, "geometry": {"type": "Polygon", "coordinates": [[[-75.58327, 6.3016], [-75.58458, 6.30519], [-75.58198, 6.30406], [-75.58327, 6.3016]]]}}, {"type": "Feature", "properties": {"codigo": "0611", "nombre_barrio": "El Progreso No.2", "comuna": "DOCE DE OCTUBRE"}, "geometry": {"type": "Polygon", "coordinates": [[[-75.5844, 6.30847], [-75.58267, 6.30939], [-75.58208, 6.30411], [-75.58458, 6.30519], [-75.5844, 6.30847]]]}}, {"type": "Feature", "properties": {"codigo": "0609", "nombre_barrio": "Picachito", "comuna": "DOCE DE OCTUBRE"}, "geometry": {"type": "Polygon", "coordinates": [[[-75.58432, 6.30271], [-75.58385, 6.30096], [-75.58629, 6.29692], [-75.5866, 6.30044], [-75.58432, 6.30271]]]}}, {"type": "Feature", "properties": {"codigo": "0601", "nombre_barrio": "Santander", "comuna": "DOCE DE OCTUBRE"}, "geometry": {"type": "Polygon", "coordinates": [[[-75.5754, 6.31089], [-75.57126, 6.31057], [-75.57209, 6.30549], [-75.57871, 6.30184], [-75.5754, 6.31089]]]}}, {"type": "Feature", "properties": {"codigo": "0606", "nombre_barrio": "San Martin de Porres", "comuna": "DOCE DE OCTUBRE"}, "geometry": {"type": "Polygon", "coordinates": [[[-75.57842, 6.29749], [-75.57755, 6.29718], [-75.57968, 6.29088], [-75.58274, 6.29189], [-75.58243, 6.2971], [-75.57842, 6.29749]]]}}, {"type": "Feature", "properties": {"codigo": "0607", "nombre_barrio": "Kennedy", "comuna": "DOCE DE OCTUBRE"}, "geometry": {"type": "Polygon", "coordinates": [[[-75.58417, 6.29262], [-75.5792, 6.29073], [-75.57954, 6.28967], [-75.57824, 6.28906], [-75.58037, 6.28479], [-75.58449, 6.28619], [-75.58681, 6.28974], [-75.58417, 6.29262]]]}}, {"type": "Feature", "properties": {"codigo": "0604", "nombre_barrio": "Pedregal", "comuna": "DOCE DE OCTUBRE"}, "geometry": {"type": "Polygon", "coordinates": [[[-75.57011, 6.30035], [-75.57283, 6.29878], [-75.57351, 6.29584], [-75.57861, 6.29755], [-75.57202, 6.30575], [-75.56909, 6.30489], [-75.57011, 6.30035]]]}}, {"type": "Feature", "properties": {"codigo": "0603", "nombre_barrio": "Doce de Octubre No.2", "comuna": "DOCE DE OCTUBRE"}, "geometry": {"type": "Polygon", "coordinates": [[[-75.57451, 6.30375], [-75.57865, 6.29686], [-75.58243, 6.2971], [-75.58201, 6.30398], [-75.57871, 6.30184], [-75.57541, 6.3044], [-75.57451, 6.30375]]]}}, {"type": "Feature", "properties": {"codigo": "0605", "nombre_barrio": "La Esperanza", "comuna": "DOCE DE OCTUBRE"}, "geometry": {"type": "Polygon", "coordinates": [[[-75.57351, 6.29584], [-75.57605, 6.28831], [-75.57954, 6.28967], [-75.57755, 6.29718], [-75.57351, 6.29584]]]}}, {"type": "Feature", "properties": {"codigo": "0608", "nombre_barrio": "Picacho", "comuna": "DOCE DE OCTUBRE"}, "geometry": {"type": "Polygon", "coordinates": [[[-75.58327, 6.3016], [-75.58225, 6.30318], [-75.583, 6.29388], [-75.58215, 6.29329], [-75.58274, 6.29189], [-75.58439, 6.29264], [-75.58619, 6.29148], [-75.58653, 6.29005], [-75.58912, 6.29219], [-75.58327, 6.3016]]]}}, {"type": "Feature", "properties": {"codigo": "0612", "nombre_barrio": "El Triunfo", "comuna": "DOCE DE OCTUBRE"}, "geometry": {"type": "Polygon", "coordinates": [[[-75.58618, 6.31007], [-75.58391, 6.30928], [-75.58462, 6.30496], [-75.5865, 6.30729], [-75.58618, 6.31007]]]}}, {"type": "Feature", "properties": {"codigo": "0602", "nombre_barrio": "Doce de Octubre No.1", "comuna": "DOCE DE OCTUBRE"}, "geometry": {"type": "Polygon", "coordinates": [[[-75.57646, 6.31124], [-75.57561, 6.31103], [-75.57672, 6.30557], [-75.57871, 6.30398], [-75.57882, 6.30232], [-75.57986, 6.3026], [-75.58208, 6.30411], [-75.58267, 6.30939], [-75.57646, 6.31124]]]}}]}