id,lat,lon,room_type,property_type,reviews_count,nightly_usd,city
903565529664202729,6.19943,-75.5456,Entire home/apt,Entire home,125,774.8,Medellin
1694149496372700801,6.258,-75.6131,Entire home/apt,Entire home,6,152.32,Medellin
1216165259720468532,6.28509,-75.5715,Entire home/apt,Entire home,29,89.14,Medellin
1133594122864034869,6.2734,-75.55283,Entire home/apt,Entire rental unit,17,64.05,Medellin
1211859912758117439,6.25369,-75.51322,Entire home/apt,Entire home,44,119.34,Medellin
1587191730467010540,6.264037362622312,-75.5947077083365,Entire home/apt,Entire rental unit,16,76.26,Medellin
1440972312532624749,6.2797,-75.5627,Entire home/apt,Entire home,33,92.08,Medellin
1460579369042018467,6.2787,-75.5761,Entire home/apt,Entire rental unit,23,58.16,Medellin
1336440522391825060,6.2701,-75.5525,Entire home/apt,Entire rental unit,13,48.29,Medellin
1655283000152497602,6.2797,-75.5615,Entire home/apt,Entire rental unit,4,282.5,Medellin
936520410170917990,6.28201,-75.56361,Private room,Private room in rental unit,58,141.24,Medellin
760272507364750411,6.2759,-75.5612,Entire home/apt,Entire loft,128,25.49,Medellin
1587797476613464398,6.262662306507757,-75.5642219166237,Entire home/apt,Entire rental unit,30,38.13,Medellin
1622510423136128026,6.262397028403286,-75.56454642870429,Entire home/apt,Entire rental unit,20,72.58,Medellin
1163090047742836117,6.274893633083191,-75.48242226012255,Entire home/apt,Entire cabin,11,95.21,Medellin
1670290471292262410,6.2674,-75.5635,Entire home/apt,Entire serviced apartment,5,34.66,Medellin
668176614745355885,6.27666,-75.5617,Entire home/apt,Entire loft,180,23.92,Medellin
761046362921008670,6.2757,-75.5612,Entire home/apt,Entire loft,97,23.55,Medellin
1415108169672591088,6.276,-75.5775,Entire home/apt,Entire rental unit,10,37.6,Medellin
1264787288356690384,6.3013,-75.5668,Entire home/apt,Entire rental unit,23,32.66,Medellin
1300998690899780552,6.28143,-75.55921,Entire home/apt,Entire rental unit,46,222.34,Medellin
1700820271740200494,6.2751,-75.5829,Entire home/apt,Entire rental unit,1,53.38,Medellin
863760976138017447,6.2841,-75.564,Entire home/apt,Entire rental unit,77,23.92,Medellin
1259064265476045949,6.2329,-75.5504,Entire home/apt,Entire loft,69,50.46,Medellin
1290098612012163081,6.2322,-75.5511,Entire home/apt,Entire home,36,51.52,Medellin
1422856401794727536,6.23455,-75.54952,Entire home/apt,Entire loft,22,36.85,Medellin
1698580730880819932,6.2398,-75.5561,Entire home/apt,Entire rental unit,10,38.39,Medellin
1428875101575140531,6.235080213247058,-75.54878716297426,Entire home/apt,Entire loft,34,39.62,Medellin
1549444781202585552,6.237,-75.5537,Entire home/apt,Entire rental unit,47,42.49,Medellin
1650354680545812849,6.2334,-75.5491,Entire home/apt,Entire rental unit,3,35.22,Medellin
1605308368478831940,6.234595871114542,-75.54995153088875,Entire home/apt,Entire rental unit,3,39.82,Medellin
1529597903681453819,6.2346,-75.5498,Private room,Private room in home,13,37.98,Medellin
1221053250308599796,6.2267,-75.5489,Entire home/apt,Entire rental unit,6,36.5,Medellin
1185626841123694495,6.234,-75.5491,Entire home/apt,Entire loft,70,36.42,Medellin
937652289063479717,6.2389,-75.5536,Entire home/apt,Entire rental unit,40,45.0,Medellin
1018791174925292196,6.23414,-75.54854,Entire home/apt,Entire loft,109,53.33,Medellin
17666304,6.24395,-75.55934,Entire home/apt,Entire condo,175,45.27,Medellin
1243799290239128238,6.232,-75.55,Entire home/apt,Entire rental unit,26,52.15,Medellin
1389440873598672118,6.2323,-75.5437,Entire home/apt,Entire loft,20,38.35,Medellin
1648071335458866873,6.237655724826188,-75.55222556529525,Entire home/apt,Entire rental unit,5,40.76,Medellin
1644990218968244763,6.208882167682425,-75.4908294784672,Entire home/apt,Entire cabin,25,66.99,Medellin
1724371126421776098,6.22531,-75.60059,Entire home/apt,Entire home,1,122.01,Medellin
1231149022201333621,6.2437,-75.5582,Entire home/apt,Entire rental unit,75,29.8,Medellin
1266080645248428034,6.232048266099315,-75.59217842411935,Entire home/apt,Entire loft,52,57.56,Medellin
845534672856100108,6.24024,-75.58872,Private room,Private room in loft,430,105.16,Medellin
1353803201619268598,6.2336240060893395,-75.54285776747165,Entire home/apt,Entire home,24,104.55,Medellin
1176087147958237779,6.2894,-75.5615,Entire home/apt,Entire loft,28,40.13,Medellin
1353951026615330198,6.2786,-75.582,Entire home/apt,Entire rental unit,8,59.0,Medellin
1004588682714595588,6.2366,-75.5887,Entire home/apt,Entire rental unit,46,63.91,Medellin
42387659,6.23581,-75.5876,Private room,Private room in rental unit,222,19.66,Medellin
803739442138610650,6.2363,-75.588,Entire home/apt,Entire rental unit,107,29.73,Medellin
1243492687221050625,6.23571,-75.5904,Entire home/apt,Entire rental unit,46,40.91,Medellin
1730081384355028073,6.36517,-75.61581,Entire home/apt,Entire cabin,1,145.87,Medellin
1725058535998952360,6.2397,-75.5943,Entire home/apt,Entire rental unit,0,112.2,Medellin
18618174,6.2773,-75.4846,Entire home/apt,Entire cabin,38,165.43,Medellin
1004588612547148002,6.2366,-75.5887,Entire home/apt,Entire rental unit,20,56.65,Medellin
1499335487028235303,6.23473,-75.59089,Entire home/apt,Entire rental unit,21,107.64,Medellin
1730126505628827162,6.2383,-75.5891,Entire home/apt,Entire loft,1,26.64,Medellin
1341508763371864421,6.3021,-75.5551,Entire home/apt,Entire rental unit,19,40.65,Medellin
1566980657347803809,6.23718,-75.59511,Entire home/apt,Entire rental unit,33,43.7,Medellin
814684386480000581,6.31471,-75.55129,Entire home/apt,Entire rental unit,116,64.87,Medellin
1688575105089686337,6.2365,-75.5881,Private room,Private room in guesthouse,1,40.54,Medellin
1299640962123812954,6.236,-75.5904,Entire home/apt,Entire rental unit,43,113.57,Medellin
39048787,6.34227,-75.60811,Entire home/apt,Tiny home,409,103.85,Medellin
1021214122495498663,6.314979627017844,-75.5597774433885,Entire home/apt,Entire home,100,57.92,Medellin
1635177457518912511,6.317011230051147,-75.56064194792796,Entire home/apt,Entire rental unit,7,42.0,Medellin
1659830784346833248,6.2686,-75.5505,Entire home/apt,Entire rental unit,5,41.52,Medellin
1441514384278597500,6.2854,-75.5593,Entire home/apt,Entire rental unit,25,87.4,Medellin
1501016064686516388,6.2365,-75.5872,Entire home/apt,Entire rental unit,21,70.3,Medellin
1534244961645205287,6.31353,-75.564,Private room,Private room in home,9,16.37,Medellin
1711924048308894680,6.233,-75.5904,Entire home/apt,Entire home,3,54.2,Medellin
723202833330109096,6.2391,-75.5886,Entire home/apt,Entire loft,223,54.8,Medellin
1303949071541423475,6.277989921587871,-75.50382992557765,Entire home/apt,Entire cabin,78,91.51,Medellin
1492088285982657009,6.2365,-75.5872,Entire home/apt,Entire rental unit,41,156.67,Medellin
746598657130378111,6.32836,-75.52097,Entire home/apt,Tiny home,341,102.32,Medellin
1308715999012457524,6.31054,-75.62365,Entire home/apt,Entire home,72,142.44,Medellin
955127255655332373,6.2343,-75.5871,Entire home/apt,Entire serviced apartment,50,38.01,Medellin
1730107364357970771,6.2345,-75.5867,Entire home/apt,Entire loft,0,29.87,Medellin
1145933109082197693,6.23874,-75.58824,Entire home/apt,Entire rental unit,31,48.0,Medellin
1496652821024696384,6.2365,-75.5872,Entire home/apt,Entire rental unit,17,119.67,Medellin
1305890219797199873,6.3311,-75.5197,Entire home/apt,Entire cabin,76,122.84,Medellin
1010318760880569056,6.3172,-75.5596,Entire home/apt,Entire rental unit,52,48.59,Medellin
1625398309053567877,6.2877,-75.557,Entire home/apt,Entire rental unit,5,37.54,Medellin
1365891603346626139,6.34421116851978,-75.60934790640128,Entire home/apt,Entire cabin,41,64.0,Medellin
791504011200242416,6.30029,-75.48215,Entire home/apt,Entire chalet,104,99.5,Medellin
1710164057859701525,6.2367,-75.5913,Entire home/apt,Entire home,2,399.96,Medellin
1150217896749134866,6.3002,-75.5669,Entire home/apt,Entire rental unit,53,37.26,Medellin
946547864714412810,6.24,-75.5914,Entire home/apt,Entire rental unit,242,130.65,Medellin
1403662429241785951,6.329657013936405,-75.52041075195768,Entire home/apt,Entire home,7,58.89,Medellin
34433525,6.3052,-75.6163,Entire home/apt,Treehouse,95,89.94,Medellin
1676313792261175930,6.2783,-75.5908,Entire home/apt,Entire home,6,61.17,Medellin
1711666674229703341,6.3162,-75.5578,Entire home/apt,Entire home,1,135.08,Medellin
1394979995207486000,6.23563,-75.58773,Entire home/apt,Entire townhouse,9,150.9,Medellin
1730057946288177024,6.2345,-75.5867,Entire home/apt,Entire loft,0,31.78,Medellin
634718599376760145,6.34064,-75.59315,Entire home/apt,Entire cabin,73,77.66,Medellin
1211101632241070177,6.31521,-75.55784,Entire home/apt,Entire rental unit,51,120.67,Medellin
1132849099088902475,6.3188,-75.5623,Entire home/apt,Entire home,46,69.75,Medellin
1158140242802425478,6.3006,-75.5733,Entire home/apt,Entire serviced apartment,158,41.73,Medellin
1640275767850482292,6.236992394615921,-75.59217319550874,Entire home/apt,Entire rental unit,1,37.93,Medellin
999152720312474097,6.23535,-75.58982,Private room,Private room in guesthouse,51,35.68,Medellin
552331054126571035,6.31307,-75.55996,Entire home/apt,Entire rental unit,61,41.85,Medellin
1216020734256358314,6.2363,-75.588,Private room,Private room in rental unit,56,25.26,Medellin
1437364391846281821,6.31606,-75.55919,Entire home/apt,Entire rental unit,29,59.63,Medellin
1014463629001104548,6.2352,-75.5899,Entire home/apt,Entire rental unit,62,59.71,Medellin
860404275433629041,6.27737,-75.56212,Entire home/apt,Entire rental unit,40,41.92,Medellin
1730153902180947678,6.2378,-75.5852,Private room,Private room in hostel,1,18.34,Medellin
845539904082059372,6.23822,-75.58878,Private room,Private room in loft,120,92.83,Medellin
945642477359573894,6.2363,-75.588,Entire home/apt,Entire rental unit,83,35.94,Medellin
1499005454253712033,6.2365,-75.5872,Entire home/apt,Entire rental unit,24,134.77,Medellin
1670721038242486218,6.2363,-75.5883,Private room,Private room in guesthouse,0,32.18,Medellin
1445263666777088895,6.3254,-75.55104,Entire home/apt,Entire rental unit,14,62.82,Medellin
1092283507059897282,6.2435,-75.5598,Entire home/apt,Entire rental unit,86,51.21,Medellin
1611864113668331398,6.2771,-75.5562,Entire home/apt,Entire home,14,45.94,Medellin
936628703727736763,6.2435,-75.5636,Entire home/apt,Entire rental unit,96,52.8,Medellin
1248737331740170771,6.21887,-75.5634,Entire home/apt,Entire rental unit,127,252.89,Medellin
1730137732565254756,6.2447,-75.5827,Entire home/apt,Entire rental unit,1,70.17,Medellin
1477811941087316642,6.233543608774287,-75.57043120287268,Entire home/apt,Entire rental unit,22,124.56,Medellin
646511806101230219,6.24132,-75.56228,Entire home/apt,Entire rental unit,260,35.91,Medellin
1183506214385792783,6.2432,-75.5571,Entire home/apt,Entire condo,191,33.95,Medellin
1690585850521118755,6.241,-75.5818,Entire home/apt,Entire rental unit,7,132.8,Medellin
1702480728939067195,6.24273015230522,-75.56119913420497,Entire home/apt,Entire rental unit,1,51.28,Medellin
1691285571270955508,6.245259148874042,-75.5606985108488,Entire home/apt,Entire rental unit,2,44.24,Medellin
1731462430164922100,6.239,-75.5679,Entire home/apt,Entire rental unit,0,110.41,Medellin
1706577889587476741,6.2251,-75.535,Entire home/apt,Entire home,5,464.04,Medellin
1730167857473737502,6.2378,-75.5852,Private room,Room in hotel,2,18.59,Medellin
1716329241073861383,6.2242,-75.5619,Entire home/apt,Entire rental unit,1,157.8,Medellin
649871938510504708,6.2433,-75.5602,Entire home/apt,Entire serviced apartment,23,39.32,Medellin
1264510977763983900,6.2428,-75.5623,Entire home/apt,Entire rental unit,47,69.07,Medellin
1066191660254470788,6.2412,-75.5545,Entire home/apt,Entire rental unit,24,61.44,Medellin
1411037032540732875,6.2345,-75.5927,Entire home/apt,Entire rental unit,39,125.85,Medellin
1489970454001704918,6.1989,-75.5465,Entire home/apt,Entire villa,44,1178.12,Medellin
1726164002790065903,6.1838,-75.5451,Entire home/apt,Entire home,0,1328.5,Medellin
1348630557296024124,6.2076138408758395,-75.56601631053995,Entire home/apt,Entire rental unit,13,1348.84,Medellin
1486434382146325259,6.257,-75.613,Entire home/apt,Entire rental unit,1,91.53,Medellin
1468227949347605307,6.257,-75.613,Entire home/apt,Entire rental unit,3,65.25,Medellin
1394864488034401494,6.2518270368360955,-75.62006558645894,Entire home/apt,Entire rental unit,14,48.66,Medellin
1622661261483043636,6.25573,-75.61684,Entire home/apt,Entire rental unit,5,34.4,Medellin
1475487657165286993,6.257,-75.613,Entire home/apt,Entire rental unit,10,45.04,Medellin
1398922909963132417,6.253662799636257,-75.61505401799955,Entire home/apt,Entire rental unit,49,51.59,Medellin
1472929983737671944,6.257,-75.613,Entire home/apt,Entire rental unit,8,45.21,Medellin
1486563807187325159,6.25634,-75.61191,Entire home/apt,Entire rental unit,2,91.15,Medellin
1406196484158591935,6.25349,-75.61693,Entire home/apt,Entire rental unit,51,52.82,Medellin
1658991554245911042,6.2529,-75.6191,Entire home/apt,Entire rental unit,5,77.3,Medellin
1509612984577759787,6.2571,-75.6129,Private room,Private room in loft,1,53.56,Medellin
1392297635834412549,6.249989964464293,-75.62149615771293,Entire home/apt,Entire rental unit,10,48.66,Medellin
1688580203419605947,6.253706114818706,-75.61554272586733,Entire home/apt,Entire rental unit,5,77.71,Medellin
1452933977284529378,6.2566,-75.6085,Entire home/apt,Entire rental unit,33,62.03,Medellin
1538446134518469627,6.2602,-75.6049,Entire home/apt,Entire rental unit,37,76.92,Medellin
1716036780122953604,6.2534,-75.6086,Entire home/apt,Entire rental unit,2,29.63,Medellin
1564038160515999255,6.244499315977276,-75.60467872663955,Entire home/apt,Entire rental unit,162,43.98,Medellin
910847580023791527,6.255,-75.6061,Entire home/apt,Entire rental unit,70,42.7,Medellin
687927696574470546,6.25444,-75.60564,Entire home/apt,Entire home,87,71.3,Medellin
1449351581560169122,6.255,-75.6064,Private room,Private room in home,3,39.92,Medellin
847881844542646160,6.25869,-75.60412,Entire home/apt,Entire rental unit,156,45.7,Medellin
1331215083347033142,6.25894,-75.60377,Entire home/apt,Entire rental unit,24,38.62,Medellin
1511671739637732644,6.2542,-75.6046,Entire home/apt,Entire rental unit,27,51.5,Medellin
1351628859397092657,6.25358,-75.60031,Entire home/apt,Entire rental unit,62,62.69,Medellin
1624994473317900754,6.2515,-75.6023,Entire home/apt,Entire loft,4,106.9,Medellin
1564012745876491011,6.24484,-75.6065,Entire home/apt,Entire rental unit,141,39.73,Medellin
1673976467934009282,6.257320387508947,-75.60174536109952,Entire home/apt,Entire rental unit,2,40.54,Medellin
948680164414787480,6.2603,-75.605,Entire home/apt,Entire rental unit,144,53.67,Medellin
1715477827914576124,6.2534,-75.6086,Entire home/apt,Entire rental unit,1,32.58,Medellin
1640142165518017800,6.25556863672277,-75.60452303443745,Private room,Private room in bed and breakfast,7,27.97,Medellin
1714820195670945238,6.2558,-75.599,Entire home/apt,Entire rental unit,2,42.85,Medellin
1608082862664250885,6.25638,-75.60564,Private room,Private room in home,2,32.98,Medellin
1442095837690674164,6.255882034879042,-75.60529321741319,Private room,Private room in home,23,36.31,Medellin
1600971356649135149,6.2524,-75.6017,Entire home/apt,Entire rental unit,1,70.63,Medellin
1351609431547633613,6.2549639814818025,-75.60069977106173,Entire home/apt,Entire rental unit,81,52.7,Medellin
1158754043684418259,6.2592,-75.6063,Entire home/apt,Entire rental unit,57,68.03,Medellin
667431770911896949,6.2578,-75.6028,Entire home/apt,Entire rental unit,63,39.31,Medellin
1714121962667879123,6.2076,-75.564,Entire home/apt,Entire home,3,444.2,Medellin
1685679123545074480,6.2524,-75.6017,Entire home/apt,Entire rental unit,4,63.6,Medellin
1377768516215805808,6.258311058085216,-75.60244436212254,Entire home/apt,Entire home,51,93.32,Medellin
1689378640842700515,6.2557,-75.5991,Entire home/apt,Entire rental unit,4,72.62,Medellin
1138420772955171776,6.2603,-75.605,Entire home/apt,Entire rental unit,112,62.93,Medellin
39683352,6.25782,-75.60772,Entire home/apt,Entire rental unit,111,68.99,Medellin
1627547002983663662,6.2049,-75.5643,Entire home/apt,Entire rental unit,7,1115.31,Medellin
1688472310531122685,6.2387,-75.5648,Entire home/apt,Entire home,0,4000.91,Medellin
1142839428612372863,6.1416,-75.5013,Entire home/apt,Entire home,6,1053.74,Medellin
1690286535549107583,6.1932,-75.5713,Entire home/apt,Entire villa,2,1254.07,Medellin
1314573463744854413,6.183,-75.5553,Entire home/apt,Entire villa,24,3307.2,Medellin
1425803038311101860,6.1485,-75.5927,Entire home/apt,Entire villa,20,1168.1,Medellin
1608066065858343721,6.25436,-75.60474,Private room,Private room in home,4,36.75,Medellin
1293697292803678617,6.1833,-75.5563,Entire home/apt,Entire home,30,2223.2,Medellin
1150990181027761056,6.2164,-75.5521,Entire home/apt,Entire home,29,1778.55,Medellin
1410778543187423063,6.2073,-75.568,Entire home/apt,Entire villa,21,1262.88,Medellin
1163715400287149567,6.20954,-75.55716,Entire home/apt,Entire villa,57,1340.8,Medellin
54139996,6.19054,-75.56314,Entire home/apt,Entire rental unit,107,1123.0,Medellin
1130518253825470598,6.2039,-75.5549,Entire home/apt,Entire villa,59,1179.2,Medellin
1727597132680338016,6.1821,-75.5558,Entire home/apt,Entire villa,0,1305.6,Medellin
1202239199838475636,6.23902,-75.59084,Entire home/apt,Entire rental unit,158,95.69,Medellin
909040465664207172,6.2365,-75.5892,Private room,Private room in home,2,66.62,Medellin
808796391415284284,6.1993,-75.5122,Entire home/apt,Entire cabin,190,86.91,Medellin
1712576762115452679,6.2512,-75.6201,Entire home/apt,Entire home,6,144.12,Medellin
1522138039037079372,6.3308,-75.5967,Entire home/apt,Entire cabin,16,114.09,Medellin
1551863785318642709,6.204171782575566,-75.62295048034932,Entire home/apt,Entire home,20,154.58,Medellin
1592042784164235872,6.25779872827771,-75.6040730353674,Entire home/apt,Entire rental unit,7,33.17,Medellin
1730058014705910764,6.2493,-75.6066,Entire home/apt,Entire rental unit,0,103.19,Medellin
1670262093434129469,6.2418,-75.5506,Entire home/apt,Entire rental unit,2,45.0,Medellin
1445125455712227426,6.2489,-75.5564,Entire home/apt,Entire rental unit,41,74.7,Medellin
1023470890334383414,6.17053,-75.42583,Entire home/apt,Entire home,10,3716.6,Medellin
1583030874135421982,6.262373696873206,-75.56394080435236,Entire home/apt,Entire rental unit,23,44.0,Medellin
553115945080335224,6.2513023467975115,-75.5182142315101,Entire home/apt,Entire cabin,119,237.45,Medellin
50404670,6.23229,-75.47192,Entire home/apt,Entire cabin,161,47.91,Medellin
1340763412275067158,6.2730402459220205,-75.5618178592399,Entire home/apt,Entire rental unit,34,37.46,Medellin
1676849506158105527,6.2087314310204045,-75.58694888155459,Entire home/apt,Entire rental unit,6,61.42,Medellin
51617651,6.36198,-75.50143,Entire home/apt,Entire villa,23,2874.68,Medellin
1565668717541564179,6.2112,-75.5882,Entire home/apt,Entire rental unit,23,66.38,Medellin
1358758149474924599,6.2123070085154675,-75.58739449984279,Entire home/apt,Entire rental unit,35,32.86,Medellin
1300691890068007413,6.2121,-75.5862,Entire home/apt,Entire rental unit,86,62.95,Medellin
32155194,6.21322,-75.58407,Entire home/apt,Entire rental unit,258,39.95,Medellin
1298622996973429005,6.2121,-75.5862,Entire home/apt,Entire rental unit,52,61.11,Medellin
1239370856622426997,6.2121,-75.5837,Entire home/apt,Entire rental unit,28,43.61,Medellin
954565658814039946,6.2079,-75.5858,Entire home/apt,Entire home,43,77.7,Medellin
901488914902471477,6.22422,-75.59193,Entire home/apt,Entire rental unit,175,50.95,Medellin
1673607276107231099,6.21195,-75.58468,Entire home/apt,Entire rental unit,13,58.8,Medellin
1690104217465389019,6.2098188463621184,-75.58729992744301,Entire home/apt,Entire rental unit,3,56.03,Medellin
1143019409428738921,6.21219,-75.58892,Entire home/apt,Entire home,50,106.32,Medellin
1698687470303558557,6.2513,-75.6018,Entire home/apt,Entire rental unit,5,52.58,Medellin
986918673325224650,6.21245,-75.58611,Entire home/apt,Entire rental unit,39,83.3,Medellin
1689599193350788937,6.21896,-75.58375,Entire home/apt,Entire rental unit,5,72.88,Medellin
1623406116718743949,6.2142,-75.583,Entire home/apt,Entire rental unit,25,45.85,Medellin
1601761914527552117,6.21554,-75.59277,Entire home/apt,Entire serviced apartment,8,39.6,Medellin
1503112017028004893,6.2186,-75.593,Entire home/apt,Entire rental unit,53,49.14,Medellin
901513363062822768,6.2231,-75.593,Entire home/apt,Entire rental unit,145,48.75,Medellin
39562640,6.2011,-75.58799,Entire home/apt,Entire home,47,49.52,Medellin
1064640571772922121,6.21121,-75.58718,Entire home/apt,Entire home,61,137.26,Medellin
1102450786829928997,6.2133,-75.5852,Entire home/apt,Entire rental unit,47,97.17,Medellin
928041152362609817,6.2132,-75.584,Entire home/apt,Entire rental unit,11,40.63,Medellin
1461025025609468388,6.2115,-75.58643,Private room,Private room in rental unit,8,22.45,Medellin
1181190373752879455,6.21338,-75.58343,Entire home/apt,Entire rental unit,58,70.94,Medellin
51978429,6.1967,-75.5782,Entire home/apt,Entire loft,3837,71.92,Medellin
878384514690224807,6.21234,-75.58827,Entire home/apt,Entire rental unit,46,40.84,Medellin
1300656189285572950,6.2121,-75.5862,Entire home/apt,Entire rental unit,36,55.9,Medellin
1435039572018475480,6.210862933054507,-75.58559447856088,Entire home/apt,Entire rental unit,16,65.4,Medellin
1102860771419129697,6.21318,-75.58484,Entire home/apt,Entire rental unit,74,74.03,Medellin
1601750367991365545,6.21517,-75.59287,Entire home/apt,Entire serviced apartment,15,40.4,Medellin
1253042557137295294,6.21478,-75.5842,Entire home/apt,Entire rental unit,29,124.22,Medellin
33907483,6.27842,-75.58015,Entire home/apt,Entire rental unit,18,57.0,Medellin
1069619432933664895,6.2713,-75.5509,Entire home/apt,Entire home,19,24.12,Medellin
1684205073049250037,6.2399,-75.5944,Entire home/apt,Entire rental unit,7,167.65,Medellin
38699580,6.27715,-75.55627,Private room,Private room in home,100,20.28,Medellin
1727939936232776162,6.278148539624364,-75.48852643622413,Entire home/apt,Entire guesthouse,0,233.4,Medellin
1558397848921981138,6.26596,-75.5553,Entire home/apt,Entire serviced apartment,14,46.07,Medellin
1513129632998934796,6.2687,-75.5576,Private room,Private room in guesthouse,27,36.55,Medellin
813159746530331445,6.27814,-75.56251,Entire home/apt,Entire home,50,66.34,Medellin
1026902169336785754,6.271546191551235,-75.56116942479012,Private room,Private room in guesthouse,147,22.73,Medellin
1572494354796462708,6.286737802840795,-75.56049529313157,Entire home/apt,Entire rental unit,1,69.19,Medellin
892296087024390889,6.28145,-75.57661,Private room,Private room in home,25,22.09,Medellin
987154410990477201,6.21433,-75.58464,Entire home/apt,Entire rental unit,108,97.26,Medellin
601665011169061321,6.2797,-75.5756,Entire home/apt,Entire rental unit,137,33.12,Medellin
1031292812430426874,6.272970473132126,-75.56160256208614,Entire home/apt,Entire loft,36,34.7,Medellin
1365302184279954550,6.2761,-75.5818,Entire home/apt,Entire loft,91,60.25,Medellin
1351515731198095576,6.2771,-75.5562,Entire home/apt,Entire rental unit,27,22.53,Medellin
1211747043688117015,6.28454,-75.56357,Entire home/apt,Entire rental unit,85,23.92,Medellin
1700174887953845134,6.211,-75.5858,Entire home/apt,Entire rental unit,2,139.8,Medellin
1644264342376743382,6.30081,-75.55485,Entire home/apt,Entire rental unit,1,34.13,Medellin
943362864125343340,6.2757,-75.5612,Entire home/apt,Entire rental unit,70,22.09,Medellin
1640577368098416538,6.2443,-75.5586,Entire home/apt,Entire rental unit,6,44.04,Medellin
1693807633537100602,6.2746,-75.5533,Entire home/apt,Entire rental unit,1,63.52,Medellin
1717572782146301488,6.3383,-75.604,Entire home/apt,Entire cabin,3,58.82,Medellin
1161115058332519403,6.31672,-75.55964,Entire home/apt,Entire rental unit,66,183.98,Medellin
618601553217059620,6.2058,-75.5645,Entire home/apt,Entire serviced apartment,139,535.02,Medellin
1717353795811112298,6.2443,-75.5586,Entire home/apt,Entire rental unit,1,43.92,Medellin
7558295,6.2287,-75.5451,Entire home/apt,Entire condo,10,35.7,Medellin
1694523534565475413,6.243556907334318,-75.55978913357194,Entire home/apt,Entire rental unit,2,54.88,Medellin
1539915916414429060,6.1651,-75.558,Entire home/apt,Entire home,1,1020.77,Medellin
1491597256429950849,6.24398,-75.55918,Entire home/apt,Entire rental unit,20,45.82,Medellin
1127564248840932723,6.24203,-75.56439,Private room,Room in hotel,51,51.68,Medellin
1313499619465727319,6.2815,-75.5598,Entire home/apt,Entire rental unit,44,107.42,Medellin
1031454016337444434,6.2435,-75.5599,Entire home/apt,Entire rental unit,112,82.41,Medellin
792900731799309692,6.24404,-75.55976,Entire home/apt,Entire rental unit,155,42.69,Medellin
1713870866549571803,6.2416,-75.5591,Entire home/apt,Entire rental unit,1,37.44,Medellin
938271324843470183,6.2382,-75.5688,Private room,Private room in home,100,20.39,Medellin
1344191385800445579,6.235311111047211,-75.54282719732221,Entire home/apt,Entire home,42,143.08,Medellin
23467495,6.2400665697319555,-75.49812535681248,Entire home/apt,Entire cabin,354,62.03,Medellin
1692954809089145593,6.2164,-75.5569,Entire home/apt,Entire condo,5,151.8,Medellin
33750984,6.24225,-75.55954,Entire home/apt,Entire rental unit,109,41.68,Medellin
874680166136202161,6.2434,-75.5573,Entire home/apt,Entire rental unit,141,32.86,Medellin
1660127595335512399,6.24466,-75.55916,Entire home/apt,Entire rental unit,6,53.56,Medellin
1623262730481690608,6.24538,-75.56588,Private room,Room in hotel,5,39.7,Medellin
1732746329430329864,6.2132,-75.5716,Entire home/apt,Entire rental unit,0,211.92,Medellin
1487675418418690640,6.1804,-75.5561,Entire home/apt,Entire villa,26,1170.0,Medellin
1214445436222234189,6.2041,-75.5628,Entire home/apt,Entire villa,47,1305.8,Medellin
1550993317799179755,6.244548441443193,-75.56090073798427,Entire home/apt,Entire loft,4,65.94,Medellin
1068060900429530209,6.1858,-75.5667,Entire home/apt,Entire home,44,1250.44,Medellin
1702463806323791339,6.1821,-75.5558,Entire home/apt,Entire villa,1,1155.4,Medellin
1085049921595825781,6.19407,-75.54694,Entire home/apt,Entire home,2,3000.0,Medellin
610349890918604615,6.14782,-75.59299,Entire home/apt,Entire villa,104,1150.0,Medellin
1603182903741757951,6.2283,-75.5916,Entire home/apt,Entire villa,26,833.6,Medellin
937220932127308389,6.19013,-75.56164,Entire home/apt,Entire place,10,1328.49,Medellin
1732799828870598917,6.182352391952258,-75.5647299491749,Entire home/apt,Entire home,0,1074.87,Medellin
1634314985338893899,6.208308249597752,-75.56559978720767,Entire home/apt,Entire home,1,1396.94,Medellin
1198917328027879473,6.1993,-75.5686,Entire home/apt,Entire villa,29,1098.4,Medellin
1233371835951607434,6.213434296243555,-75.54374228076753,Entire home/apt,Entire villa,16,3148.84,Medellin
1644286573303962490,6.1774,-75.5444,Entire home/apt,Entire home,5,1594.2,Medellin
1594396965798226482,6.19999285613095,-75.56671615822864,Entire home/apt,Entire villa,10,1020.35,Medellin
26670864,6.2452,-75.591,Private room,Room in hotel,807,33.17,Medellin
1711920222397727320,6.2436,-75.5931,Entire home/apt,Entire loft,5,87.0,Medellin
1454352832067147946,6.2581,-75.5601,Entire home/apt,Entire rental unit,8,66.25,Medellin
1721941367770766926,6.265,-75.5958,Entire home/apt,Entire rental unit,2,78.03,Medellin
1558925677860088781,6.2418,-75.5506,Entire home/apt,Entire rental unit,3,61.0,Medellin
1130616743821280428,6.2399,-75.5659,Entire home/apt,Entire rental unit,75,35.7,Medellin
1546661612751133065,6.278948903976039,-75.65524121021903,Entire home/apt,Entire cabin,59,66.64,Medellin
1489356595782108850,6.25471,-75.55831,Entire home/apt,Entire loft,17,44.39,Medellin
1674173251457345352,6.2572,-75.5925,Private room,Room in hotel,79,56.94,Medellin
1698843050284806604,6.2574,-75.5857,Entire home/apt,Entire home,8,118.8,Medellin
46103972,6.23331,-75.50063,Entire home/apt,Entire cabin,192,1541.36,Medellin
1484450575386577657,6.2128461738634915,-75.54482801921552,Entire home/apt,Entire villa,33,3341.8,Medellin
1068120297172307596,6.18975,-75.5611,Entire home/apt,Entire rental unit,18,1543.75,Medellin
1518102460482403869,6.186571452991127,-75.5554424872489,Entire home/apt,Entire home,5,3131.0,Medellin
1527177978309593611,6.2539,-75.5856,Entire home/apt,Entire rental unit,16,1449.63,Medellin
1678575880706726876,6.243171133336653,-75.55596762221735,Entire home/apt,Entire rental unit,2,51.71,Medellin
50856634,6.19034,-75.56184,Entire home/apt,Entire serviced apartment,69,1085.47,Medellin
1724330289108632735,6.2064,-75.5737,Entire home/apt,Entire home,0,630.8,Medellin
613791688106005581,6.23697,-75.58936,Entire home/apt,Entire rental unit,39,50.84,Medellin
928234395530319441,6.1788,-75.5519,Entire home/apt,Entire villa,75,766.0,Medellin
1592315320707683762,6.15543,-75.58225,Entire home/apt,Entire villa,12,982.2,Medellin
1237214991509354186,6.2230071998437895,-75.49091530094726,Entire home/apt,Treehouse,50,128.08,Medellin
1465495584902208943,6.1653,-75.4617,Entire home/apt,Entire cabin,128,163.4,Medellin
1144985863143861959,6.2181,-75.4947,Entire home/apt,Entire cabin,165,52.8,Medellin
1626384058700002495,6.2458692615441604,-75.60798653348886,Entire home/apt,Entire home,9,89.0,Medellin
1714739160916837191,6.25,-75.5157,Entire home/apt,Entire home,1,67.43,Medellin
1703093589918995217,6.2534,-75.6014,Entire home/apt,Entire rental unit,2,51.38,Medellin
916904600067265485,6.2802,-75.5997,Entire home/apt,Entire serviced apartment,29,30.18,Medellin
1595795552085634721,6.24731001842768,-75.54887838948133,Entire home/apt,Entire home,2,48.01,Medellin
1696586854445402413,6.2744,-75.5794,Private room,Private room in guesthouse,3,26.93,Medellin
1048756652162525736,6.2581,-75.5602,Entire home/apt,Entire rental unit,12,51.71,Medellin
1667024089783249008,6.158,-75.5665,Entire home/apt,Entire home,20,190.0,Medellin
1086254413408876709,6.295,-75.567,Entire home/apt,Entire loft,65,31.95,Medellin
625391095225298235,6.2584,-75.4934,Entire home/apt,Entire cabin,113,110.19,Medellin
1353892917643438303,6.232991634656897,-75.54262351819821,Entire home/apt,Entire home,37,101.39,Medellin
1441479967438015097,6.2858,-75.5622,Entire home/apt,Entire home,30,67.94,Medellin
1590788874781542643,6.26257,-75.56271,Entire home/apt,Entire rental unit,39,27.19,Medellin
894979116012452205,6.2472,-75.5496,Entire home/apt,Entire home,92,57.93,Medellin
1083450307621491096,6.24264,-75.56034,Entire home/apt,Entire rental unit,94,42.03,Medellin
1358020203746034895,6.25683,-75.55472,Entire home/apt,Entire serviced apartment,10,23.86,Medellin
1000794709638447895,6.25379,-75.60585,Entire home/apt,Entire home,159,143.87,Medellin
1573920451654261582,6.2556,-75.559,Private room,Room in hotel,4,34.2,Medellin
1179910524270916620,6.202,-75.5172,Entire home/apt,Entire cottage,105,105.4,Medellin
42492653,6.26143,-75.51103,Entire home/apt,Entire cabin,142,105.26,Medellin
1725000884679528968,6.2431,-75.5563,Entire home/apt,Entire rental unit,0,61.42,Medellin
1574817552847131113,6.164755492674333,-75.56144596323293,Entire home/apt,Entire villa,27,1117.08,Medellin
1317546815814858764,6.279188717743268,-75.5040935545649,Entire home/apt,Entire cabin,38,112.57,Medellin
901441850018195956,6.22351,-75.59414,Entire home/apt,Entire rental unit,138,50.95,Medellin
1234329449891515771,6.133,-75.6184,Entire home/apt,Entire cabin,160,83.99,Medellin
40286500,6.24139,-75.60299,Entire home/apt,Entire guesthouse,80,37.94,Medellin
1472741397969380025,6.234259459119945,-75.56934056759586,Entire home/apt,Entire rental unit,69,194.56,Medellin
1307384719933621576,6.26065,-75.59532,Entire home/apt,Entire rental unit,106,749.69,Medellin
1101484719778310846,6.21451,-75.5858,Entire home/apt,Entire rental unit,71,76.16,Medellin
903711015717924748,6.1821,-75.5657,Entire home/apt,Entire rental unit,119,607.66,Medellin
1288658179021114888,6.2439,-75.56275,Entire home/apt,Entire rental unit,27,30.43,Medellin
35288324,6.16081,-75.56838,Entire home/apt,Entire villa,141,736.2,Medellin
32785268,6.21313,-75.601,Entire home/apt,Entire serviced apartment,33,2781.75,Medellin
1643014137518780656,6.204821827847935,-75.54999917208403,Entire home/apt,Entire villa,1,1067.42,Medellin
36522432,6.2654,-75.5644,Private room,Private room in home,170,27.33,Medellin
1182986232285399167,6.211,-75.557,Entire home/apt,Entire home,74,920.68,Medellin
1056410440139957380,6.2097,-75.5689,Entire home/apt,Entire rental unit,28,539.52,Medellin
1107356099553055022,6.24377,-75.56308,Entire home/apt,Entire rental unit,45,31.33,Medellin
968155761795909712,6.2404701668528455,-75.56527588900882,Entire home/apt,Entire rental unit,163,45.39,Medellin
1714515742689604740,6.2443,-75.5586,Entire home/apt,Entire rental unit,1,60.69,Medellin
20542276,6.1877,-75.5747,Entire home/apt,Entire villa,167,551.29,Medellin
1272616489873699117,6.198363182069609,-75.5476288055557,Entire home/apt,Entire villa,54,578.39,Medellin
1025652116065852844,6.20761,-75.56663,Entire home/apt,Entire loft,124,582.88,Medellin
1450755899337676242,6.2046,-75.5632,Entire home/apt,Entire serviced apartment,21,600.0,Medellin
1425578851721291671,6.1841,-75.5639,Entire home/apt,Entire serviced apartment,6,536.65,Medellin
1415424595453950660,6.2435,-75.5601,Entire home/apt,Entire rental unit,25,55.0,Medellin
1722806286411447907,6.2103,-75.569,Entire home/apt,Entire home,1,882.36,Medellin
1225947757801842181,6.21486,-75.56097,Entire home/apt,Entire villa,31,975.0,Medellin
1414909344069300463,6.2444,-75.5632,Entire home/apt,Entire rental unit,77,65.44,Medellin
1653932004320714832,6.214,-75.5614,Entire home/apt,Entire villa,14,641.0,Medellin
1643393788495065257,6.207260906604511,-75.56281871698877,Entire home/apt,Room in aparthotel,9,585.96,Medellin
1426845173020818730,6.21059,-75.56485,Entire home/apt,Entire rental unit,35,799.21,Medellin
1698575085249330737,6.1508,-75.5376,Entire home/apt,Entire villa,3,913.0,Medellin
1627232139690818920,6.1708,-75.5638,Entire home/apt,Entire villa,7,4541.27,Medellin
1599538147969567315,6.2023,-75.5676,Entire home/apt,Entire rental unit,11,652.5,Medellin
1715964326563798620,6.214642522710537,-75.55333999361234,Entire home/apt,Entire villa,0,1030.33,Medellin
1482915961366009276,6.1833,-75.5563,Entire home/apt,Entire home,3,834.0,Medellin
725980084345543153,6.21049,-75.56401,Entire home/apt,Entire vacation home,65,571.8,Medellin
1440213151396444444,6.2436,-75.5597,Entire home/apt,Entire rental unit,36,74.4,Medellin
1300691793523192669,6.2121,-75.5862,Entire home/apt,Entire rental unit,49,67.25,Medellin
1599303667749718345,6.2023,-75.5676,Entire home/apt,Entire rental unit,12,563.49,Medellin
53307014,6.25158,-75.60643,Entire home/apt,Entire serviced apartment,147,53.78,Medellin
1642455253835432476,6.302693928142317,-75.55625852026573,Entire home/apt,Entire rental unit,4,43.52,Medellin
1678326049912641211,6.18806,-75.56216,Entire home/apt,Entire rental unit,0,2586.32,Medellin
39801339,6.251207874136088,-75.51659437787977,Entire home/apt,Treehouse,337,160.73,Medellin
1659468281306308218,6.3842464057808685,-75.42351665731613,Entire home/apt,Farm stay,0,7581.77,Medellin
758652102850189294,6.1855,-75.557,Entire home/apt,Entire home,3,1501.63,Medellin
1439480808794030878,6.2297,-75.5515,Entire home/apt,Entire rental unit,17,26.65,Medellin
1173089443247084360,6.1971,-75.5793,Private room,Room in hotel,2,5405.49,Medellin
787140485112840552,6.30772,-75.57166,Entire home/apt,Entire rental unit,31,45.02,Medellin
587554332543306598,6.20894,-75.56907,Entire home/apt,Entire serviced apartment,32,606.6,Medellin
1056614412035201250,6.211,-75.5675,Entire home/apt,Entire rental unit,24,685.6,Medellin
1069730637380413299,6.1753,-75.5654,Entire home/apt,Entire home,34,9491.29,Medellin
1474024564967597011,6.1462,-75.5616,Entire home/apt,Entire home,24,632.25,Medellin
1714583619879137029,6.1667,-75.5568,Entire home/apt,Entire home,0,1113.07,Medellin
813804617944826180,6.211,-75.5647,Entire home/apt,Entire rental unit,32,896.0,Medellin
1547181793965949234,6.1826,-75.5563,Entire home/apt,Entire home,1,1367.5,Medellin
1534830940662367402,6.1483,-75.5928,Entire home/apt,Entire villa,1,1950.65,Medellin
1683769677387115008,6.3822052686446105,-75.48447069918463,Entire home/apt,Entire home,0,1779.3,Medellin
1698959104809524636,6.1801953925347295,-75.44585087604668,Entire home/apt,Entire home,0,1689.08,Medellin
1678367463745678702,6.20687,-75.56852,Entire home/apt,Entire rental unit,0,1409.37,Medellin
42890981,6.2602,-75.5911,Entire home/apt,Entire rental unit,93,1173.63,Medellin
1452576243010830698,6.2081,-75.5681,Entire home/apt,Entire rental unit,5,1621.8,Medellin
53864652,6.20651,-75.56669,Entire home/apt,Entire rental unit,2,2038.92,Medellin
1178489349511493152,6.2047,-75.5632,Entire home/apt,Entire rental unit,2,1087.6,Medellin
1100847681766037504,6.2059,-75.5698,Entire home/apt,Entire villa,85,715.32,Medellin
945055333994971377,6.202,-75.569,Entire home/apt,Entire home,22,18979.06,Medellin
1108886004184095618,6.1932,-75.5623,Entire home/apt,Entire home,1,2100.86,Medellin
22713790,6.1793,-75.5517,Entire home/apt,Entire villa,61,2274.0,Medellin
1331316548025655052,6.216,-75.5615,Entire home/apt,Entire home,40,3531.21,Medellin
1397174208911319779,6.2081,-75.5681,Entire home/apt,Entire rental unit,1,3011.0,Medellin
1725494183474723772,6.2413,-75.607,Private room,Room in hotel,0,1242.94,Medellin
52989979,6.17804,-75.57427,Entire home/apt,Entire villa,23,1120.0,Medellin
1609090052285019001,6.1483,-75.5928,Entire home/apt,Entire villa,3,1374.71,Medellin
648656793456040430,6.2823,-75.5641,Private room,Private room in rental unit,67,22.45,Medellin
868245495475710114,6.1821,-75.5657,Entire home/apt,Entire rental unit,2,1535.53,Medellin
1361949452446665969,6.207658553285669,-75.5671405568243,Entire home/apt,Entire home,11,5058.33,Medellin
1035614887095253631,6.2026,-75.5677,Entire home/apt,Entire rental unit,99,266.48,Medellin
1242943815425638210,6.2806,-75.4686,Entire home/apt,Tiny home,62,85.07,Medellin
1369043938607310191,6.2455,-75.5932,Entire home/apt,Entire rental unit,61,517.2,Medellin
1624839351979242239,6.158442861325974,-75.56675657244467,Entire home/apt,Entire villa,7,520.12,Medellin
694427740412532830,6.1715,-75.5668,Entire home/apt,Entire villa,82,435.0,Medellin
1705357278655312054,6.2017,-75.567,Entire home/apt,Entire rental unit,5,258.6,Medellin
1663315743006356922,6.2063,-75.5546,Entire home/apt,Entire rental unit,12,297.09,Medellin
1394575831638281208,6.3137,-75.5642,Entire home/apt,Entire rental unit,47,67.63,Medellin
1447481922043731099,6.2657,-75.4741,Entire home/apt,Entire home,7,1053.04,Medellin
1183213168359905323,6.19126,-75.5622,Entire home/apt,Entire rental unit,3,1170.83,Medellin
577745907051697105,6.21422,-75.56383,Entire home/apt,Entire condo,348,328.6,Medellin
1242152522799783330,6.1804,-75.445,Entire home/apt,Entire home,19,335.55,Medellin
1187774219166275813,6.20901,-75.56571,Entire home/apt,Entire rental unit,78,429.8,Medellin
1432498912610944212,6.2063,-75.5546,Entire home/apt,Entire rental unit,39,336.24,Medellin
1125618171502358691,6.202,-75.5317,Entire home/apt,Entire cabin,49,139.2,Medellin
1132636910658918309,6.20662,-75.5739,Entire home/apt,Entire rental unit,72,288.6,Medellin
757213024957957702,6.2061,-75.5645,Entire home/apt,Entire rental unit,70,633.2,Medellin
1263845446854308197,6.20184,-75.56793,Entire home/apt,Entire rental unit,75,762.0,Medellin
799496175525610807,6.1798,-75.5481,Entire home/apt,Entire villa,71,626.0,Medellin
1013108381776644427,6.20899,-75.56637,Entire home/apt,Entire rental unit,73,284.38,Medellin
1382003433470699142,6.1843,-75.5639,Entire home/apt,Entire serviced apartment,76,273.98,Medellin
1602510453363660871,6.20197,-75.56981,Entire home/apt,Entire rental unit,11,383.8,Medellin
1473434858515951818,6.21,-75.5653,Entire home/apt,Entire rental unit,45,487.8,Medellin
1526352386547545507,6.21385,-75.55822,Entire home/apt,Entire rental unit,18,258.37,Medellin
1670918113361941940,6.22467,-75.56122,Entire home/apt,Entire serviced apartment,14,271.98,Medellin
1461656938761007174,6.2091,-75.5587,Entire home/apt,Entire rental unit,30,294.87,Medellin
1053062899730178569,6.2063,-75.5546,Entire home/apt,Entire rental unit,98,279.75,Medellin
1441447556636117927,6.1772,-75.4591,Entire home/apt,Entire home,0,1556.1,Medellin
1026727677462261287,6.20403,-75.57058,Entire home/apt,Entire rental unit,129,446.29,Medellin
16830406,6.241,-75.5733,Private room,Room in hotel,36,1053.74,Medellin
1203710008668425678,6.3171,-75.5598,Entire home/apt,Entire rental unit,63,59.26,Medellin
1366000100736159936,6.403076627783119,-75.49727218616752,Entire home/apt,Entire cottage,0,1396.49,Medellin
1045138046348669512,6.15706,-75.56733,Entire home/apt,Entire home,1,1302.89,Medellin
1599464296570700233,6.2023,-75.5676,Entire home/apt,Entire rental unit,14,746.0,Medellin
1066110181896819332,6.1684,-75.56334,Entire home/apt,Entire home,0,1140.34,Medellin
49444671,6.24745,-75.56516,Entire home/apt,Entire villa,3,1117.81,Medellin
1568329640253984194,6.2062,-75.5649,Entire home/apt,Entire rental unit,39,301.61,Medellin
1242127507105348205,6.2163,-75.56242,Entire home/apt,Casa particular,0,1840.24,Medellin
1066109246701699640,6.2258,-75.5646,Entire home/apt,Entire home,0,1067.13,Medellin
1196600096032163551,6.2428,-75.5988,Entire home/apt,Entire rental unit,0,1600.36,Medellin
52721957,6.20871,-75.56856,Entire home/apt,Entire rental unit,0,2376.77,Medellin
753632604817934322,6.1779,-75.445,Entire home/apt,Entire home,0,1689.08,Medellin
1298833149710845983,6.1479567954487555,-75.56271720402137,Entire home/apt,Entire home,0,1286.74,Medellin
923393562109599178,6.1678,-75.4638,Entire home/apt,Entire home,0,4606.58,Medellin
1193083137906897057,6.30236,-75.46062,Entire home/apt,Castle,0,1111.51,Medellin
1604619100194742768,6.2676,-75.5896,Private room,Private room in rental unit,0,1126.22,Medellin
1604479017295261481,6.2164114180504315,-75.57196053506239,Entire home/apt,Entire rental unit,0,2275.24,Medellin
1441680785506824699,6.2055,-75.5638,Entire home/apt,Entire home,0,1956.87,Medellin
1678347534122485376,6.2417,-75.6006,Entire home/apt,Entire rental unit,11,402.13,Medellin
1012321094227910957,6.21045,-75.57002,Entire home/apt,Entire rental unit,0,2313.08,Medellin
52383314,6.2055,-75.564,Private room,Room in boutique hotel,1,2683.99,Medellin
35494279,6.20617,-75.56469,Hotel room,Room in boutique hotel,7,4072.85,Medellin
1670474139501409791,6.17273,-75.57626,Entire home/apt,Entire rental unit,2,5854.12,Medellin
1444191695357755287,6.2248,-75.5651,Entire home/apt,Entire condo,2,1007.8,Medellin
1419675864387678505,6.186121188105269,-75.56977065437744,Entire home/apt,Entire rental unit,0,15131.31,Medellin
1033656314231405439,6.32437,-75.45853,Entire home/apt,Entire home,0,1164.97,Medellin
47939199,6.2083,-75.568,Entire home/apt,Entire rental unit,3,1340.9,Medellin
1035047498378976975,6.25415,-75.58523,Entire home/apt,Entire rental unit,83,1478.08,Medellin
1466090931411338381,6.308129961565671,-75.61758721056958,Entire home/apt,Entire cottage,31,124.65,Medellin
1431055902085997126,6.233830047360383,-75.5654419111461,Entire home/apt,Entire home,0,5866.97,Medellin
52773978,6.20829,-75.56661,Entire home/apt,Entire rental unit,0,1794.2,Medellin
1320579074362611123,6.1743,-75.6335,Entire home/apt,Entire rental unit,66,194.62,Medellin
586022118377480525,6.30175,-75.61915,Entire home/apt,Treehouse,148,91.21,Medellin
1320309748246408590,6.12419,-75.5175,Entire home/apt,Entire villa,0,2706.3,Medellin
1351459281831622567,6.206984319437216,-75.56833007164948,Entire home/apt,Entire rental unit,0,1363.99,Medellin
1547164508762320737,6.1436,-75.608,Entire home/apt,Entire rental unit,4,7168.21,Medellin
1481256837977258019,6.2138,-75.5735,Entire home/apt,Entire home,0,1192.47,Medellin
1619783031493896110,6.2495,-75.5966,Private room,Room in hotel,0,17422.51,Medellin
14025302,6.1866,-75.5693,Entire home/apt,Entire rental unit,79,1262.6,Medellin
1274682554246139499,6.2251,-75.5658,Entire home/apt,Entire condo,1,1667.4,Medellin
1273976185256331887,6.2247,-75.5657,Entire home/apt,Entire condo,0,1521.64,Medellin
1050000318146566050,6.2026,-75.5677,Entire home/apt,Entire rental unit,107,518.68,Medellin
1068074566711009325,6.20145,-75.56935,Entire home/apt,Entire home,18,1894.78,Medellin
24473694,6.2095,-75.5691,Entire home/apt,Entire condo,49,1023.53,Medellin
1202121140518940935,6.1922,-75.5624,Entire home/apt,Entire rental unit,2,1404.99,Medellin
1669227108563468915,6.21149,-75.56809,Entire home/apt,Entire home,4,1180.76,Medellin
1678562640090419757,6.388617585826844,-75.49044886944523,Entire home/apt,Entire townhouse,0,1417.17,Medellin
1292320543658397484,6.2251,-75.5658,Entire home/apt,Entire condo,1,1001.68,Medellin
1459781669880698900,6.1898,-75.5607,Entire home/apt,Entire rental unit,0,1001.05,Medellin
1617374980683164034,6.2412,-75.602,Entire home/apt,Entire rental unit,12,158.19,Medellin
1663362170366782733,6.14788,-75.59375,Entire home/apt,Entire home,0,2207.76,Medellin
1419635890517190521,6.187,-75.5691,Entire home/apt,Entire rental unit,3,2524.56,Medellin
1095686173225424955,6.15596,-75.54761,Entire home/apt,Entire home,0,1673.97,Medellin
1714906180766778358,6.215,-75.553,Entire home/apt,Entire home,0,1067.58,Medellin
20153923,6.2097,-75.569,Entire home/apt,Entire serviced apartment,7,1018.62,Medellin
861199458911681970,6.17557,-75.55169,Entire home/apt,Entire villa,0,1295.9,Medellin
749949745548682422,6.1915,-75.5623,Entire home/apt,Entire rental unit,1,1082.6,Medellin
923391685436402708,6.1816,-75.5445,Entire home/apt,Entire home,0,2162.65,Medellin
1640743810638168862,6.1526,-75.4404,Entire home/apt,Farm stay,0,6455.35,Medellin
1729889894016951924,6.2076,-75.5684,Entire home/apt,Entire home,0,724.92,Medellin
866702768184050913,6.1703,-75.5276,Entire home/apt,Entire home,1,1289.84,Medellin
1476908268621059188,6.21117,-75.56196,Entire home/apt,Entire home,1,1531.23,Medellin
1071122836237173177,6.2,-75.5466,Entire home/apt,Entire home,1,2378.92,Medellin
886969287075517571,6.21208,-75.56344,Entire home/apt,Entire home,35,1686.0,Medellin
1532177936930581076,6.19088,-75.5631,Entire home/apt,Entire rental unit,0,1053.6,Medellin
53472272,6.24728,-75.59724,Entire home/apt,Entire loft,18,117084.76,Medellin
1367764627613638985,6.1918,-75.5625,Entire home/apt,Entire rental unit,25,1176.6,Medellin
681016119612086505,6.2057,-75.5645,Entire home/apt,Entire serviced apartment,44,1420.46,Medellin
1616127117505434764,6.23958,-75.59045,Entire home/apt,Entire rental unit,2,2965.77,Medellin
1453805392023567235,6.1906,-75.562,Entire home/apt,Entire serviced apartment,3,1412.01,Medellin
43604698,6.1905,-75.5621,Entire home/apt,Entire condo,23,1078.36,Medellin
1268858502094205978,6.211941101164896,-75.57045404991334,Entire home/apt,Entire villa,8,1832.34,Medellin
1389330120121957963,6.241012322742244,-75.5663106207788,Entire home/apt,Entire home,24,47.01,Medellin
636343433786998321,6.20776,-75.56732,Entire home/apt,Entire rental unit,2,2155.92,Medellin
1561945572061771830,6.20868,-75.56716,Entire home/apt,Entire rental unit,10,1404.99,Medellin
1686514053375226425,6.2137,-75.5663,Entire home/apt,Entire home,0,3336.67,Medellin
1559623548627030279,6.212,-75.5707,Entire home/apt,Entire rental unit,6,1006.91,Medellin
830685682242093450,6.2552,-75.6058,Entire home/apt,Entire serviced apartment,61,52.6,Medellin
1646764468054880349,6.2742,-75.5523,Entire home/apt,Entire rental unit,6,53.44,Medellin
714711918568769293,6.1552,-75.5893,Entire home/apt,Entire villa,108,730.0,Medellin
1213071195892657399,6.1993,-75.5686,Entire home/apt,Entire villa,34,976.8,Medellin
1115159627571954659,6.2097,-75.5677,Entire home/apt,Entire home,51,1218.91,Medellin
1268094512942722493,6.2473,-75.5892,Entire home/apt,Entire loft,382,47.36,Medellin
1495952805528776977,6.2123,-75.5628,Entire home/apt,Entire rental unit,0,1892.8,Medellin
1245045368407142709,6.19113,-75.56324,Entire home/apt,Entire home,4,844.04,Medellin
1585603611349215392,6.2159,-75.5615,Entire home/apt,Entire home,17,519.53,Medellin
1068956208461719416,6.19896,-75.55839,Entire home/apt,Entire home,14,782.34,Medellin
48592802,6.20899,-75.56758,Entire home/apt,Entire home,121,784.4,Medellin
815182017054915004,6.2101,-75.5884,Entire home/apt,Entire rental unit,162,88.33,Medellin
991913436698571132,6.23944,-75.59981,Entire home/apt,Entire home,187,67.0,Medellin
1244879573916324778,6.20638,-75.56921,Entire home/apt,Entire rental unit,0,1107.52,Medellin
1701692326540379526,6.295639229922193,-75.45440525469596,Entire home/apt,Entire home,1,621.12,Medellin
1625588766235608639,6.2433,-75.6062,Entire home/apt,Entire rental unit,18,140.1,Medellin
1273976291032563508,6.2251,-75.5658,Entire home/apt,Entire condo,0,1655.4,Medellin
1479104848371091796,6.2334,-75.5933,Entire home/apt,Entire rental unit,5,1540.14,Medellin
1414845149780693548,6.245327292502445,-75.60517988828018,Private room,Private room in home,35,54.67,Medellin
1397478743439667339,6.2446,-75.6059,Private room,Private room in rental unit,49,44.22,Medellin
1545022220923921354,6.251389519851382,-75.58610640238722,Entire home/apt,Entire home,30,611.01,Medellin
929578134190093631,6.1653,-75.4616,Entire home/apt,Entire cabin,353,127.09,Medellin
694993182105093645,6.20679,-75.56353,Entire home/apt,Entire home,163,849.04,Medellin
729688931149555451,6.1866,-75.5692,Entire home/apt,Entire rental unit,4,18153.06,Medellin
943335710084603269,6.17049,-75.58571,Entire home/apt,Entire cottage,1,1324.97,Medellin
43356468,6.2054,-75.564,Entire home/apt,Entire home,5,2200.0,Medellin
1660331029681240517,6.3846,-75.423,Entire home/apt,Entire home,0,11789.29,Medellin
943732778494443082,6.1867,-75.56974,Entire home/apt,Entire rental unit,50,2053.95,Medellin
1308837811244853933,6.212826357545302,-75.547320353175,Entire home/apt,Entire home,0,7405.18,Medellin
996606897394902077,6.21448,-75.57188,Private room,Private room in rental unit,56,2855.85,Medellin
1524925201942042733,6.20937,-75.57058,Entire home/apt,Casa particular,0,3053.2,Medellin
909951814549610882,6.23326,-75.55894,Entire home/apt,Entire home,0,1779.68,Medellin
1692889337002295388,6.20732,-75.56896,Entire home/apt,Entire rental unit,0,1289.43,Medellin
1615315798763061465,6.20035,-75.56382,Entire home/apt,Entire home,0,1693.02,Medellin
886287251977771898,6.19535,-75.57852,Entire home/apt,Entire home,12,1501.32,Medellin
1505469539073025842,6.2085,-75.5678,Entire home/apt,Entire rental unit,1,1113.8,Medellin
48329855,6.26214,-75.60293,Entire home/apt,Entire rental unit,26,1184.4,Medellin
1128137280456727834,6.2084,-75.5678,Entire home/apt,Entire rental unit,3,2408.6,Medellin
1071195829648701804,6.1651,-75.5565,Entire home/apt,Entire home,2,2008.18,Medellin
1039821409843384972,6.2102,-75.4982,Private room,Room in hotel,1,1104.15,Medellin
1289947788010092731,6.212952861695979,-75.5731022065218,Entire home/apt,Entire villa,6,2195.29,Medellin
1524877970104582797,6.20928,-75.57228,Entire home/apt,Entire rental unit,2,1590.56,Medellin
52863091,6.20739,-75.56701,Entire home/apt,Entire rental unit,3,2286.2,Medellin
1140692473839016928,6.21665,-75.5617,Entire home/apt,Entire rental unit,0,1104.15,Medellin
53004889,6.20866,-75.56768,Entire home/apt,Room in aparthotel,6,1020.0,Medellin
49561820,6.1504,-75.592,Entire home/apt,Entire villa,80,800.84,Medellin
1348608292271775617,6.208371550688209,-75.56745195153361,Entire home/apt,Entire rental unit,7,3443.41,Medellin
1459740251355820044,6.1651,-75.558,Entire home/apt,Entire home,1,1663.74,Medellin
1576235980801947134,6.168996334202582,-75.58351944769281,Entire home/apt,Entire home,0,1180.0,Medellin
1290702723309546582,6.171762169823325,-75.58400211152336,Entire home/apt,Entire rental unit,7,1410.14,Medellin
1290858101998884441,6.1821,-75.5568,Entire home/apt,Casa particular,5,1303.46,Medellin
50035010,6.24909,-75.59882,Entire home/apt,Entire serviced apartment,14,1490.59,Medellin
1310902901041742956,6.2407,-75.6014,Entire home/apt,Entire rental unit,68,572.42,Medellin
1188419362583936593,6.2087,-75.5738,Entire home/apt,Entire rental unit,0,6179.01,Medellin
51623981,6.207,-75.56826,Entire home/apt,Entire rental unit,3,1997.31,Medellin
1141228358915324737,6.1567,-75.5597,Entire home/apt,Entire villa,42,1100.0,Medellin
646427319325693753,6.24192,-75.562,Entire home/apt,Entire rental unit,325,32.64,Medellin
769112478478433087,6.22399,-75.57319,Entire home/apt,Entire rental unit,8,1186.8,Medellin
940618694044074407,6.1915,-75.5623,Entire home/apt,Entire home,5,1278.66,Medellin
1364607007511625756,6.2455,-75.5932,Entire home/apt,Entire rental unit,67,533.0,Medellin
981168859328678092,6.272899335895986,-75.5819205781774,Entire home/apt,Entire loft,6,55.21,Medellin
1057195693376300765,6.2089,-75.5666,Entire home/apt,Entire rental unit,120,636.56,Medellin
929667664211916653,6.21067,-75.56857,Entire home/apt,Entire rental unit,79,541.4,Medellin
1348587418186536422,6.209306110686801,-75.56694885984092,Entire home/apt,Entire rental unit,9,3291.19,Medellin
1063218992688866878,6.208,-75.5681,Entire home/apt,Entire rental unit,4,1813.38,Medellin
1060248080675877473,6.2027,-75.5676,Entire home/apt,Entire rental unit,53,518.68,Medellin
1373892086788719266,6.214636196695471,-75.57295266077449,Private room,Private room in home,0,537.43,Medellin
916004320981063762,6.199,-75.5465,Entire home/apt,Entire villa,93,708.48,Medellin
1247149180219960359,6.18847,-75.57522,Entire home/apt,Entire home,0,736.09,Medellin
1483432785726078077,6.26095,-75.5915,Entire home/apt,Entire home,1,516.18,Medellin
41108981,6.18635,-75.56809,Entire home/apt,Entire rental unit,37,14385.13,Medellin
1020391097271684176,6.16705,-75.55872,Entire home/apt,Entire home,5,517.96,Medellin
1326487903366302264,6.21012,-75.57193,Entire home/apt,Entire home,10,525.48,Medellin
1115317220466165894,6.1959,-75.579,Entire home/apt,Entire home,15,530.81,Medellin
1153715031042859018,6.22111,-75.5721,Entire home/apt,Entire rental unit,7,592.44,Medellin
19626165,6.231335683223931,-75.59321293324977,Entire home/apt,Entire loft,173,1188.0,Medellin
1513697930084282836,6.2081,-75.5664,Entire home/apt,Entire home,23,554.15,Medellin
611489999228663293,6.207,-75.56784,Entire home/apt,Entire rental unit,12,683.0,Medellin
1026794713360952333,6.19553,-75.57841,Entire home/apt,Entire home,42,517.72,Medellin
1158081916361073250,6.21178,-75.58036,Entire home/apt,Entire home,1,368.05,Medellin
636868224568095377,6.20725,-75.56599,Entire home/apt,Entire serviced apartment,2,511.28,Medellin
1563351245928344034,6.2082,-75.5679,Entire home/apt,Entire rental unit,0,921.31,Medellin
1039818411236207724,6.2102,-75.4982,Private room,Room in hotel,0,736.09,Medellin
727523655644749758,6.2015,-75.5688,Entire home/apt,Entire rental unit,40,715.0,Medellin
1604500783956275686,6.2333,-75.5691,Entire home/apt,Entire rental unit,0,625.68,Medellin
1080478301706920920,6.2111,-75.5029,Private room,Room in hotel,0,736.09,Medellin
1576166786812354954,6.195384402778628,-75.56517856617432,Entire home/apt,Entire rental unit,0,806.0,Medellin
975230452238158212,6.2108,-75.5028,Private room,Room in hotel,0,736.09,Medellin
897779338862652208,6.2006,-75.5652,Entire home/apt,Entire villa,71,1370.12,Medellin
1184021751622970255,6.2158,-75.5616,Entire home/apt,Entire home,3,552.8,Medellin
1624849609338315350,6.183557622090024,-75.56176167381939,Entire home/apt,Entire home,0,680.88,Medellin
1338534929908483607,6.1831,-75.5554,Entire home/apt,Entire home,1,758.18,Medellin
51625075,6.20714,-75.56908,Entire home/apt,Entire rental unit,0,892.8,Medellin
1690779329727515355,6.275908989282641,-75.48018527618899,Entire home/apt,Entire home,0,759.32,Medellin
1574838061561591764,6.18805,-75.57675,Entire home/apt,Entire rental unit,1,586.24,Medellin
1354416216531792534,6.209,-75.5668,Entire home/apt,Entire rental unit,27,625.38,Medellin
1498769782760211522,6.1651,-75.5565,Entire home/apt,Entire home,0,520.2,Medellin
1295127274180007805,6.2133,-75.5718,Entire home/apt,Entire home,15,516.08,Medellin
1201522367248614752,6.209,-75.5668,Entire home/apt,Entire rental unit,8,748.16,Medellin
1548646274367481437,6.1996,-75.5675,Entire home/apt,Entire rental unit,0,581.51,Medellin
1563058948800867990,6.1651,-75.5565,Entire home/apt,Entire home,0,729.47,Medellin
1634312914255601003,6.1844,-75.5637,Entire home/apt,Entire home,0,644.47,Medellin
975329943661177380,6.2109,-75.5029,Private room,Room in hotel,0,736.09,Medellin
950212108087038478,6.21998,-75.51133,Entire home/apt,Entire cottage,0,658.0,Medellin
1074611276475615877,6.1719,-75.4845,Private room,Room in hotel,0,736.09,Medellin
829253266664871706,6.22809,-75.56321,Entire home/apt,Entire serviced apartment,37,750.81,Medellin
46073878,6.17082,-75.49045,Entire home/apt,Entire cottage,5,660.35,Medellin
1561763076247096117,6.2546,-75.5605,Private room,Room in boutique hotel,1,654.74,Medellin
1589517664068757215,6.24414,-75.60282,Entire home/apt,Entire rental unit,1,1074.87,Medellin
911009014749187492,6.21478,-75.57097,Entire home/apt,Entire home,6,569.1,Medellin
1684454503540534838,6.24839,-75.59182,Entire home/apt,Entire home,0,610.0,Medellin
703037546622245673,6.24384,-75.55428,Entire home/apt,Entire condo,10,541.0,Medellin
49401876,6.20803,-75.56901,Entire home/apt,Entire rental unit,2,591.27,Medellin
757944048381968046,6.17555,-75.58257,Entire home/apt,Entire condo,3,741.25,Medellin
1327232005734928038,6.2144,-75.5719,Entire home/apt,Entire condo,1,403.14,Medellin
1202864120882479017,6.1986,-75.4891,Entire home/apt,Entire cottage,15,526.31,Medellin
1380676927670776784,6.1866,-75.5691,Entire home/apt,Entire rental unit,0,882.22,Medellin
1547078163126389287,6.252790162898682,-75.58817977424427,Entire home/apt,Entire rental unit,1,521.02,Medellin
1550237723729603355,6.2084,-75.5679,Private room,Room in hotel,0,711.26,Medellin
1328692261951791708,6.2144,-75.5719,Entire home/apt,Entire condo,3,476.43,Medellin
1331212648614083764,6.2144,-75.5719,Entire home/apt,Entire condo,2,475.43,Medellin
1074641800627737024,6.1716,-75.4866,Private room,Room in hotel,0,625.68,Medellin
1536683157074303229,6.208,-75.5679,Entire home/apt,Entire rental unit,0,911.0,Medellin
1472784918632115052,6.2159,-75.5618,Entire home/apt,Entire home,0,814.4,Medellin
1220284822732418469,6.25929,-75.59143,Entire home/apt,Entire home,10,737.05,Medellin
42590658,6.2471,-75.59098,Entire home/apt,Entire rental unit,95,520.0,Medellin
1181561702196707994,6.16511,-75.55649,Entire home/apt,Entire home,0,640.55,Medellin
1141378928820601322,6.19651,-75.57074,Entire home/apt,Entire rental unit,0,574.16,Medellin
982157668352385126,6.193,-75.5812,Entire home/apt,Entire home,1,731.4,Medellin
31382787,6.2138,-75.5714,Entire home/apt,Entire home,35,679.62,Medellin
1244353336017860978,6.2113,-75.5611,Entire home/apt,Entire villa,39,775.54,Medellin
1413201739688849287,6.2613,-75.5598,Entire home/apt,Entire home,1,716.65,Medellin
52667738,6.17568,-75.57022,Entire home/apt,Entire home,1,423.45,Medellin
1288475692458768180,6.203288802187426,-75.56452372354585,Entire home/apt,Entire home,3,575.83,Medellin
39200481,6.2138,-75.5714,Entire home/apt,Entire home,11,679.62,Medellin
23224543,6.20917,-75.56685,Entire home/apt,Room in aparthotel,12,558.74,Medellin
15844557,6.21428,-75.57298,Entire home/apt,Entire rental unit,16,535.4,Medellin
1268857571077259578,6.1519,-75.6137,Entire home/apt,Entire rental unit,1,656.94,Medellin
1067698249474103196,6.2132,-75.5719,Entire home/apt,Entire rental unit,2,501.2,Medellin
39721622,6.21098,-75.57162,Entire home/apt,Entire home,17,693.3,Medellin
1044908587450156607,6.2027,-75.5676,Entire home/apt,Entire rental unit,80,546.78,Medellin
1491585492939402439,6.21577,-75.56047,Entire home/apt,Entire home,28,810.76,Medellin
918888176141221528,6.17933,-75.51781,Entire home/apt,Entire home,80,606.49,Medellin
1204862368239809997,6.2057,-75.5654,Entire home/apt,Entire rental unit,63,625.7,Medellin
1461799354023494952,6.2091,-75.5587,Entire home/apt,Entire rental unit,16,595.85,Medellin
1062390790799480418,6.24111,-75.58126,Entire home/apt,Entire rental unit,6,411.14,Medellin
1263947032839613762,6.207270309554706,-75.56451979037385,Entire home/apt,Entire home,58,665.0,Medellin
1649479229882242364,6.244,-75.5623,Entire home/apt,Entire home,0,506.72,Medellin
1725681712969241618,6.1983,-75.5526,Entire home/apt,Entire home,0,895.21,Medellin
1474058811498193338,6.18346,-75.56461,Entire home/apt,Entire home,16,753.11,Medellin
1544414339558339289,6.250797295058827,-75.58747252527785,Entire home/apt,Entire rental unit,0,792.33,Medellin
1397074092248538976,6.2488,-75.5621,Entire home/apt,Entire home,0,536.6,Medellin
1131397923824755516,6.2159,-75.5615,Entire home/apt,Entire home,58,746.61,Medellin
53987966,6.20794,-75.56868,Entire home/apt,Entire villa,167,668.84,Medellin
1364900921863255136,6.207317040849655,-75.56489110894827,Entire home/apt,Entire home,32,543.58,Medellin
1504727835986518328,6.244285063176757,-75.604891896799,Private room,Private room in home,2,616.05,Medellin
1724255224767822699,6.2118,-75.5706,Entire home/apt,Entire home,0,616.0,Medellin
1715410995025411533,6.1671,-75.559,Entire home/apt,Entire home,0,717.2,Medellin
1726135342800879164,6.1948,-75.5649,Entire home/apt,Entire rental unit,0,882.25,Medellin
1574797848474324300,6.24762,-75.55684,Entire home/apt,Entire rental unit,3,544.68,Medellin
16636638,6.2089,-75.5661,Entire home/apt,Entire home,60,683.0,Medellin
930550793259292557,6.2077,-75.5664,Entire home/apt,Entire home,121,771.6,Medellin
1706524819238205213,6.2282,-75.5915,Entire home/apt,Entire villa,0,698.2,Medellin
988669216941665131,6.16566,-75.55571,Entire home/apt,Entire home,8,555.39,Medellin
1435648751253502888,6.206185690129593,-75.56591603524814,Entire home/apt,Entire home,5,681.6,Medellin
1695760909842745919,6.2127,-75.5625,Entire home/apt,Entire villa,0,725.5,Medellin
1508140244361028408,6.1993,-75.5674,Entire home/apt,Entire home,17,730.91,Medellin
612387257203394909,6.20924,-75.56883,Entire home/apt,Entire rental unit,6,631.0,Medellin
1188325641865570539,6.2105,-75.5661,Entire home/apt,Entire rental unit,73,513.69,Medellin
51080456,6.2068,-75.5655,Entire home/apt,Entire villa,177,892.6,Medellin
850219338141449150,6.26335,-75.60343,Entire home/apt,Entire rental unit,48,507.0,Medellin
1655815384566666188,6.212028196372578,-75.57321002398297,Entire home/apt,Entire rental unit,6,562.0,Medellin
1135431053939583830,6.2617,-75.598,Entire home/apt,Entire home,62,585.41,Medellin
40281335,6.2076,-75.5667,Entire home/apt,Entire loft,26,697.5,Medellin
52424846,6.20867,-75.56594,Entire home/apt,Entire serviced apartment,197,508.0,Medellin
1525854955690513030,6.16493326492697,-75.59740587258797,Entire home/apt,Entire rental unit,4,674.4,Medellin
1096643705786697840,6.1979,-75.5707,Entire home/apt,Entire home,93,547.4,Medellin
1705920111765797206,6.2437,-75.5834,Entire home/apt,Entire rental unit,0,806.0,Medellin
1386323963929640334,6.1647702436610965,-75.5576260407218,Entire home/apt,Entire home,1,588.88,Medellin
964618476553167547,6.204,-75.5548,Entire home/apt,Entire rental unit,100,918.0,Medellin
1687127944829247604,6.1739,-75.5597,Entire home/apt,Entire home,0,676.65,Medellin
1214696430950517437,6.20409,-75.5635,Entire home/apt,Entire serviced apartment,31,840.0,Medellin
1348540809735918962,6.207971120159722,-75.5655183858673,Entire home/apt,Entire rental unit,20,850.13,Medellin
1348481826557781152,6.2086,-75.5668,Entire home/apt,Entire rental unit,16,1008.49,Medellin
52032948,6.20768,-75.56917,Entire home/apt,Room in aparthotel,3,928.0,Medellin
1457529325146117061,6.2438,-75.5836,Entire home/apt,Entire rental unit,24,856.8,Medellin
23224248,6.20783,-75.56624,Entire home/apt,Room in aparthotel,5,614.82,Medellin
1721803142263917308,6.0899,-75.502,Entire home/apt,Entire home,0,965.85,Medellin
1564608344152684010,6.24099,-75.59617,Entire home/apt,Entire rental unit,25,147.52,Medellin
1533394411544694752,6.2529,-75.5925,Entire home/apt,Entire rental unit,9,54.54,Medellin
1161687446101936831,6.20486,-75.56255,Entire home/apt,Entire serviced apartment,62,510.0,Medellin
1305271185106384335,6.23871,-75.60028,Entire home/apt,Entire rental unit,104,77.8,Medellin
1364873698994923766,6.210089547359364,-75.5668796427597,Entire home/apt,Entire home,47,796.5,Medellin
33448362,6.2464,-75.5923,Entire home/apt,Entire rental unit,10,95.4,Medellin
758062469228314722,6.2027,-75.5619,Entire home/apt,Entire rental unit,180,334.77,Medellin
1487104223427203374,6.2091,-75.5587,Entire home/apt,Entire rental unit,1,658.96,Medellin
862270581376477183,6.2485,-75.5909,Entire home/apt,Entire loft,480,53.5,Medellin
27053470,6.2065,-75.565,Entire home/apt,Entire villa,207,811.38,Medellin
1188018715768339449,6.2077,-75.575,Entire home/apt,Entire home,62,772.0,Medellin
1198628223135585219,6.2135,-75.5627,Entire home/apt,Entire rental unit,90,366.03,Medellin
1120478272736029698,6.2525,-75.5863,Entire home/apt,Entire loft,126,82.74,Medellin
677365446986068729,6.19978,-75.54669,Entire home/apt,Entire villa,28,440.2,Medellin
1267448074911683460,6.2473,-75.5892,Entire home/apt,Entire loft,481,53.91,Medellin
1487876151025615603,6.2095,-75.5622,Entire home/apt,Entire rental unit,26,564.4,Medellin
1661131610166874449,6.2535,-75.5936,Entire home/apt,Entire rental unit,17,41.52,Medellin
53819389,6.24792,-75.5899,Entire home/apt,Entire serviced apartment,182,352.4,Medellin
1136410275652292594,6.20385,-75.56371,Entire home/apt,Entire serviced apartment,62,480.0,Medellin
47474338,6.20778,-75.56475,Entire home/apt,Entire rental unit,187,260.92,Medellin
43744849,6.2441,-75.6013,Entire home/apt,Entire rental unit,460,39.8,Medellin
1028926281220740702,6.2079,-75.56734,Entire home/apt,Entire loft,100,456.4,Medellin
1595202611627518460,6.2485,-75.5913,Entire home/apt,Entire rental unit,5,50.93,Medellin
1682293073778264455,6.1708,-75.5638,Entire home/apt,Entire home,0,11813.91,Medellin
1080487263158226317,6.2112,-75.5028,Private room,Room in hotel,0,1288.17,Medellin
1118915538401129812,6.2525,-75.5863,Entire home/apt,Entire loft,172,99.41,Medellin
16463479,6.2101,-75.559,Entire home/apt,Entire loft,374,377.8,Medellin
1628482622505331127,6.2064,-75.5638,Entire home/apt,Entire rental unit,13,735.0,Medellin
1427231935217559125,6.2109,-75.5646,Entire home/apt,Entire rental unit,42,275.04,Medellin
588583401342581057,6.20674,-75.55369,Entire home/apt,Entire rental unit,218,386.6,Medellin
1346524514656948381,6.1730025708922955,-75.63395946979777,Entire home/apt,Entire rental unit,58,257.97,Medellin
1694630566302864424,6.3571,-75.5084,Entire home/apt,Entire home,0,878.32,Medellin
1039075201153891822,6.2109,-75.5027,Private room,Room in hotel,0,1104.15,Medellin
857865969995815192,6.2435,-75.5877,Entire home/apt,Entire home,47,998.85,Medellin
53663796,6.36079,-75.50642,Entire home/apt,Entire villa,13,925.82,Medellin
1487111964045591224,6.2091,-75.5587,Entire home/apt,Entire rental unit,3,518.16,Medellin
1119746397264713975,6.2363,-75.5968,Entire home/apt,Entire rental unit,130,359.53,Medellin
1333642202688066433,6.3821,-75.4805,Entire home/apt,Entire cottage,26,591.28,Medellin
1569222615172995623,6.2103,-75.569,Entire home/apt,Entire home,13,647.46,Medellin
1458873551787022742,6.1844,-75.5637,Entire home/apt,Entire home,1,522.08,Medellin
1132177921834450906,6.1778,-75.5525,Entire home/apt,Entire home,0,1053.6,Medellin
1506409386148178571,6.1959,-75.5624,Entire home/apt,Entire home,38,391.0,Medellin
1700919934716422591,6.2028,-75.558,Entire home/apt,Entire home,5,470.12,Medellin
1420385468235722433,6.187,-75.5691,Entire home/apt,Entire rental unit,0,1132.95,Medellin
1213696238701381493,6.3574,-75.5281,Entire home/apt,Entire home,11,592.71,Medellin
1026103799873678516,6.24878,-75.59138,Entire home/apt,Entire loft,10,1231.49,Medellin
1050054676284574846,6.208,-75.5681,Entire home/apt,Entire rental unit,8,833.45,Medellin
665078883759166766,6.208,-75.5681,Entire home/apt,Entire rental unit,7,1600.0,Medellin
1516058447986382330,6.206152200197799,-75.56451599909445,Entire home/apt,Entire home,6,639.81,Medellin
928310460349924513,6.208,-75.5681,Entire home/apt,Entire rental unit,2,1779.6,Medellin
1431064603389766580,6.2334496392805105,-75.56475251475644,Entire home/apt,Entire home,0,4325.31,Medellin
1514031204892692901,6.2527,-75.5934,Entire home/apt,Entire rental unit,46,36.2,Medellin
53881332,6.20985,-75.56712,Entire home/apt,Room in aparthotel,1,1114.0,Medellin
1511109663188259465,6.2062,-75.5649,Entire home/apt,Entire home,44,865.6,Medellin
52790163,6.20736,-75.56798,Entire home/apt,Entire rental unit,3,1941.56,Medellin
1508641839386933989,6.1717,-75.4823,Entire home/apt,Entire home,0,2171.48,Medellin
1080357226843278975,6.2112,-75.5028,Private room,Room in hotel,0,1104.15,Medellin
1732151452932294694,6.207,-75.5656,Entire home/apt,Entire home,0,522.85,Medellin
1080484189127799251,6.2112,-75.5028,Private room,Room in hotel,0,1104.15,Medellin
1380750230981086405,6.3046,-75.617,Entire home/apt,Entire guesthouse,10,515.27,Medellin
1355115308778718974,6.209,-75.5668,Entire home/apt,Entire serviced apartment,19,520.86,Medellin
1350748064109813771,6.17947041221093,-75.44120075621119,Entire home/apt,Entire home,14,355.02,Medellin
39985984,6.2097,-75.5661,Entire home/apt,Entire serviced apartment,57,663.65,Medellin
39986213,6.2097,-75.5661,Entire home/apt,Entire serviced apartment,60,717.66,Medellin
724433026929761925,6.2105,-75.5649,Entire home/apt,Entire loft,241,301.64,Medellin
1612494913818437317,6.208208693876675,-75.56623416164496,Entire home/apt,Entire home,17,773.6,Medellin
1725485671324628040,6.2533,-75.59434,Entire home/apt,Entire rental unit,0,545.88,Medellin
1282035239400034140,6.2024,-75.5675,Entire home/apt,Entire rental unit,5,581.8,Medellin
1421275364917156672,6.1979,-75.5707,Entire home/apt,Entire home,44,535.6,Medellin
1039071480090789198,6.2108,-75.5027,Private room,Room in hotel,0,1104.15,Medellin
1514538641010973054,6.20935,-75.56716,Entire home/apt,Entire rental unit,28,536.2,Medellin
1647511165573014894,6.20674,-75.56667,Entire home/apt,Entire home,2,884.77,Medellin
803737724967914720,6.26209,-75.60198,Entire home/apt,Entire rental unit,83,507.0,Medellin
1605168332145283808,6.20638,-75.56482,Entire home/apt,Entire home,1,360.0,Medellin
1171896347192790579,6.208,-75.5674,Entire home/apt,Entire villa,5,526.0,Medellin
1413288961806633606,6.2433,-75.5922,Entire home/apt,Entire rental unit,18,683.27,Medellin
6237392,6.2062,-75.5654,Entire home/apt,Entire serviced apartment,143,600.0,Medellin
827046456812250580,6.2338,-75.5953,Private room,Private room in rental unit,4,614.21,Medellin
1577063157375054004,6.1972,-75.5756,Private room,Private room in rental unit,2,574.16,Medellin
27189831,6.19813,-75.5509,Entire home/apt,Tipi,3,734.62,Medellin
1274770350133011471,6.202695801890846,-75.55947164037289,Entire home/apt,Entire home,1,628.95,Medellin
953151819036228070,6.1722,-75.5684,Entire home/apt,Entire villa,84,525.6,Medellin
940539505963204380,6.2082,-75.5653,Entire home/apt,Room in aparthotel,61,629.57,Medellin
614709475914163086,6.37653,-75.45721,Entire home/apt,Entire villa,0,1050.3,Medellin
797784516696261751,6.20409,-75.62203,Entire home/apt,Entire home,2,407.43,Medellin
885347327923021835,6.25978,-75.5978,Entire home/apt,Entire rental unit,3,745.66,Medellin
1482012930926907094,6.2039,-75.5512,Entire home/apt,Entire villa,15,718.0,Medellin
1328955149189719717,6.20932,-75.56867,Entire home/apt,Entire rental unit,20,619.37,Medellin
53152057,6.20803,-75.56863,Entire home/apt,Entire rental unit,1,709.52,Medellin
1076151394343003500,6.2739,-75.5726,Entire home/apt,Entire rental unit,0,798.0,Medellin
1725565773886194848,6.2167,-75.5683,Entire home/apt,Entire home,0,765.04,Medellin
1610509289908161720,6.2522,-75.5882,Private room,Room in hotel,0,726.24,Medellin
751557002025027013,6.20946,-75.58618,Entire home/apt,Entire rental unit,29,66.85,Medellin
1636401989998927916,6.21682,-75.56073,Entire home/apt,Entire home,3,809.29,Medellin
1086303485986925484,6.21217,-75.56028,Entire home/apt,Entire rental unit,92,257.58,Medellin
1451798848775978369,6.2163,-75.5607,Entire home/apt,Entire home,0,2171.52,Medellin
1719208153000505340,6.2061,-75.5529,Entire home/apt,Entire condo,1,294.8,Medellin
1321997579311875476,6.2098,-75.562,Entire home/apt,Entire rental unit,53,776.97,Medellin
1055637448182322834,6.19484,-75.57974,Entire home/apt,Entire home,23,506.28,Medellin
8867811,6.2112,-75.5591,Entire home/apt,Entire condo,243,258.48,Medellin
876909809446038665,6.20901,-75.56237,Entire home/apt,Entire rental unit,141,374.0,Medellin
1681353521045905880,6.348219769867275,-75.49007329274248,Entire home/apt,Entire home,0,1545.8,Medellin
50595440,6.2472,-75.59874,Entire home/apt,Entire rental unit,35,1819.4,Medellin
879090216674114364,6.1743,-75.4344,Entire home/apt,Entire home,0,1289.84,Medellin
1700265200024019973,6.1748,-75.5604,Entire home/apt,Entire home,0,1153.05,Medellin
893568468723567935,6.2097,-75.5661,Entire home/apt,Room in aparthotel,14,852.7,Medellin
665053348998588659,6.208,-75.5681,Entire home/apt,Entire rental unit,2,2841.6,Medellin
1203760429735319879,6.2108,-75.5666,Entire home/apt,Entire loft,24,891.8,Medellin
5116398,6.2049,-75.5634,Entire home/apt,Entire condo,52,715.3,Medellin
1600193909436950008,6.2167,-75.5684,Entire home/apt,Entire villa,8,771.57,Medellin
957824748566937176,6.1813,-75.5438,Entire home/apt,Entire villa,79,660.0,Medellin
1730709916989398292,6.2544,-75.5963,Entire home/apt,Entire rental unit,0,75.44,Medellin
1660344228433084352,6.207666777700029,-75.56771845826736,Entire home/apt,Entire rental unit,1,638.6,Medellin
47941638,6.208,-75.568,Entire home/apt,Entire rental unit,2,847.8,Medellin
592536247495307472,6.20773,-75.56692,Entire home/apt,Entire serviced apartment,0,835.86,Medellin
1442187108754396566,6.24464,-75.58263,Entire home/apt,Entire rental unit,7,979.51,Medellin
23277020,6.20694,-75.56711,Entire home/apt,Room in aparthotel,73,984.0,Medellin
1716031598455462142,6.1669,-75.5603,Entire home/apt,Entire home,0,1234.6,Medellin
1335510503793231242,6.213,-75.5591,Entire home/apt,Entire rental unit,3,922.61,Medellin
1103552408263091540,6.2729,-75.5719,Entire home/apt,Casa particular,0,1228.42,Medellin
1601487655285952261,6.24117852316009,-75.58192734329882,Entire home/apt,Entire rental unit,0,883.31,Medellin
1210557929726679591,6.2091,-75.5677,Entire home/apt,Entire rental unit,2,982.74,Medellin
878274297704083668,6.19694,-75.57687,Entire home/apt,Entire home,12,754.97,Medellin
823740281654215931,6.2079,-75.568,Entire home/apt,Entire rental unit,3,867.22,Medellin
34989199,6.20849,-75.56599,Entire home/apt,Room in aparthotel,4,757.16,Medellin
870566392827707138,6.17065,-75.58243,Entire home/apt,Entire rental unit,0,1067.58,Medellin
1216030189540097181,6.2363,-75.588,Private room,Private room in rental unit,90,25.26,Medellin
1636290940716157660,6.208700810308971,-75.57318447162635,Entire home/apt,Tower,0,973.16,Medellin
1693568708993227606,6.2385,-75.5937,Entire home/apt,Entire rental unit,11,46.79,Medellin
44405265,6.12364,-75.63835,Private room,Private room in hostel,21,844.62,Medellin
852983560562538498,6.2107,-75.5682,Entire home/apt,Entire rental unit,22,935.8,Medellin
612419715404614789,6.2086,-75.56757,Entire home/apt,Entire serviced apartment,4,985.0,Medellin
1458064876791721339,6.1632,-75.5581,Entire home/apt,Entire home,0,1169.14,Medellin
1617424797258161432,6.2428,-75.5988,Entire home/apt,Entire home,0,1235.0,Medellin
51904684,6.20913,-75.56697,Entire home/apt,Entire rental unit,2,885.2,Medellin
1138535422942924064,6.1673,-75.5639,Entire home/apt,Entire home,0,1228.42,Medellin
1715092987793095356,6.205757043462497,-75.61243580750062,Entire home/apt,Entire home,0,1074.87,Medellin
1436391977040468438,6.2087,-75.575,Entire home/apt,Entire villa,1,850.19,Medellin
32291000,6.1566,-75.5755,Entire home/apt,Entire cottage,27,915.06,Medellin
1284032332052636943,6.14656,-75.55839,Entire home/apt,Entire home,0,818.47,Medellin
1080481804214741055,6.2115,-75.5028,Private room,Room in hotel,0,920.12,Medellin
947837316436963012,6.24188,-75.5982,Entire home/apt,Entire rental unit,1,590.85,Medellin
1080346014248849486,6.2112,-75.5028,Private room,Room in hotel,0,920.12,Medellin
1537892905237561983,6.2052,-75.56205,Entire home/apt,Entire rental unit,0,988.2,Medellin
1690634795461828556,6.2106,-75.5677,Entire home/apt,Entire rental unit,0,906.01,Medellin
1726136017908538812,6.198098931012911,-75.55090908548596,Entire home/apt,Entire home,0,1201.39,Medellin
1669171920987552624,6.2087,-75.5668,Entire home/apt,Entire rental unit,0,995.02,Medellin
689816871540709294,6.2159,-75.5617,Entire home/apt,Entire villa,11,1006.1,Medellin
1604623199526100810,6.243430487660176,-75.59301730573085,Private room,Private room in rental unit,1,899.02,Medellin
1692975833572451006,6.20842,-75.56772,Entire home/apt,Entire rental unit,0,953.74,Medellin
710316448585579513,6.1831,-75.5567,Entire home/apt,Entire home,27,954.48,Medellin
51911301,6.2072,-75.56782,Entire home/apt,Entire rental unit,47,765.0,Medellin
13467387,6.2087,-75.5661,Entire home/apt,Entire home,179,928.8,Medellin
1616769827843395743,6.206882630359231,-75.56514152746404,Entire home/apt,Entire home,0,838.97,Medellin
1574759230209635814,6.20912,-75.57579,Entire home/apt,Entire home,2,875.96,Medellin
1281079213215674888,6.16262,-75.55675,Entire home/apt,Entire home,78,783.13,Medellin
1564625832509407939,6.2138,-75.5736,Entire home/apt,Entire home,1,891.36,Medellin
665999989755161791,6.20903,-75.56774,Entire home/apt,Entire rental unit,9,859.6,Medellin
1712400868675991791,6.22681,-75.59979,Entire home/apt,Entire rental unit,1,70.71,Medellin
1695825017172883222,6.2206,-75.6063,Entire home/apt,Entire rental unit,6,38.37,Medellin
1348668119102526348,6.207116792061147,-75.56729566284595,Entire home/apt,Entire home,14,1060.91,Medellin
1084897788457042442,6.2269,-75.5996,Entire home/apt,Entire rental unit,69,41.96,Medellin
1726288790798713100,6.2314,-75.6037,Entire home/apt,Entire rental unit,1,46.07,Medellin
1695832280381822200,6.2206,-75.6063,Entire home/apt,Entire rental unit,7,46.6,Medellin
1092286671549728775,6.22202,-75.60679,Entire home/apt,Entire rental unit,31,71.96,Medellin
54329183,6.22781,-75.59988,Private room,Private room in home,50,23.87,Medellin
871641523090150074,6.2215,-75.6074,Entire home/apt,Entire rental unit,183,264.02,Medellin
1722772784894146410,6.223,-75.6057,Entire home/apt,Entire serviced apartment,1,51.59,Medellin
1452991554434072941,6.2119,-75.5714,Entire home/apt,Entire home,22,816.0,Medellin
1120264917558426790,6.21599,-75.60473,Entire home/apt,Entire loft,29,52.45,Medellin
1695822097964767259,6.2206,-75.6063,Entire home/apt,Entire rental unit,3,38.68,Medellin
1662667765661532019,6.225,-75.6021,Entire home/apt,Entire home,6,22.6,Medellin
1588777721700020951,6.22186,-75.60777,Entire home/apt,Entire home,27,143.29,Medellin
1288633754985832310,6.23155,-75.60477,Private room,Private room in rental unit,55,50.53,Medellin
1601708199355951840,6.2164,-75.5939,Entire home/apt,Entire serviced apartment,21,79.8,Medellin
15889272,6.22526,-75.59607,Entire home/apt,Entire rental unit,221,35.59,Medellin
1700062973382597219,6.23482,-75.59744,Entire home/apt,Entire rental unit,1,62.57,Medellin
39971125,6.22319,-75.59401,Entire home/apt,Entire rental unit,134,38.17,Medellin
1566916590587184291,6.25211,-75.59133,Entire home/apt,Entire rental unit,9,828.0,Medellin
1424023285907339342,6.2299,-75.6036,Entire home/apt,Entire serviced apartment,34,29.24,Medellin
877556435212481479,6.22333,-75.59382,Entire home/apt,Entire rental unit,240,41.4,Medellin
1457295606233226792,6.2155,-75.6057,Entire home/apt,Entire rental unit,30,92.6,Medellin
1079854224428693777,6.2111,-75.5029,Private room,Room in hotel,0,920.12,Medellin
1256726939984662801,6.232120641449875,-75.60200690797814,Entire home/apt,Entire rental unit,91,45.79,Medellin
1725672371681572581,6.249170909461431,-75.58759280944763,Entire home/apt,Entire rental unit,1,59.3,Medellin
1427167882999052508,6.2296,-75.5689,Entire home/apt,Entire rental unit,31,767.76,Medellin
1426946353306129068,6.23332,-75.60266,Entire home/apt,Entire rental unit,34,75.75,Medellin
1724813644630029551,6.2436,-75.5931,Entire home/apt,Entire loft,2,126.12,Medellin
1211792221979817371,6.22857,-75.59888,Private room,Private room in home,49,23.92,Medellin
1031153182745420003,6.2255,-75.594,Entire home/apt,Entire rental unit,135,51.22,Medellin
1617451731494007353,6.2521,-75.5871,Entire home/apt,Entire rental unit,13,48.83,Medellin
25742109,6.249365478858895,-75.59353849741437,Entire home/apt,Entire home,324,118.25,Medellin
1487774170198941023,6.2091,-75.5587,Entire home/apt,Entire rental unit,4,760.11,Medellin
1248401445622139867,6.2418,-75.5928,Entire home/apt,Entire rental unit,61,131.93,Medellin
1653300261760151226,6.2078,-75.6109,Entire home/apt,Entire rental unit,9,77.24,Medellin
965228248773245836,6.1673,-75.5611,Entire home/apt,Entire home,0,1535.53,Medellin
816768799938746113,6.2194,-75.5944,Entire home/apt,Entire serviced apartment,55,86.05,Medellin
1021939494731821117,6.1927,-75.5606,Entire home/apt,Entire home,0,2419.99,Medellin
1633526297289646163,6.21231,-75.58387,Entire home/apt,Entire home,5,98.04,Medellin
1634373046292812262,6.21345,-75.58532,Entire home/apt,Entire rental unit,5,73.79,Medellin
967347942035257601,6.31916,-75.56798,Entire home/apt,Entire rental unit,101,61.08,Medellin
1671977212549253050,6.2617,-75.59714,Entire home/apt,Entire home,9,36.33,Medellin
1269035793107862520,6.207400059098042,-75.57247865360024,Entire home/apt,Entire villa,18,1040.9,Medellin
1039849194615796398,6.2102,-75.4982,Private room,Room in hotel,2,1104.15,Medellin
1185723195729490603,6.234,-75.5491,Entire home/apt,Entire loft,38,39.62,Medellin
1628228392676494153,6.2017,-75.5857,Entire home/apt,Entire rental unit,15,31.95,Medellin
1347044785181414288,6.206764887697351,-75.54909115105463,Entire home/apt,Entire home,26,919.0,Medellin
1562416536851674876,6.190860598074334,-75.44620287526321,Entire home/apt,Entire home,11,882.6,Medellin
33652158,6.2051,-75.5272,Entire home/apt,Tiny home,337,91.23,Medellin
1702502659623193682,6.208,-75.5638,Entire home/apt,Entire rental unit,1,621.37,Medellin
1346587940405018998,6.2388,-75.5532,Entire home/apt,Entire rental unit,54,73.47,Medellin
37299938,6.2454,-75.5633,Entire home/apt,Entire rental unit,225,31.2,Medellin
653619228412609295,6.3712,-75.4677,Entire home/apt,Entire cottage,0,787.62,Medellin
755639624034706554,6.21,-75.567,Entire home/apt,Entire rental unit,149,367.2,Medellin
1461683867195669348,6.20976,-75.55923,Entire home/apt,Entire rental unit,34,285.9,Medellin
1339363448280716978,6.377,-75.4555,Entire home/apt,Entire home,3,830.58,Medellin
35863254,6.2436,-75.6047,Entire home/apt,Entire villa,162,253.2,Medellin
1414062387507224614,6.3838,-75.4788,Entire home/apt,Entire home,0,1161.31,Medellin
1010193049365421663,6.2528,-75.5905,Entire home/apt,Entire serviced apartment,15,832.8,Medellin
903776541067791004,6.35929,-75.50514,Entire home/apt,Entire villa,5,889.9,Medellin
1541290915184575273,6.20701,-75.55433,Entire home/apt,Entire rental unit,32,281.6,Medellin
19603351,6.2114,-75.559,Entire home/apt,Entire rental unit,320,279.94,Medellin
1129804508836656426,6.3393,-75.4927,Entire home/apt,Entire home,1,982.74,Medellin
697910996922294377,6.2072,-75.55576,Entire home/apt,Entire rental unit,176,348.84,Medellin
1262672583925148346,6.3884,-75.4752,Entire home/apt,Entire home,0,809.7,Medellin
1066109238167457507,6.1987,-75.5562,Entire home/apt,Entire rental unit,3,895.13,Medellin
1693573062575682643,6.2493,-75.591,Entire home/apt,Entire rental unit,4,72.0,Medellin
625414241736961962,6.2159,-75.5617,Entire home/apt,Entire home,27,890.0,Medellin
604176933553898000,6.37028,-75.45422,Entire home/apt,Entire villa,0,898.04,Medellin
40699061,6.2099,-75.5669,Entire home/apt,Entire rental unit,331,290.16,Medellin
1243718696603836399,6.19473,-75.57968,Entire home/apt,Entire home,14,921.32,Medellin
1173964263879544947,6.38424,-75.47899,Entire home/apt,Farm stay,0,827.91,Medellin
17621680,6.33002,-75.53241,Entire home/apt,Entire home,1,931.16,Medellin
1198630671458604680,6.2135,-75.5627,Entire home/apt,Entire rental unit,83,330.57,Medellin
1623968825352524804,6.245111708338518,-75.55198629572858,Entire home/apt,Entire rental unit,1,859.89,Medellin
50912408,6.2078,-75.5673,Entire home/apt,Entire villa,186,1094.0,Medellin
1644209846284888182,6.1917760419602415,-75.56840390494557,Entire home/apt,Entire home,0,797.41,Medellin
1244404369288719240,6.15084,-75.59566,Entire home/apt,Entire home,15,974.06,Medellin
963052137969207950,6.204,-75.5637,Entire home/apt,Entire rental unit,68,268.0,Medellin
954654459518889787,6.2383,-75.5564,Entire home/apt,Entire rental unit,91,37.8,Medellin
1604428868480566797,6.237805224467888,-75.58514600508207,Entire home/apt,Entire serviced apartment,10,374.67,Medellin
1663957781850958814,6.176849626173438,-75.55354394244884,Entire home/apt,Entire cabin,1,543.4,Medellin
814684190538579651,6.3834,-75.4788,Entire home/apt,Entire home,19,1139.73,Medellin
837990475093521223,6.18452,-75.56749,Entire home/apt,Entire home,74,589.6,Medellin
20691011,6.179,-75.4424,Entire home/apt,Entire cottage,61,714.01,Medellin
1669519327919970298,6.2639,-75.54553,Entire home/apt,Entire rental unit,0,497.51,Medellin
1473351628385142014,6.216,-75.5615,Entire home/apt,Room in aparthotel,33,420.42,Medellin
1181902664041281597,6.23681,-75.59182,Entire home/apt,Entire rental unit,53,352.6,Medellin
1640229808889345155,6.29668,-75.45487,Entire home/apt,Entire home,3,577.47,Medellin
1638546690917871253,6.20987,-75.56726,Entire home/apt,Entire rental unit,9,223.68,Medellin
1056800073482545348,6.3925,-75.4965,Entire home/apt,Earthen home,0,702.49,Medellin
836409667264953541,6.3363,-75.5492,Entire home/apt,Entire cabin,0,673.53,Medellin
1172734617165139446,6.34697,-75.50876,Entire home/apt,Entire cabin,0,588.88,Medellin
1711129618534599744,6.29638285968861,-75.45442200886032,Entire home/apt,Entire home,1,565.08,Medellin
968928268925996013,6.3463,-75.5084,Entire home/apt,Entire guesthouse,0,780.26,Medellin
1110843300547404096,6.2063,-75.5546,Entire home/apt,Entire rental unit,66,185.2,Medellin
53008648,6.24944,-75.60699,Entire home/apt,Entire serviced apartment,90,53.23,Medellin
1562403231528233650,6.1726,-75.5814,Private room,Room in hotel,1,632.39,Medellin
43497088,6.3944,-75.5165,Entire home/apt,Entire home,46,579.56,Medellin
631663651265829154,6.36455,-75.50412,Entire home/apt,Entire villa,1,576.0,Medellin
1087233165501838832,6.3689,-75.5019,Entire home/apt,Entire home,12,686.29,Medellin
916125878533933149,6.208,-75.5681,Entire home/apt,Entire rental unit,18,895.0,Medellin
41857726,6.3702,-75.5146,Entire home/apt,Entire cottage,2,536.24,Medellin
1664103806237633325,6.3911,-75.4973,Entire home/apt,Entire home,1,525.58,Medellin
1549373917316974864,6.200291725488093,-75.42938412546944,Entire home/apt,Entire home,8,627.4,Medellin
547581844168542599,6.3672,-75.5006,Entire home/apt,Entire villa,76,576.36,Medellin
550301430604843583,6.385,-75.4799,Entire home/apt,Entire vacation home,0,809.7,Medellin
1478205956646827121,6.2063,-75.5546,Entire home/apt,Entire rental unit,46,388.0,Medellin
53007386,6.20705,-75.56897,Entire home/apt,Entire rental unit,3,912.6,Medellin
1656693080059410994,6.3916,-75.4872,Entire home/apt,Entire home,1,612.0,Medellin
886421167653712226,6.23046,-75.55918,Entire home/apt,Entire rental unit,171,65.0,Medellin
926710948785489684,6.204,-75.5595,Entire home/apt,Entire villa,79,876.47,Medellin
1280733772953750870,6.2061,-75.5653,Entire home/apt,Entire rental unit,0,841.6,Medellin
1476426391807316329,6.24669,-75.58739,Entire home/apt,Entire rental unit,15,62.2,Medellin
1543703934013675547,6.2317,-75.4802,Entire home/apt,Entire guesthouse,3,890.68,Medellin
1183563573493237020,6.2132,-75.5685,Entire home/apt,Entire rental unit,107,152.76,Medellin
1097963184618699077,6.2155,-75.5707,Entire home/apt,Entire condo,99,214.0,Medellin
1231963685237766670,6.391,-75.4747,Entire home/apt,Entire cabin,0,625.68,Medellin
1000758934787063904,6.2669,-75.4427,Entire home/apt,Entire villa,4,443.0,Medellin
1686969529797337253,6.2894,-75.4785,Entire home/apt,Entire cottage,14,82.96,Medellin
8410709,6.20186,-75.53032,Entire home/apt,Tiny home,66,167.48,Medellin
54375812,6.206118435073597,-75.55540126845517,Entire home/apt,Entire rental unit,199,254.8,Medellin
980063476653688717,6.20587,-75.56122,Entire home/apt,Entire rental unit,146,207.4,Medellin
1141545876502322542,6.1994,-75.5689,Entire home/apt,Entire home,60,231.3,Medellin
839170504988136098,6.1046,-75.466,Entire home/apt,Entire home,1,1140.9,Medellin
805326144041159603,6.1017,-75.63507,Entire home/apt,Entire home,0,3496.45,Medellin
1284962826368729129,6.269612761011483,-75.44632807182164,Entire home/apt,Entire cabin,47,43.11,Medellin
1516226066801831053,6.157079743714167,-75.5602056063233,Entire home/apt,Entire home,0,705.19,Medellin
1035863266389949011,6.24153,-75.58614,Private room,Room in hotel,0,1324.97,Medellin
1511089349270678809,6.1993,-75.5674,Entire home/apt,Entire home,7,772.68,Medellin
923246992052045400,6.20735,-75.56713,Entire home/apt,Entire rental unit,2,979.0,Medellin
1714617871421130476,6.2058,-75.5554,Entire home/apt,Entire rental unit,0,617.84,Medellin
6572083,6.24959,-75.59584,Entire home/apt,Entire rental unit,106,179.39,Medellin
1135161423083145905,6.3666,-75.5032,Entire home/apt,Entire villa,31,559.72,Medellin
1000263059100470372,6.34973,-75.51568,Entire home/apt,Entire home,15,662.49,Medellin
1088579747748876074,6.3834,-75.4788,Entire home/apt,Entire home,0,4606.58,Medellin
1315594178717096813,6.166520676420172,-75.56150883340547,Entire home/apt,Entire villa,44,760.5,Medellin
1635693929576447208,6.1807,-75.4416,Private room,Private room in home,0,883.31,Medellin
1055160068542238577,6.2016,-75.4301,Entire home/apt,Entire home,0,982.74,Medellin
680512947260749768,6.2524,-75.5921,Entire home/apt,Entire serviced apartment,177,73.8,Medellin
1446093860532524653,6.257985383246638,-75.43768562333449,Entire home/apt,Entire home,0,1023.17,Medellin
1097924986631782618,6.37769,-75.44471,Entire home/apt,Entire home,1,925.64,Medellin
861632589980281932,6.2481,-75.4394,Entire home/apt,Entire home,0,967.38,Medellin
921073507374108610,6.3972,-75.4809,Entire home/apt,Entire home,0,1228.42,Medellin
1014472837817771077,6.2105,-75.5648,Entire home/apt,Entire rental unit,75,331.09,Medellin
1600729952910767183,6.1804,-75.5603,Entire home/apt,Entire home,0,745.6,Medellin
1141420025851203171,6.1994,-75.5689,Entire home/apt,Entire home,68,315.6,Medellin
1434851707762067129,6.208174074336845,-75.56572882517688,Entire home/apt,Entire home,30,878.15,Medellin
1137158351498082211,6.3169,-75.5596,Entire home/apt,Entire rental unit,40,511.59,Medellin
1283485809990937397,6.2251,-75.5658,Entire home/apt,Entire serviced apartment,0,1675.4,Medellin
1563445335437556972,6.24226,-75.60313,Entire home/apt,Entire home,5,562.6,Medellin
1268176086172927880,6.2024,-75.5675,Entire home/apt,Entire rental unit,81,291.0,Medellin
842216285200359002,6.3937,-75.4729,Entire home/apt,Entire home,5,534.41,Medellin
723903301713049889,6.211,-75.55832,Entire home/apt,Entire rental unit,144,301.2,Medellin
1669884896290512995,6.2109,-75.5646,Entire home/apt,Entire rental unit,5,174.0,Medellin
1676360030239662924,6.238698975013257,-75.59517348369435,Entire home/apt,Entire rental unit,8,99.37,Medellin
1218862535850726224,6.36633,-75.47546,Entire home/apt,Entire home,1,545.81,Medellin
1056428097121155341,6.2023,-75.5675,Entire home/apt,Entire rental unit,89,260.6,Medellin
1668512556969845333,6.247482408382116,-75.5955562914052,Entire home/apt,Entire rental unit,3,448.38,Medellin
1581958114376025112,6.2063,-75.5546,Entire home/apt,Entire rental unit,17,257.69,Medellin
1069742705696844214,6.3669,-75.4546,Entire home/apt,Casa particular,2,618.32,Medellin
1047295745577220922,6.3131,-75.4678,Entire home/apt,Entire cabin,0,908.05,Medellin
1669258699922342951,6.2164,-75.5569,Entire home/apt,Entire rental unit,3,173.28,Medellin
1634140869321310486,6.2092,-75.5652,Entire home/apt,Entire rental unit,12,271.59,Medellin
1535553688875382133,6.2069,-75.5736,Entire home/apt,Entire rental unit,8,590.1,Medellin
1255253495993992309,6.2027,-75.5676,Entire home/apt,Entire rental unit,45,387.54,Medellin
10367921,6.37948,-75.44924,Entire home/apt,Entire cottage,13,566.79,Medellin
51510274,6.20679,-75.55423,Entire home/apt,Entire serviced apartment,254,232.8,Medellin
23630685,6.37921,-75.48019,Entire home/apt,Entire cottage,3,589.2,Medellin
1229597806503373696,6.315,-75.493,Entire home/apt,Farm stay,1,772.21,Medellin
1330069115890963588,6.2112,-75.5592,Entire home/apt,Entire rental unit,88,213.13,Medellin
1533550261040559987,6.20772,-75.5731,Entire home/apt,Entire rental unit,34,234.0,Medellin
922563835916861532,6.2092,-75.5678,Entire home/apt,Entire rental unit,75,814.6,Medellin
968278645243201814,6.2047,-75.5632,Entire home/apt,Entire serviced apartment,55,472.0,Medellin
32417859,6.21439,-75.56473,Entire home/apt,Entire rental unit,466,265.4,Medellin
12366172,6.2104,-75.559,Entire home/apt,Entire loft,313,245.4,Medellin
1595120270392917047,6.37977,-75.49127,Entire home/apt,Entire home,11,510.2,Medellin
1313020465832711817,6.2063,-75.5546,Entire home/apt,Entire condo,58,232.03,Medellin
1453118939786688440,6.21094,-75.55832,Entire home/apt,Entire home,3,952.03,Medellin
1589494789312219984,6.315467890340486,-75.49366340732479,Entire home/apt,Entire cabin,0,761.54,Medellin
1142443957289042316,6.12425,-75.50804,Entire home/apt,Entire home,0,3040.34,Medellin
1495700463731509529,6.20762,-75.56378,Entire home/apt,Entire home,6,409.79,Medellin
1055899091667213671,6.2027,-75.5675,Entire home/apt,Entire rental unit,103,456.47,Medellin
1461793062665185354,6.2091,-75.5587,Entire home/apt,Entire rental unit,35,437.57,Medellin
26951282,6.21039,-75.55856,Entire home/apt,Entire rental unit,226,405.6,Medellin
902181497360668038,6.220792948219471,-75.56162350762652,Entire home/apt,Entire rental unit,111,405.72,Medellin
940756738873697839,6.2495,-75.5963,Entire home/apt,Entire rental unit,160,267.94,Medellin
1687150038734995981,6.1692,-75.5814,Entire home/apt,Entire rental unit,1,213.56,Medellin
1511555789002406024,6.1666,-75.5556,Entire home/apt,Entire home,16,439.89,Medellin
914450728045752420,6.2388,-75.5996,Entire home/apt,Entire rental unit,232,169.96,Medellin
852145383966209696,6.2595,-75.6132,Entire home/apt,Entire rental unit,15,2912.46,Medellin
1035584728326381818,6.2027,-75.5676,Entire home/apt,Entire rental unit,53,403.93,Medellin
1630436743730038709,6.2327,-75.59904,Entire home/apt,Entire rental unit,3,395.06,Medellin
1344968277968995056,6.23222,-75.60422,Entire home/apt,Entire rental unit,72,61.93,Medellin
1427445442549960170,6.2326,-75.6031,Entire home/apt,Entire rental unit,20,54.62,Medellin
1697915892693015743,6.2206,-75.6063,Entire home/apt,Entire rental unit,3,38.05,Medellin
1729282252400104832,6.2073,-75.5737,Entire home/apt,Entire rental unit,2,197.87,Medellin
1223879329973806264,6.2108,-75.5666,Entire home/apt,Entire loft,34,156.7,Medellin
1547131627967260584,6.2091,-75.5652,Entire home/apt,Entire rental unit,30,212.4,Medellin
943414628812257871,6.24361,-75.59171,Entire home/apt,Entire home,23,587.65,Medellin
1047893134906821108,6.21418,-75.56783,Entire home/apt,Entire rental unit,159,131.48,Medellin
980423589172791847,6.20472,-75.56126,Entire home/apt,Entire rental unit,165,175.0,Medellin
1727630731463140800,6.2091,-75.5652,Entire home/apt,Entire rental unit,0,521.88,Medellin
1532608590266791669,6.1399,-75.5359,Entire home/apt,Casa particular,3,349.2,Medellin
785370260471728595,6.2085,-75.5683,Entire home/apt,Entire rental unit,59,460.0,Medellin
51628694,6.245,-75.6031,Entire home/apt,Entire rental unit,141,522.08,Medellin
1645208596757368925,6.25485,-75.62074,Entire home/apt,Entire loft,11,39.33,Medellin
1704666748618409567,6.37896,-75.49775,Entire home/apt,Entire cottage,4,384.98,Medellin
1183411495658997058,6.2492,-75.5949,Entire home/apt,Entire rental unit,141,328.94,Medellin
1063173929361877042,6.26246,-75.60378,Entire home/apt,Entire rental unit,56,507.0,Medellin
980487185052079695,6.2062,-75.56068,Entire home/apt,Entire rental unit,173,213.6,Medellin
1168876597795954739,6.213,-75.5591,Entire home/apt,Entire serviced apartment,40,423.84,Medellin
1265912049395735226,6.2063,-75.5546,Entire home/apt,Entire rental unit,110,254.64,Medellin
9852668,6.2126,-75.5593,Entire home/apt,Entire rental unit,252,206.46,Medellin
1516711586542429684,6.2461,-75.6036,Entire home/apt,Entire home,32,404.84,Medellin
1406042717907325433,6.1965,-75.58,Private room,Room in hotel,2,653.61,Medellin
1568083400221173849,6.244205609064497,-75.59167141302252,Entire home/apt,Entire loft,12,542.17,Medellin
1263722567443460124,6.213976351196362,-75.58559278326983,Entire home/apt,Entire rental unit,57,91.15,Medellin
1382803305221698344,6.209847870812357,-75.57291330340821,Entire home/apt,Entire rental unit,4,988.58,Medellin
1469727144837598318,6.2448,-75.5989,Entire home/apt,Entire home,36,367.74,Medellin
1557603836604916368,6.24666,-75.59536,Entire home/apt,Entire rental unit,20,182.65,Medellin
1480506116765788585,6.380892596116965,-75.48421188858259,Entire home/apt,Entire home,22,410.65,Medellin
1559367627444878829,6.2456,-75.5913,Entire home/apt,Entire rental unit,9,594.4,Medellin
19426907,6.21175,-75.55841,Entire home/apt,Entire rental unit,121,450.94,Medellin
1694987501411278266,6.2076,-75.56906,Entire home/apt,Entire rental unit,0,2045.0,Medellin
1256735880796091454,6.2475,-75.5976,Entire home/apt,Entire home,59,332.8,Medellin
1692962185567325315,6.2535,-75.5936,Entire home/apt,Entire home,0,567.53,Medellin
1453113040548230702,6.212,-75.5714,Entire home/apt,Entire home,7,1026.2,Medellin
1213778057485443184,6.2435,-75.5598,Entire home/apt,Entire rental unit,47,31.4,Medellin
758590870637597546,6.14363,-75.61351,Entire home/apt,Entire rental unit,4,934.84,Medellin
1034995038696677176,6.2433,-75.5602,Entire home/apt,Entire rental unit,81,32.51,Medellin
1726101191574724417,6.2371,-75.5502,Entire home/apt,Entire rental unit,1,51.16,Medellin
1690899261186513672,6.23656,-75.54964,Entire home/apt,Entire rental unit,6,51.49,Medellin
1214666882365364454,6.24428,-75.55739,Entire home/apt,Entire rental unit,95,26.16,Medellin
1440791313528376434,6.2858,-75.5622,Entire home/apt,Entire home,37,174.34,Medellin
1709702931469773671,6.2026,-75.5581,Entire home/apt,Entire home,1,204.28,Medellin
1444232182205278716,6.2038329202607825,-75.624092002209,Entire home/apt,Entire home,16,151.6,Medellin
1421679451608159883,6.3695894892119425,-75.45915192795002,Entire home/apt,Entire home,0,591.08,Medellin
1270247960416191162,6.276718491641194,-75.48538039034865,Private room,Private room in nature lodge,48,141.29,Medellin
1394248161147514074,6.262929947666187,-75.59475172589846,Entire home/apt,Entire rental unit,78,150.53,Medellin
1005276344960630259,6.20322,-75.53062,Entire home/apt,Entire cabin,46,160.47,Medellin
584061654671980300,6.383,-75.43363,Entire home/apt,Entire villa,0,652.92,Medellin
41842131,6.392778464964949,-75.4956895621995,Entire home/apt,Entire cottage,0,702.49,Medellin
832580127003323932,6.36816,-75.50249,Entire home/apt,Ranch,8,726.52,Medellin
1732786038736896387,6.2092,-75.5657,Entire home/apt,Entire rental unit,0,197.0,Medellin
626032704135971927,6.2035,-75.4309,Entire home/apt,Entire chalet,345,152.33,Medellin
1617813209444527669,6.3501,-75.506,Entire home/apt,Entire home,0,666.17,Medellin
1136432096765362190,6.3572,-75.4909,Entire home/apt,Entire home,0,578.57,Medellin
43285558,6.1968,-75.5781,Entire home/apt,Entire rental unit,225,482.38,Medellin
52242906,6.2055,-75.5645,Entire home/apt,Entire serviced apartment,224,393.8,Medellin
1269703334240498077,6.194353952245103,-75.57720782159132,Entire home/apt,Entire villa,7,1215.56,Medellin
1166133542183478348,6.2027,-75.5676,Entire home/apt,Entire rental unit,40,403.93,Medellin
1080629614638582394,6.2026,-75.5676,Entire home/apt,Entire rental unit,60,431.3,Medellin
1068236190871703181,6.1844,-75.5582,Entire home/apt,Entire home,21,995.2,Medellin
1679068047306441854,6.2105,-75.5685,Entire home/apt,Entire home,0,748.0,Medellin
52288664,6.1934,-75.56155,Entire home/apt,Entire condo,7,495.39,Medellin
30819109,6.20807,-75.55836,Entire home/apt,Entire rental unit,306,380.78,Medellin
1020266899325059800,6.2017,-75.5671,Entire home/apt,Entire rental unit,114,460.36,Medellin
1187756597425340581,6.20841,-75.56783,Entire home/apt,Entire rental unit,57,458.2,Medellin
1039998850292760606,6.2026,-75.5676,Entire home/apt,Entire rental unit,88,488.23,Medellin
1341403137342751660,6.2071,-75.5652,Entire home/apt,Entire rental unit,68,428.99,Medellin
1601521063971391236,6.21313,-75.57259,Entire home/apt,Entire home,16,470.49,Medellin
1320318965542632412,6.2109,-75.5687,Entire home/apt,Entire home,43,454.48,Medellin
1649466299712918426,6.20433714482054,-75.5645858196622,Entire home/apt,Entire rental unit,1,270.33,Medellin
1511106990215038008,6.2101,-75.5717,Entire home/apt,Entire rental unit,23,413.56,Medellin
1729758423170820832,6.25225,-75.59289,Entire home/apt,Entire rental unit,0,473.1,Medellin
1670714865867595376,6.2428,-75.592,Entire home/apt,Entire home,7,486.08,Medellin
1493599438529620334,6.24919,-75.59368,Entire home/apt,Entire rental unit,8,123.83,Medellin
908575303991349030,6.26144,-75.59479,Entire home/apt,Entire place,1,358.57,Medellin
1282608764271185809,6.2539,-75.5856,Entire home/apt,Entire condo,54,81.26,Medellin
1429787544311801275,6.2481,-75.5962,Entire home/apt,Entire rental unit,30,71.6,Medellin
1062525706389927912,6.2011,-75.5585,Entire home/apt,Entire home,26,507.92,Medellin
1550829076344388409,6.2459,-75.5964,Entire home/apt,Entire rental unit,3,63.18,Medellin
1444991718406224260,6.206405243055112,-75.56577946925155,Entire home/apt,Entire home,19,417.23,Medellin
991598258876537063,6.23779,-75.5984,Entire home/apt,Entire home,136,91.0,Medellin
1081537188646576787,6.20893,-75.56657,Entire home/apt,Entire home,82,474.8,Medellin
1388698536303339214,6.2034,-75.5565,Entire home/apt,Entire home,12,431.01,Medellin
761818703975281303,6.20673,-75.5657,Entire home/apt,Entire home,105,526.48,Medellin
36812128,6.2154,-75.5709,Entire home/apt,Entire rental unit,67,471.84,Medellin
778303647284555990,6.21176,-75.56527,Entire home/apt,Entire rental unit,55,378.4,Medellin
961806024009439489,6.1698,-75.5707,Entire home/apt,Entire villa,103,583.87,Medellin
674972486064689471,6.20496,-75.55465,Entire home/apt,Entire townhouse,147,456.05,Medellin
1387813353713033008,6.1712,-75.5574,Entire home/apt,Entire villa,25,827.8,Medellin
1463266394232455873,6.20676,-75.57362,Entire home/apt,Entire rental unit,57,216.14,Medellin
1559595876807663021,6.20737,-75.56594,Entire home/apt,Entire home,14,640.2,Medellin
17928140,6.2301,-75.6021,Entire home/apt,Entire home,2,441.66,Medellin
1350237510205022776,6.2605,-75.5934,Private room,Private room in home,0,453.8,Medellin
1607316266214365301,6.2083,-75.5669,Entire home/apt,Entire home,2,529.2,Medellin
1524706679182198082,6.208028352270903,-75.56343214023497,Entire home/apt,Entire home,1,432.27,Medellin
1618973253332259559,6.2233,-75.5824,Entire home/apt,Entire home,0,610.04,Medellin
47815884,6.2089,-75.56695,Entire home/apt,Entire rental unit,43,466.8,Medellin
1605231829124960606,6.2022,-75.5518,Entire home/apt,Entire rental unit,0,2776.94,Medellin
1640653729478909048,6.2545,-75.6159,Entire home/apt,Entire rental unit,0,374.02,Medellin
795797854323940489,6.2384,-75.567,Entire home/apt,Entire rental unit,210,44.91,Medellin
1700137532381197309,6.2122,-75.57352,Entire home/apt,Entire rental unit,6,69.2,Medellin
1013828435073358438,6.24437,-75.56463,Entire home/apt,Entire rental unit,68,47.3,Medellin
1030336099875185600,6.2458,-75.59729,Entire home/apt,Entire home,29,374.66,Medellin
1294420213835988092,6.2484687917674,-75.60093449195442,Entire home/apt,Entire rental unit,5,264.99,Medellin
1668909685372095928,6.2508,-75.5874,Entire home/apt,Entire home,15,342.12,Medellin
1659487904104261208,6.2461,-75.6038,Entire home/apt,Entire rental unit,16,268.72,Medellin
1558966012047277738,6.208027577019576,-75.56647226775802,Entire home/apt,Entire rental unit,20,458.12,Medellin
1450088739042644227,6.18019,-75.56104,Entire home/apt,Entire home,36,602.8,Medellin
1704023424185379286,6.208,-75.5638,Entire home/apt,Entire rental unit,1,524.63,Medellin
1716029672223432144,6.1665,-75.5549,Entire home/apt,Entire home,0,453.29,Medellin
1478380866351245316,6.2055,-75.5654,Entire home/apt,Entire condo,31,435.6,Medellin
882878580908314487,6.237546848077074,-75.59160362306437,Entire home/apt,Entire villa,64,411.6,Medellin
874701959871955785,6.193,-75.5812,Entire home/apt,Entire home,141,445.85,Medellin
1583652553288288436,6.2135,-75.5709,Entire home/apt,Entire home,12,523.4,Medellin
1101004620982087552,6.17327,-75.57393,Entire home/apt,Entire home,57,700.1,Medellin
1487148067776734156,6.2091,-75.5587,Entire home/apt,Entire rental unit,1,383.58,Medellin
667315904824832144,6.2039,-75.5549,Entire home/apt,Entire townhouse,191,428.0,Medellin
1657995889864234082,6.242029122750409,-75.59955399224461,Entire home/apt,Entire rental unit,0,495.1,Medellin
1050693080771057276,6.2026,-75.5676,Entire home/apt,Entire rental unit,49,394.62,Medellin
932074359768269606,6.2539,-75.595,Entire home/apt,Entire home,25,325.11,Medellin
1692984710367531421,6.20737,-75.56862,Entire home/apt,Entire rental unit,0,471.62,Medellin
1716666447062064501,6.261,-75.5984,Entire home/apt,Entire rental unit,1,245.68,Medellin
803211707636607269,6.17474,-75.57041,Entire home/apt,Entire rental unit,24,390.83,Medellin
761374257731604331,6.2133,-75.5647,Entire home/apt,Entire rental unit,215,319.4,Medellin
995029001089706606,6.2022,-75.5675,Entire home/apt,Entire condo,105,252.73,Medellin
1419680410426345720,6.2064,-75.5649,Entire home/apt,Entire home,33,295.2,Medellin
1281268569511628774,6.2396,-75.6047,Entire home/apt,Entire home,21,395.46,Medellin
716030476601080475,6.15016,-75.58399,Entire home/apt,Entire villa,82,467.0,Medellin
939688340936285017,6.2083,-75.5649,Entire home/apt,Entire home,141,706.8,Medellin
1315385183786813903,6.2057,-75.5654,Entire home/apt,Entire rental unit,21,300.66,Medellin
765452838279107516,6.20347,-75.56261,Entire home/apt,Entire rental unit,180,260.17,Medellin
1279249743657963857,6.2153,-75.5709,Entire home/apt,Entire condo,71,300.6,Medellin
1026867586581994492,6.19594,-75.57748,Entire home/apt,Entire home,43,378.15,Medellin
715287606064558965,6.2076,-75.5666,Entire home/apt,Entire loft,6,431.27,Medellin
813868962629133060,6.211,-75.5647,Entire home/apt,Entire rental unit,36,445.6,Medellin
1361648804428102906,6.1801,-75.5647,Entire home/apt,Entire loft,7,463.94,Medellin
987036239618865404,6.2619,-75.596,Entire home/apt,Entire villa,110,258.0,Medellin
1305368145717591829,6.2027,-75.5677,Entire home/apt,Entire rental unit,46,461.64,Medellin
1400160072260264552,6.2073,-75.5649,Entire home/apt,Entire rental unit,3,484.25,Medellin
53964791,6.21002,-75.56612,Entire home/apt,Entire serviced apartment,211,275.0,Medellin
1308817259741859044,6.1955,-75.5794,Entire home/apt,Entire home,17,479.79,Medellin
1359657286311345968,6.2144,-75.5719,Entire home/apt,Entire condo,1,296.29,Medellin
1480711355995309924,6.20802,-75.56988,Entire home/apt,Entire rental unit,7,468.16,Medellin
1181349460286507821,6.1655,-75.5575,Entire home/apt,Entire home,2,490.96,Medellin
1660378894212230333,6.1822,-75.5761,Entire home/apt,Entire home,0,560.58,Medellin
1328892338503816763,6.2144,-75.5719,Entire home/apt,Entire condo,1,282.57,Medellin
1487811792565696930,6.220930846280097,-75.57326587752102,Entire home/apt,Entire rental unit,4,619.4,Medellin
1305285955721203346,6.212,-75.5585,Entire home/apt,Entire rental unit,76,279.46,Medellin
1099261312569355081,6.2524,-75.5894,Entire home/apt,Entire home,43,495.6,Medellin
29993704,6.17167,-75.42851,Entire home/apt,Entire cottage,8,610.19,Medellin
1410393610738995282,6.244237744854201,-75.43088858632231,Entire home/apt,Entire home,0,904.36,Medellin
8558942,6.2464,-75.5915,Entire home/apt,Entire home,138,418.8,Medellin
1039981590968105130,6.2027,-75.5675,Entire home/apt,Entire rental unit,44,434.37,Medellin
967235517579501170,6.2449,-75.6032,Entire home/apt,Entire rental unit,129,552.79,Medellin
1060094141392144160,6.2107,-75.5682,Entire home/apt,Entire rental unit,82,608.6,Medellin
585282590213818455,6.2111,-75.57216,Entire home/apt,Entire loft,102,380.09,Medellin
1602765705106809995,6.21391,-75.57256,Entire home/apt,Entire home,0,1174.99,Medellin
20151327,6.2099,-75.569,Entire home/apt,Entire rental unit,143,449.36,Medellin
1674147021506070634,6.2621,-75.5958,Entire home/apt,Entire home,1,430.8,Medellin
1665470610706933780,6.26356,-75.59861,Entire home/apt,Entire home,0,393.53,Medellin
1368186944683566970,6.1801,-75.5647,Entire home/apt,Entire rental unit,19,376.88,Medellin
1545031308181392148,6.2081,-75.5673,Entire home/apt,Entire rental unit,0,491.91,Medellin
1125517581668561219,6.2052,-75.5597,Entire home/apt,Entire home,73,416.0,Medellin
1065294220148374730,6.20741,-75.56755,Entire home/apt,Entire rental unit,3,935.0,Medellin
1005945647991883471,6.2065,-75.564,Entire home/apt,Entire condo,29,254.0,Medellin
1516850452112546136,6.211,-75.5676,Entire home/apt,Entire rental unit,22,295.6,Medellin
865161858380853700,6.21324,-75.56264,Entire home/apt,Entire home,47,429.93,Medellin
1628442384969861317,6.2164,-75.5569,Entire home/apt,Entire rental unit,14,312.14,Medellin
1671072329861787687,6.204088497235759,-75.56390655178573,Entire home/apt,Entire rental unit,0,850.0,Medellin
1211911713905260049,6.21231,-75.57426,Entire home/apt,Entire home,49,264.6,Medellin
645504308131366467,6.2128,-75.56586,Entire home/apt,Entire rental unit,263,363.4,Medellin
1556909989134746688,6.2365442087905025,-75.58657727585857,Entire home/apt,Entire rental unit,7,54.1,Medellin
1505820521278039923,6.2101,-75.5717,Entire home/apt,Entire serviced apartment,26,274.72,Medellin
1371179306982530421,6.180282828774796,-75.44506601466794,Entire home/apt,Entire home,7,355.02,Medellin
654993639852459100,6.2076,-75.5213,Entire home/apt,Tiny home,280,97.43,Medellin
1273252577327517568,6.379634971997743,-75.496683161122,Entire home/apt,Entire cottage,60,448.88,Medellin
1592007628461226827,6.2456,-75.5913,Entire home/apt,Entire rental unit,3,480.8,Medellin
52425089,6.20898322038323,-75.56493815356806,Entire home/apt,Entire serviced apartment,194,343.1,Medellin
805670794302852252,6.2389,-75.59508,Entire home/apt,Entire rental unit,81,106.55,Medellin
1318297860115536731,6.2388,-75.5884,Entire home/apt,Entire villa,28,257.0,Medellin
1334187092967688131,6.2169,-75.556,Entire home/apt,Entire rental unit,23,487.06,Medellin
928469528115255089,6.18749,-75.56936,Entire home/apt,Entire rental unit,48,494.28,Medellin
1614013203793803843,6.2263,-75.56185,Entire home/apt,Entire rental unit,19,438.79,Medellin
981270576876683051,6.2396,-75.5847,Entire home/apt,Entire serviced apartment,11,546.89,Medellin
1695760877407850452,6.1905,-75.5627,Entire home/apt,Entire rental unit,7,89.65,Medellin
1658424813487803308,6.2432,-75.482,Entire home/apt,Entire cabin,7,121.45,Medellin
1592045402596474104,6.18477,-75.46055,Entire home/apt,Entire cabin,28,132.56,Medellin
1044337534813518573,6.2027,-75.5677,Entire home/apt,Entire rental unit,70,350.78,Medellin
1683460295203936053,6.216016422994174,-75.55640422310546,Entire home/apt,Entire rental unit,11,109.77,Medellin
1625773456752555211,6.2104,-75.5685,Entire home/apt,Entire rental unit,6,378.2,Medellin
1014567660691809105,6.2063,-75.5546,Entire home/apt,Entire rental unit,79,367.9,Medellin
47975965,6.208,-75.568,Entire home/apt,Entire rental unit,5,490.4,Medellin
1170965790058708201,6.17361,-75.48699,Entire home/apt,Entire home,0,496.86,Medellin
1355103302246850905,6.1825,-75.5733,Entire home/apt,Entire rental unit,12,471.61,Medellin
1212505447992365729,6.20743,-75.56867,Entire home/apt,Entire rental unit,3,466.8,Medellin
53240105,6.25491,-75.59853,Entire home/apt,Entire vacation home,3,433.21,Medellin
1604512591749475547,6.2468,-75.5871,Entire home/apt,Entire home,0,497.7,Medellin
1313907324670302539,6.208617884329125,-75.57008229115193,Entire home/apt,Casa particular,3,424.4,Medellin
1542345168409918244,6.2522,-75.5892,Entire home/apt,Entire guesthouse,0,543.56,Medellin
1527059839782356448,6.2365,-75.5883,Entire home/apt,Entire villa,13,374.58,Medellin
573772800893971706,6.15805,-75.45098,Entire home/apt,Entire cottage,3,900.13,Medellin
1668246217416790246,6.174591993017709,-75.57472439874807,Entire home/apt,Entire rental unit,0,470.86,Medellin
1007344112187077331,6.223608939047481,-75.57341702679462,Entire home/apt,Entire rental unit,9,509.4,Medellin
1606922727698183455,6.2089,-75.57378,Entire home/apt,Entire rental unit,0,583.55,Medellin
912513765506380256,6.25018,-75.59035,Entire home/apt,Entire rental unit,5,442.72,Medellin
1090454843307183192,6.2072,-75.5649,Entire home/apt,Entire rental unit,22,491.75,Medellin
1259548829275660745,6.207382933701958,-75.5687195444774,Private room,Room in hotel,0,533.79,Medellin
710957262307028868,6.24663,-75.58801,Entire home/apt,Entire home,0,423.25,Medellin
1468195023834367237,6.17027,-75.57404,Entire home/apt,Entire rental unit,2,485.59,Medellin
1414503024621978039,6.2091,-75.5663,Entire home/apt,Entire home,30,698.22,Medellin
1562515356770096541,6.172191579733287,-75.5821875129334,Private room,Room in hotel,0,529.28,Medellin
837754520597928444,6.2107,-75.5682,Entire home/apt,Entire rental unit,72,596.0,Medellin
1621802841383612733,6.20919,-75.56602,Private room,Room in hotel,0,589.64,Medellin
1051008234080868393,6.19529,-75.56435,Entire home/apt,Entire rental unit,1,499.0,Medellin
1672067664947301835,6.197249102237415,-75.57693123195094,Entire home/apt,Entire home,0,519.01,Medellin
903520112973077084,6.2109,-75.5646,Entire home/apt,Entire rental unit,116,328.76,Medellin
1170274079102578961,6.2419,-75.5792,Entire home/apt,Entire rental unit,3,387.54,Medellin
968386382874140330,6.19476,-75.55825,Entire home/apt,Entire home,3,441.66,Medellin
1360243176532840099,6.195058318115561,-75.57919578526528,Entire home/apt,Entire home,0,404.86,Medellin
54194538,6.20752,-75.56871,Entire home/apt,Entire serviced apartment,0,412.0,Medellin
1434963879789785253,6.2085,-75.5664,Entire home/apt,Entire home,8,383.88,Medellin
18910612,6.21635,-75.56433,Entire home/apt,Entire condo,17,473.01,Medellin
1622522013944535339,6.2233,-75.5824,Entire home/apt,Entire home,0,603.15,Medellin
689219278155831402,6.2134,-75.5733,Entire home/apt,Entire rental unit,1,392.95,Medellin
1202873536043884336,6.2091,-75.5668,Entire home/apt,Entire rental unit,4,443.74,Medellin
1172367153735728354,6.20611,-75.55405,Entire home/apt,Entire rental unit,53,320.52,Medellin
1360951648535718195,6.1516,-75.6162,Entire home/apt,Casa particular,1,484.46,Medellin
1562520571434960657,6.171477502797175,-75.58206426122837,Private room,Room in hotel,0,558.69,Medellin
781420337835063626,6.2085,-75.5866,Entire home/apt,Entire rental unit,161,89.8,Medellin
1481208370205768616,6.21477,-75.57284,Entire home/apt,Entire rental unit,1,415.58,Medellin
1559654772817996224,6.18188,-75.57378,Entire home/apt,Entire rental unit,0,563.85,Medellin
1115241875366437061,6.196552605204499,-75.57710295733875,Entire home/apt,Entire home,8,445.63,Medellin
1692878354210390278,6.20899,-75.56765,Entire home/apt,Entire rental unit,0,492.39,Medellin
1475625985546936059,6.242889032478948,-75.59744593305861,Entire home/apt,Entire rental unit,0,436.8,Medellin
968843741288479322,6.20886,-75.56535,Entire home/apt,Entire rental unit,95,383.5,Medellin
1608914330852299973,6.15536,-75.58974,Entire home/apt,Entire home,0,576.49,Medellin
1376042399353303192,6.209,-75.5668,Entire home/apt,Entire rental unit,2,829.32,Medellin
45238915,6.2007,-75.5632,Entire home/apt,Entire serviced apartment,108,417.0,Medellin
1600070950728259101,6.25642,-75.60807,Entire home/apt,Entire rental unit,8,40.65,Medellin
1206692737125362227,6.2119,-75.5154,Entire home/apt,Entire home,17,422.57,Medellin
713795077706644976,6.2051,-75.5604,Entire home/apt,Entire rental unit,0,562.2,Medellin
1667650804349819103,6.197436115422608,-75.57752353209477,Entire home/apt,Entire home,0,525.15,Medellin
1701996364403816484,6.2081,-75.5639,Entire home/apt,Entire rental unit,0,598.15,Medellin
46250557,6.25856,-75.56144,Entire home/apt,Entire villa,12,378.66,Medellin
1442107434879052428,6.2312,-75.6056,Entire home/apt,Entire rental unit,26,51.06,Medellin
1606798795516654392,6.24,-75.5802,Entire home/apt,Entire rental unit,7,388.14,Medellin
1274923550000419978,6.201549414737962,-75.55668710539436,Entire home/apt,Entire home,0,536.82,Medellin
1204970493492570326,6.2132,-75.5718,Entire home/apt,Entire home,59,408.12,Medellin
1334043155924129301,6.1801,-75.5647,Entire home/apt,Entire rental unit,40,406.6,Medellin
1524989955184082026,6.24073,-75.60178,Entire home/apt,Entire home,32,403.91,Medellin
6247504,6.2063,-75.5654,Entire home/apt,Entire serviced apartment,59,456.3,Medellin
1603945818989581324,6.2000023818060725,-75.51317721879332,Entire home/apt,Entire home,0,482.89,Medellin
926189652766635476,6.20732,-75.56557,Entire home/apt,Entire home,6,429.33,Medellin
1711094919974982487,6.238759281092002,-75.60130547254116,Entire home/apt,Entire rental unit,5,47.43,Medellin
1456916609040551362,6.2081,-75.5681,Entire home/apt,Entire rental unit,4,490.0,Medellin
991564080624632015,6.23928,-75.59937,Entire home/apt,Entire home,162,62.0,Medellin
988435240984964874,6.16442,-75.55732,Entire home/apt,Entire home,3,505.7,Medellin
1404754934674162435,6.246299751666264,-75.59245924356648,Entire home/apt,Entire home,59,393.79,Medellin
1141963793251855301,6.208,-75.5681,Entire home/apt,Entire rental unit,37,406.0,Medellin
1202199949385265953,6.2424,-75.5601,Entire home/apt,Entire rental unit,2,556.85,Medellin
1532953690333502228,6.1644,-75.5565,Entire home/apt,Entire home,25,703.27,Medellin
938504508473939949,6.152,-75.6471,Entire home/apt,Entire home,3,834.31,Medellin
1441483789910090100,6.2732,-75.5604,Entire home/apt,Entire rental unit,45,112.24,Medellin
1309686286531267253,6.2475,-75.5951,Entire home/apt,Entire rental unit,53,457.23,Medellin
791320197922988850,6.2086,-75.5745,Entire home/apt,Entire home,108,469.0,Medellin
974131690445164313,6.193,-75.5812,Entire home/apt,Entire villa,83,677.0,Medellin
1068936787989226746,6.35127,-75.50202,Entire home/apt,Entire cottage,17,507.91,Medellin
1451014536791152982,6.35623091257545,-75.50741610890952,Private room,Room in hotel,0,417.67,Medellin
50590110,6.23078,-75.47273,Entire home/apt,Entire cabin,169,103.8,Medellin
1251488423132977867,6.209,-75.5668,Entire home/apt,Entire rental unit,45,268.0,Medellin
1603113186278600435,6.166555854361193,-75.6464413065821,Entire home/apt,Entire rental unit,1,588.41,Medellin
1367593657263033817,6.2803159863881985,-75.44162547768249,Entire home/apt,Castle,0,894.36,Medellin
874490361399437026,6.2067,-75.5734,Entire home/apt,Entire rental unit,104,599.32,Medellin
1025338297282424649,6.1436,-75.6395,Entire home/apt,Entire home,0,500.54,Medellin
1442719260237053388,6.35152,-75.50628,Entire home/apt,Entire home,1,399.72,Medellin
1363981778557782789,6.205,-75.4881,Entire home/apt,Entire cabin,95,45.64,Medellin
1359581944121498187,6.1509,-75.6185,Entire home/apt,Entire rental unit,4,403.42,Medellin
1679078758914414991,6.1905,-75.5627,Entire home/apt,Entire condo,12,136.4,Medellin
1437149724697390446,6.2425,-75.5628,Entire home/apt,Entire rental unit,30,26.83,Medellin
943739611882411274,6.1375,-75.636,Entire home/apt,Farm stay,1,655.12,Medellin
1518803528626210771,6.2423,-75.5559,Private room,Room in hotel,1,30.71,Medellin
683148581006555693,6.2441,-75.5146,Entire home/apt,Entire cabin,103,74.7,Medellin
54030385,6.23773,-75.55025,Private room,Private room,15,28.86,Medellin
15308326,6.21363,-75.57415,Entire home/apt,Entire rental unit,32,429.23,Medellin
1566342519802353790,6.2419,-75.5819,Entire home/apt,Entire home,24,386.96,Medellin
1011814762027975144,6.24349,-75.56114,Entire home/apt,Entire rental unit,21,30.46,Medellin
1206779446326266463,6.2432,-75.5558,Entire home/apt,Entire rental unit,26,29.01,Medellin
1576825668378843723,6.348648452162918,-75.60973599893632,Entire home/apt,Entire cabin,1,404.86,Medellin
926907928169688286,6.2029,-75.5573,Entire home/apt,Entire home,68,577.04,Medellin
1650736688975716270,6.2405,-75.5613,Private room,Private room in rental unit,3,19.13,Medellin
1486453108686551068,6.24361,-75.55767,Entire home/apt,Entire rental unit,27,30.97,Medellin
1214648941647628551,6.2436,-75.5582,Entire home/apt,Entire loft,104,31.63,Medellin
1344132485577555252,6.24317,-75.56269,Entire home/apt,Entire rental unit,41,30.23,Medellin
42092533,6.23543,-75.60129,Private room,Private room in home,35,28.0,Medellin
1050092756719328689,6.2026,-75.5676,Entire home/apt,Entire rental unit,78,337.39,Medellin
1604408251507185994,6.19459700037664,-75.57271191040299,Private room,Private room in rental unit,0,462.63,Medellin
1681885051002497773,6.2432,-75.5558,Private room,Room in hotel,1,35.58,Medellin
1707449277776049454,6.2418,-75.5593,Private room,Private room in rental unit,0,30.71,Medellin
786490012699423480,6.10648,-75.49088,Entire home/apt,Entire home,2,1289.84,Medellin
1278929052459708652,6.3503,-75.5148,Entire home/apt,Entire villa,3,384.98,Medellin
1152449034259017177,6.2428,-75.5623,Entire home/apt,Entire rental unit,30,30.12,Medellin
1384887209282559768,6.212950819586525,-75.56353910471762,Entire home/apt,Entire rental unit,70,299.6,Medellin
1198621776895483493,6.2135,-75.5627,Entire home/apt,Entire rental unit,91,254.81,Medellin
1285679563343713908,6.2063,-75.5546,Entire home/apt,Entire rental unit,76,272.72,Medellin
1540946417947138272,6.2063,-75.5549,Entire home/apt,Entire condo,24,251.4,Medellin
1178213767933192103,6.2023,-75.5676,Entire home/apt,Entire rental unit,71,265.19,Medellin
1461690102224452113,6.2091,-75.5587,Entire home/apt,Entire rental unit,32,254.53,Medellin
993592075181970605,6.1956,-75.5765,Entire home/apt,Entire home,86,302.73,Medellin
684728262855885845,6.2027,-75.5619,Entire home/apt,Entire rental unit,161,251.83,Medellin
53278120,6.2448,-75.5914,Private room,Private room in home,99,29.0,Medellin
1367038333725842925,6.2023,-75.5675,Entire home/apt,Entire rental unit,66,258.52,Medellin
1649488578768119261,6.204537021628729,-75.56535315505184,Entire home/apt,Entire rental unit,13,313.89,Medellin
950681335832586620,6.244,-75.6014,Entire home/apt,Entire loft,315,25.2,Medellin
48298491,6.2083,-75.568,Entire home/apt,Entire rental unit,0,927.9,Medellin
1082179982975694356,6.24224,-75.56286,Entire home/apt,Entire rental unit,31,30.27,Medellin
902374136466344140,6.2426,-75.56171,Entire home/apt,Entire rental unit,31,30.76,Medellin
929873721448544787,6.2,-75.5708,Entire home/apt,Entire rental unit,46,368.05,Medellin
1311079757148697885,6.170296604844,-75.60911082025294,Entire home/apt,Entire rental unit,40,583.5,Medellin
1126352831753781977,6.1962,-75.5726,Entire home/apt,Entire rental unit,0,352.35,Medellin
846310898570770057,6.24049,-75.58227,Entire home/apt,Entire home,42,368.05,Medellin
638437542138266006,6.2113,-75.572,Entire home/apt,Entire home,1,502.29,Medellin
1100865706644000052,6.24978,-75.59549,Entire home/apt,Entire rental unit,1,323.88,Medellin
1313802782075277022,6.202239435422308,-75.56954197135177,Entire home/apt,Entire rental unit,65,280.0,Medellin
1016102125000494528,6.19871,-75.56155,Private room,Private room in rental unit,1,233.89,Medellin
1585771970357729761,6.1664,-75.5868,Entire home/apt,Entire home,1,371.03,Medellin
1664704833340477922,6.20283,-75.5688,Entire home/apt,Entire rental unit,3,275.0,Medellin
1563432683604626102,6.2084,-75.5679,Entire home/apt,Entire rental unit,26,391.87,Medellin
1494915143228623041,6.1182,-75.5872,Entire home/apt,Tiny home,0,471.1,Medellin
1396314367828511416,6.24500707913637,-75.58675982510323,Entire home/apt,Entire home,33,328.59,Medellin
1451590530126859675,6.2091,-75.5587,Entire home/apt,Entire rental unit,31,329.64,Medellin
1079844683741345702,6.211,-75.5028,Private room,Room in hotel,0,368.05,Medellin
1021841713938080196,6.19603,-75.57694,Private room,Private room in home,0,368.05,Medellin
860693987600894453,6.2652,-75.5962,Entire home/apt,Entire rental unit,5,367.84,Medellin
1650108670853333196,6.2192507315998204,-75.5991729378702,Entire home/apt,Entire home,3,61.84,Medellin
1558878745606074460,6.24325,-75.59841,Private room,Room in hotel,0,333.47,Medellin
1558883433594537891,6.24334,-75.59815,Private room,Room in hotel,0,339.87,Medellin
40781879,6.1577,-75.4586,Entire home/apt,Entire cottage,32,655.13,Medellin
1558875162650189742,6.24235,-75.59809,Private room,Room in hotel,0,327.77,Medellin
1309403337907160502,6.248,-75.6148,Entire home/apt,Entire rental unit,0,335.65,Medellin
1475357102750749582,6.2137,-75.5841,Entire home/apt,Entire guesthouse,3,323.88,Medellin
1138516973480986528,6.28105,-75.50167,Entire home/apt,Entire cabin,1,330.88,Medellin
1441671157570998122,6.16894,-75.59051,Private room,Room in hotel,0,349.57,Medellin
993564353328923757,6.1519,-75.6137,Entire home/apt,Entire rental unit,3,335.23,Medellin
1194241970365468985,6.2135,-75.5627,Entire home/apt,Entire rental unit,60,218.57,Medellin
1473361550800976114,6.23399,-75.56881,Entire home/apt,Entire rental unit,67,228.4,Medellin
1686606234969349674,6.214425963878333,-75.57259614822338,Entire home/apt,Entire home,1,329.0,Medellin
1687057665135793137,6.2154,-75.5708,Entire home/apt,Entire condo,3,201.4,Medellin
1604781018107238766,6.2525,-75.5866,Entire home/apt,Entire loft,24,191.51,Medellin
1605498393363516813,6.2074,-75.5737,Entire home/apt,Entire condo,10,193.18,Medellin
981366404899091700,6.20612,-75.56222,Entire home/apt,Entire rental unit,163,272.0,Medellin
980108602248626607,6.20494,-75.56138,Entire home/apt,Entire rental unit,149,226.8,Medellin
984971134348927528,6.3166,-75.5596,Entire home/apt,Entire rental unit,39,349.65,Medellin
669509349155846615,6.2063,-75.555,Entire home/apt,Entire condo,197,219.8,Medellin
1518588467577383790,6.24963,-75.5972,Entire home/apt,Entire rental unit,28,245.85,Medellin
19268151,6.2108,-75.5589,Entire home/apt,Entire loft,358,224.6,Medellin
1079820090589198912,6.20318,-75.56239,Entire home/apt,Entire rental unit,114,274.6,Medellin
1081128699328325034,6.2492,-75.5899,Private room,Room in hotel,2,368.05,Medellin
1089853576659129573,6.20552,-75.5212,Entire home/apt,Entire cabin,84,199.18,Medellin
1624760459000916034,6.215988403789424,-75.5576024145941,Entire home/apt,Entire rental unit,1,103.35,Medellin
1192025894797888882,6.241,-75.5819,Entire home/apt,Entire rental unit,117,200.4,Medellin
1216794214443848729,6.2135,-75.5645,Entire home/apt,Entire rental unit,113,197.2,Medellin
1729199056615623496,6.2412,-75.5847,Entire home/apt,Entire condo,0,214.4,Medellin
1162385054432658755,6.21114,-75.57355,Entire home/apt,Entire rental unit,49,219.1,Medellin
1451709777689222705,6.2139,-75.5733,Entire home/apt,Entire rental unit,22,264.81,Medellin
1698886084685568318,6.2164,-75.5569,Entire home/apt,Entire rental unit,2,140.3,Medellin
796651309623239811,6.21677,-75.55515,Entire home/apt,Entire condo,51,160.4,Medellin
1386114385682617347,6.241701520355971,-75.58390396776359,Entire home/apt,Entire rental unit,50,127.15,Medellin
992254914659421137,6.19185,-75.56637,Entire home/apt,Entire rental unit,2,382.77,Medellin
53533526,6.1978,-75.57,Entire home/apt,Entire loft,297,162.07,Medellin
1561987281877876391,6.2081,-75.5673,Entire home/apt,Entire rental unit,79,207.85,Medellin
924873758276061513,6.20623,-75.62364,Entire home/apt,Entire cabin,81,154.88,Medellin
1370839580049631367,6.20466,-75.55878,Entire home/apt,Entire rental unit,69,338.68,Medellin
1081944819399196177,6.2143,-75.5657,Entire home/apt,Entire rental unit,0,399.24,Medellin
1209353285417747904,6.2507,-75.5913,Entire home/apt,Entire home,1,331.24,Medellin
1558873208922699533,6.2431,-75.59978,Private room,Room in hotel,1,324.9,Medellin
954991995853418654,6.2299,-75.6027,Entire home/apt,Entire home,38,357.0,Medellin
815404678822098000,6.2361,-75.5888,Entire home/apt,Entire home,0,364.37,Medellin
1334151008279893941,6.268301079659558,-75.59456064892063,Entire home/apt,Entire rental unit,3,314.14,Medellin
1538189624918867402,6.2085,-75.5664,Entire home/apt,Entire rental unit,3,329.83,Medellin
1612631539085651243,6.2047,-75.5547,Entire home/apt,Entire rental unit,0,344.97,Medellin
1648776335863728072,6.205390937012143,-75.56308959515482,Entire home/apt,Entire rental unit,2,351.32,Medellin
1193806599675618280,6.2063,-75.5546,Entire home/apt,Entire rental unit,62,324.0,Medellin
831858168959624631,6.2039,-75.5549,Entire home/apt,Entire home,85,346.0,Medellin
981195250626109835,6.2104,-75.56479,Entire home/apt,Entire rental unit,135,317.81,Medellin
689957522272397658,6.2556,-75.5569,Entire home/apt,Entire rental unit,57,44.77,Medellin
22123862,6.2124,-75.5593,Entire home/apt,Entire rental unit,313,326.7,Medellin
1669130668161957601,6.2633,-75.5454,Entire home/apt,Entire rental unit,0,460.66,Medellin
1569937676469313917,6.2109,-75.5647,Entire home/apt,Entire rental unit,16,329.2,Medellin
1639429325875683160,6.2079,-75.564,Entire home/apt,Room in aparthotel,0,423.32,Medellin
973263804766053006,6.21042,-75.56426,Entire home/apt,Entire rental unit,120,332.0,Medellin
1487764629210618474,6.2091,-75.5587,Entire home/apt,Entire rental unit,5,346.87,Medellin
913113981174076754,6.2482,-75.585,Entire home/apt,Entire rental unit,87,316.62,Medellin
950127245894573695,6.20367,-75.55645,Entire home/apt,Entire home,71,438.94,Medellin
1207958886522812748,6.2027,-75.5675,Entire home/apt,Entire rental unit,22,367.21,Medellin
1510830370542376925,6.246270798621922,-75.55799392459454,Entire home/apt,Entire rental unit,42,26.17,Medellin
1310871904900580866,6.2089,-75.5652,Entire home/apt,Entire rental unit,67,316.39,Medellin
1298526375786894103,6.1883,-75.5674,Entire home/apt,Entire rental unit,16,351.4,Medellin
1272400711735006801,6.208,-75.5681,Entire home/apt,Entire rental unit,5,401.0,Medellin
1254561471363291855,6.210615485463751,-75.56927093725407,Entire home/apt,Entire rental unit,43,298.8,Medellin
1228289065745477495,6.2423,-75.5857,Entire home/apt,Entire home,79,392.17,Medellin
1701966614893292459,6.2081,-75.5639,Entire home/apt,Entire rental unit,0,473.68,Medellin
1623287436139096278,6.2091,-75.5669,Entire home/apt,Entire rental unit,10,290.2,Medellin
1572731344111831704,6.21468,-75.57379,Entire home/apt,Entire rental unit,3,313.58,Medellin
1474912097301584100,6.2067,-75.5736,Entire home/apt,Entire condo,41,287.8,Medellin
904722016435472651,6.25867,-75.55596,Entire home/apt,Entire home,39,358.0,Medellin
1228947311291215332,6.213,-75.5598,Entire home/apt,Entire rental unit,17,351.4,Medellin
980592378508448904,6.2063,-75.56116,Entire home/apt,Entire rental unit,135,199.6,Medellin
1631488683804762281,6.209817549506831,-75.56360064337032,Entire home/apt,Entire rental unit,17,307.0,Medellin
53542495,6.2085,-75.5654,Entire home/apt,Entire serviced apartment,225,304.09,Medellin
1015401669235102241,6.2063,-75.5546,Entire home/apt,Entire rental unit,108,290.43,Medellin
1354457288284882009,6.2106,-75.5724,Entire home/apt,Entire rental unit,54,127.4,Medellin
1810235,6.206057469059441,-75.57392527680585,Entire home/apt,Entire home,240,298.56,Medellin
691452503739425687,6.2406,-75.5614,Entire home/apt,Entire loft,198,29.05,Medellin
1456704689667714784,6.186,-75.5537,Entire home/apt,Entire villa,29,293.64,Medellin
747835182429912551,6.2127,-75.5615,Entire home/apt,Entire rental unit,145,300.0,Medellin
707331411922515599,6.20963,-75.56525,Entire home/apt,Entire loft,56,283.8,Medellin
24558560,6.2414,-75.5827,Private room,Private room in home,44,23.42,Medellin
35469774,6.25515,-75.58363,Entire home/apt,Entire home,16,482.16,Medellin
1202268493549430439,6.1788,-75.5712,Entire home/apt,Entire villa,51,331.98,Medellin
1573992715848857657,6.2142,-75.5716,Entire home/apt,Entire rental unit,17,298.4,Medellin
34986931,6.20862,-75.5669,Entire home/apt,Room in aparthotel,67,367.31,Medellin
1044304807589504475,6.2027,-75.5677,Entire home/apt,Entire rental unit,38,303.24,Medellin
586389643334404107,6.20175,-75.56152,Entire home/apt,Entire rental unit,208,294.35,Medellin
1564275619864481671,6.2231,-75.5929,Entire home/apt,Entire home,6,336.02,Medellin
1719910907676635991,6.2422,-75.5861,Entire home/apt,Entire home,0,344.11,Medellin
889759158981574221,6.21082,-75.57,Entire home/apt,Entire home,124,666.42,Medellin
1552970048446238313,6.2081,-75.5673,Entire home/apt,Entire rental unit,2,447.5,Medellin
1611020517854031370,6.2409,-75.5803,Entire home/apt,Entire rental unit,30,287.32,Medellin
906162257503644404,6.2124,-75.55865,Entire home/apt,Entire rental unit,114,297.58,Medellin
1314659584131218307,6.202408758124382,-75.56787692900701,Entire home/apt,Entire rental unit,1,1200.0,Medellin
584995167346465311,6.09375,-75.49845,Entire home/apt,Entire home,19,324.29,Medellin
1293711987409767864,6.2093,-75.5713,Entire home/apt,Entire loft,95,121.28,Medellin
1064511970836198373,6.1524,-75.6248,Entire home/apt,Earthen home,187,85.91,Medellin
597788974700709147,6.2018,-75.5692,Private room,Private room in loft,283,152.01,Medellin
1508128783624157472,6.2076,-75.5737,Entire home/apt,Entire rental unit,55,117.06,Medellin
1653057812777715796,6.2443,-75.5586,Entire home/apt,Entire rental unit,4,84.6,Medellin
1424636000448389155,6.262198968650727,-75.59328778997735,Entire home/apt,Entire rental unit,71,282.31,Medellin
1679789302985219070,6.215746950498087,-75.55616912038558,Entire home/apt,Entire rental unit,4,85.0,Medellin
1670328521830970177,6.21558,-75.55655,Entire home/apt,Entire rental unit,15,136.56,Medellin
1514603899823309170,6.245955977520079,-75.59547015087342,Entire home/apt,Entire rental unit,27,294.92,Medellin
1007261414306274749,6.39806,-75.49709,Entire home/apt,Entire cabin,0,485.82,Medellin
1248717643088410917,6.2251,-75.5658,Entire home/apt,Entire condo,52,112.8,Medellin
1151463197652415494,6.2026,-75.5676,Entire home/apt,Entire rental unit,64,337.78,Medellin
878438905030744125,6.18591,-75.57022,Entire home/apt,Entire rental unit,99,338.97,Medellin
48340623,6.250607452501071,-75.51647670842206,Entire home/apt,Treehouse,203,160.73,Medellin
1465435806096142214,6.212638010420363,-75.56749992868684,Entire home/apt,Entire rental unit,42,122.56,Medellin
1569989656370576712,6.2311,-75.546,Entire home/apt,Entire serviced apartment,24,71.64,Medellin
1724976089881398613,6.2063,-75.5546,Entire home/apt,Entire rental unit,0,172.62,Medellin
1632700902918239115,6.242814133011118,-75.55653124756371,Entire home/apt,Entire rental unit,5,66.98,Medellin
573072348159323187,6.19548,-75.44904,Entire home/apt,Entire cottage,97,167.83,Medellin
1634415613373704151,6.189426874901386,-75.56294292707508,Entire home/apt,Entire rental unit,15,112.66,Medellin
1391784384997475071,6.2005,-75.5279,Entire home/apt,Tiny home,25,95.23,Medellin
1462584068921260047,6.2588,-75.6132,Entire home/apt,Entire rental unit,4,38.14,Medellin
1549543050736796180,6.3152,-75.552,Entire home/apt,Entire rental unit,1,234.09,Medellin
1609563998365023390,6.2432,-75.5558,Entire home/apt,Entire rental unit,7,25.7,Medellin
1659568852139239312,6.231,-75.603,Entire home/apt,Entire rental unit,16,219.89,Medellin
839214534423072875,6.1999,-75.5277,Entire home/apt,Entire cabin,85,86.07,Medellin
1705523856407488862,6.21545966945583,-75.55749350248418,Entire home/apt,Entire rental unit,3,106.7,Medellin
1370882739275441054,6.2425,-75.5624,Private room,Private room in guesthouse,14,17.81,Medellin
1262483044231498639,6.2478156847421635,-75.55623029705316,Entire home/apt,Entire rental unit,70,28.74,Medellin
1681464348936366069,6.242785414556681,-75.58146032499059,Private room,Room in hotel,76,30.41,Medellin
938465157913364044,6.2398,-75.5614,Private room,Private room in rental unit,51,21.79,Medellin
1283482742930629555,6.2084,-75.568,Entire home/apt,Entire townhouse,48,381.22,Medellin
46683547,6.24484,-75.56198,Private room,Private room in serviced apartment,120,31.35,Medellin
1004511942263085019,6.3161,-75.55898,Entire home/apt,Entire rental unit,24,342.8,Medellin
1281416869376482084,6.2426,-75.5625,Private room,Private room in guesthouse,17,25.3,Medellin
711143135773454158,6.24666,-75.5916,Entire home/apt,Entire condo,96,410.9,Medellin
46353400,6.20314,-75.55756,Entire home/apt,Entire home,163,369.74,Medellin
1183280085413532984,6.3698,-75.5002,Entire home/apt,Earthen home,0,623.11,Medellin
1214562815868027323,6.2949,-75.556,Entire home/apt,Entire condo,63,42.92,Medellin
1331285758469761930,6.25421,-75.59995,Entire home/apt,Entire rental unit,77,49.14,Medellin
1381227198324287036,6.202733634517411,-75.55588432157919,Entire home/apt,Entire home,27,358.0,Medellin
686819088447637271,6.20724,-75.56852,Private room,Room in hotel,4,355.13,Medellin
974056637865167115,6.1048,-75.4685,Entire home/apt,Entire home,47,379.0,Medellin
1274627252403806779,6.244811404232436,-75.5584532208413,Entire home/apt,Entire rental unit,67,24.88,Medellin
1568397156806185276,6.20285,-75.56254,Private room,Room in hotel,0,400.84,Medellin
1693526407559142674,6.2655,-75.5983,Entire home/apt,Entire home,0,324.92,Medellin
1358834391674042277,6.314979429764872,-75.56159198144213,Entire home/apt,Entire rental unit,33,36.13,Medellin
643705849521716953,6.3142,-75.5611,Entire home/apt,Entire rental unit,47,55.21,Medellin
780516181959902646,6.2107,-75.5682,Entire home/apt,Entire rental unit,114,544.4,Medellin
679513066485224313,6.2104,-75.5687,Private room,Room in hotel,7,406.3,Medellin
933659507338409276,6.20489,-75.56234,Entire home/apt,Entire rental unit,171,212.4,Medellin
1635034189422788767,6.3421,-75.5425,Entire home/apt,Entire rental unit,17,40.26,Medellin
1048191696843567297,6.18622,-75.56797,Entire home/apt,Entire rental unit,43,347.82,Medellin
881762006921970507,6.2068,-75.5655,Entire home/apt,Entire home,93,565.4,Medellin
1690716597549297012,6.2043,-75.5639,Entire home/apt,Entire rental unit,0,348.26,Medellin
1009447898046672864,6.3506,-75.5012,Entire home/apt,Entire home,38,453.62,Medellin
1460153928191014198,6.2119,-75.5714,Entire home/apt,Entire home,20,325.0,Medellin
992271897295594481,6.24779,-75.59395,Entire home/apt,Entire rental unit,3,314.23,Medellin
51970968,6.1695,-75.58177,Entire home/apt,Entire rental unit,30,374.0,Medellin
53613870,6.15093,-75.59685,Entire home/apt,Entire cabin,4,350.1,Medellin
1284318455298007148,6.2607,-75.5919,Entire home/apt,Entire home,7,368.27,Medellin
1593553666723307551,6.19344,-75.57963,Entire home/apt,Entire home,2,351.33,Medellin
1419689601924942424,6.187,-75.5691,Entire home/apt,Entire rental unit,5,321.37,Medellin
1502530442347097373,6.24792,-75.55828,Entire home/apt,Entire rental unit,33,363.12,Medellin
1668272419485564207,6.2122,-75.5731,Entire home/apt,Entire home,0,319.54,Medellin
41062436,6.2097,-75.5661,Entire home/apt,Entire serviced apartment,9,354.97,Medellin
1121913483616105483,6.2441,-75.5623,Entire home/apt,Entire serviced apartment,56,33.68,Medellin
1037442099922525601,6.2807,-75.5558,Entire home/apt,Entire rental unit,39,44.46,Medellin
1036268994333930125,6.25799,-75.59611,Entire home/apt,Entire home,89,382.26,Medellin
1568210614902778324,6.2511,-75.5865,Entire home/apt,Entire home,16,343.41,Medellin
1558869527183356456,6.2439,-75.59929,Private room,Room in hotel,1,324.9,Medellin
787622279289807268,6.2111,-75.5646,Entire home/apt,Entire rental unit,20,335.2,Medellin
1097796534687895292,6.2492,-75.5899,Private room,Room in hotel,1,368.05,Medellin
1429306181698956485,6.151865483026054,-75.58419786644838,Entire home/apt,Entire home,13,375.41,Medellin
1606004845512915363,6.22861,-75.56036,Entire home/apt,Entire rental unit,0,466.19,Medellin
1354441525647274699,6.1825,-75.5733,Entire home/apt,Entire rental unit,9,318.7,Medellin
919601053195737177,6.2257,-75.5616,Entire home/apt,Entire home,2,429.95,Medellin
50331019,6.2137,-75.5725,Entire home/apt,Entire rental unit,0,425.6,Medellin
836091475548360439,6.262,-75.5964,Entire home/apt,Entire home,7,253.36,Medellin
40419028,6.2076,-75.5667,Entire home/apt,Entire loft,79,358.45,Medellin
1690642993886092330,6.2336,-75.5923,Entire home/apt,Entire home,0,446.8,Medellin
791962996463591878,6.21371,-75.55789,Private room,Room in hotel,2,333.08,Medellin
1115268272065978709,6.21206,-75.56211,Entire home/apt,Entire home,5,369.93,Medellin
937599318252896584,6.20608,-75.56429,Entire home/apt,Entire rental unit,111,343.02,Medellin
1142975405114094955,6.21469,-75.57359,Entire home/apt,Entire rental unit,10,345.27,Medellin
909685878371127479,6.215,-75.5557,Entire home/apt,Entire rental unit,26,240.85,Medellin
1269622710389550220,6.231649763652084,-75.60021327761307,Entire home/apt,Entire rental unit,20,287.75,Medellin
1710276465036530550,6.2068,-75.566,Entire home/apt,Entire rental unit,0,310.18,Medellin
1711934983077068353,6.1627,-75.5704,Entire home/apt,Entire rental unit,0,319.54,Medellin
1622907739139450051,6.2543,-75.5964,Entire home/apt,Entire rental unit,0,329.03,Medellin
634879039932565685,6.20889,-75.56893,Entire home/apt,Entire rental unit,10,335.2,Medellin
1670544609918217387,6.2418,-75.5506,Entire home/apt,Entire rental unit,1,58.4,Medellin
1385478537288227381,6.183099191702701,-75.57277529378479,Entire home/apt,Entire rental unit,30,327.88,Medellin
1689292620141613041,6.24468,-75.55859,Entire home/apt,Entire rental unit,3,44.0,Medellin
1558884932019800414,6.24336,-75.5991,Private room,Room in hotel,1,327.77,Medellin
1568358568795862565,6.20334,-75.56422,Private room,Room in hotel,0,437.69,Medellin
1263371435257076456,6.1537,-75.5863,Entire home/apt,Entire home,22,673.0,Medellin
1334120578483963309,6.1797,-75.5634,Entire home/apt,Entire loft,10,314.51,Medellin
1558876823084770781,6.24371,-75.59802,Private room,Room in hotel,3,333.47,Medellin
1666499031818290362,6.2418,-75.5506,Entire home/apt,Entire rental unit,2,40.6,Medellin
589651351323718972,6.21,-75.5653,Entire home/apt,Entire rental unit,60,281.56,Medellin
1558881649229971745,6.24217,-75.59841,Private room,Room in hotel,2,333.47,Medellin
1097807069995825949,6.2492,-75.5899,Private room,Room in hotel,0,368.05,Medellin
1720371306603550664,6.2085,-75.568,Entire home/apt,Entire home,0,329.78,Medellin
1572494982857455177,6.3719,-75.4967,Entire home/apt,Entire home,0,931.16,Medellin
862890894908597991,6.2101,-75.5654,Entire home/apt,Entire rental unit,69,266.95,Medellin
1653057492328844819,6.240385730769174,-75.60317088525083,Entire home/apt,Entire rental unit,3,307.11,Medellin
981162744256956430,6.21007,-75.56605,Entire home/apt,Entire rental unit,144,267.51,Medellin
1121844611270502000,6.16456,-75.59768,Entire home/apt,Entire rental unit,10,262.27,Medellin
1658775246618175511,6.2443,-75.5586,Entire home/apt,Entire rental unit,15,40.92,Medellin
1445022236105638787,6.1844,-75.564,Entire home/apt,Entire serviced apartment,3,281.09,Medellin
1382215214657183068,6.2155,-75.5709,Entire home/apt,Entire condo,52,262.8,Medellin
1653302748750723601,6.238364969380437,-75.60293125668429,Entire home/apt,Room in hotel,3,307.11,Medellin
591230674358553883,6.20926,-75.5672,Private room,Room in hotel,17,255.79,Medellin
1014453093432030621,6.2063,-75.5546,Entire home/apt,Entire rental unit,64,274.78,Medellin
1400882324745055724,6.1824,-75.5733,Entire home/apt,Entire rental unit,17,278.3,Medellin
855121184021454510,6.1865,-75.5691,Entire home/apt,Entire serviced apartment,1,259.08,Medellin
681087040901654447,6.1533,-75.55541,Entire home/apt,Entire home,2,265.06,Medellin
1120309463344404804,6.20094,-75.566,Entire home/apt,Entire rental unit,4,279.4,Medellin
1130465142875867533,6.2431,-75.5838,Entire home/apt,Entire rental unit,0,280.69,Medellin
1685613012742003532,6.216003473224316,-75.55787187539106,Entire home/apt,Entire rental unit,1,107.0,Medellin
40732289,6.2076,-75.5667,Entire home/apt,Entire loft,32,302.03,Medellin
1172361227464968722,6.19165,-75.56071,Entire home/apt,Entire rental unit,6,276.31,Medellin
1633417026052991932,6.2434,-75.5922,Entire home/apt,Entire rental unit,3,254.18,Medellin
1697391724287705491,6.2164,-75.5569,Entire home/apt,Entire rental unit,9,139.03,Medellin
592606468421810541,6.2083,-75.5675,Private room,Room in hotel,41,259.2,Medellin
1141256047856854591,6.20971,-75.56982,Entire home/apt,Entire rental unit,4,263.4,Medellin
1412414093014117138,6.189694359333847,-75.57201818919216,Entire home/apt,Entire rental unit,2,275.67,Medellin
1595371344977538007,6.214590954691876,-75.57293667983942,Entire home/apt,Entire home,0,258.19,Medellin
1340045158298045109,6.2084,-75.5551,Private room,Room in hotel,0,316.74,Medellin
620265823604259207,6.2415,-75.5795,Private room,Room in aparthotel,14,251.34,Medellin
983370831770040962,6.2095,-75.5691,Private room,Room in hotel,0,279.47,Medellin
1110884002900293281,6.2134,-75.571,Entire home/apt,Entire rental unit,27,305.92,Medellin
1541581788514500336,6.21181,-75.57381,Entire home/apt,Entire home,2,285.36,Medellin
1552957303092074381,6.2081,-75.5673,Entire home/apt,Entire rental unit,0,260.97,Medellin
46005040,6.20952,-75.57099,Entire home/apt,Entire rental unit,41,276.6,Medellin
1415456966820405501,6.21962930042892,-75.61154120554367,Private room,Private room in condo,0,276.04,Medellin
39985737,6.20901,-75.56674,Private room,Room in hotel,8,268.75,Medellin
10290094,6.20768,-75.57379,Entire home/apt,Entire rental unit,32,262.27,Medellin
1192800202895878011,6.21416,-75.57467,Entire home/apt,Entire rental unit,0,268.2,Medellin
39985931,6.2097,-75.5661,Private room,Room in hotel,12,281.75,Medellin
1653302229114146487,6.240479587304138,-75.6029504510698,Entire home/apt,Entire rental unit,1,307.11,Medellin
1359526029429001344,6.23374,-75.54261,Entire home/apt,Entire home,12,414.61,Medellin
812889967180998968,6.211,-75.5647,Entire home/apt,Entire rental unit,13,266.4,Medellin
47526687,6.21214,-75.56044,Entire home/apt,Entire rental unit,44,251.49,Medellin
46104138,6.20727,-75.56454,Entire home/apt,Entire home,133,268.67,Medellin
1024698148317677522,6.2017,-75.5671,Entire home/apt,Entire rental unit,44,301.76,Medellin
872351481359976675,6.2432,-75.5572,Entire home/apt,Entire rental unit,33,42.31,Medellin
1182672481753520236,6.17605,-75.57442,Entire home/apt,Entire rental unit,4,407.2,Medellin
1563754930928135988,6.2074,-75.5734,Entire home/apt,Entire rental unit,13,256.12,Medellin
740646740137058431,6.21218,-75.56366,Entire home/apt,Entire vacation home,122,269.4,Medellin
1730809012341988301,6.25379,-75.59264,Entire home/apt,Entire rental unit,0,254.74,Medellin
1632337726077240632,6.211818874840127,-75.57346289401966,Entire home/apt,Entire condo,0,314.66,Medellin
1594967129155402040,6.23341,-75.59488,Entire home/apt,Entire rental unit,0,263.81,Medellin
1392780136850213292,6.2117,-75.5731,Entire home/apt,Entire rental unit,42,331.24,Medellin
694764265623023026,6.2538,-75.58657,Entire home/apt,Entire home,31,258.58,Medellin
910096102398194160,6.2103,-75.5679,Entire home/apt,Entire rental unit,181,279.47,Medellin
1303106638159324475,6.2446,-75.5898,Entire home/apt,Entire home,62,367.68,Medellin
52906615,6.20916,-75.56838,Entire home/apt,Entire rental unit,218,252.18,Medellin
6245527,6.2063,-75.5654,Entire home/apt,Entire serviced apartment,77,369.08,Medellin
605291445389528336,6.18557,-75.56951,Entire home/apt,Entire rental unit,41,274.55,Medellin
958114299157151464,6.20789,-75.56517,Entire home/apt,Entire rental unit,115,518.8,Medellin
1534094015402622181,6.2131,-75.573,Entire home/apt,Entire rental unit,23,344.22,Medellin
971261857592904120,6.2133,-75.5647,Entire home/apt,Entire rental unit,149,404.0,Medellin
1224649147872959315,6.2111,-75.5676,Entire home/apt,Entire rental unit,0,343.17,Medellin
1570507479074607846,6.2446,-75.6051,Entire home/apt,Entire home,0,400.0,Medellin
1072564954005868272,6.1719,-75.4877,Private room,Room in hotel,0,368.05,Medellin
1029012989314602627,6.2108,-75.5666,Entire home/apt,Entire loft,30,150.0,Medellin
1067417135150272935,6.14113,-75.61126,Entire home/apt,Entire rental unit,6,337.19,Medellin
1711820809778958728,6.2063,-75.5736,Entire home/apt,Entire home,0,401.81,Medellin
1142990289014683498,6.2141,-75.5726,Entire home/apt,Tiny home,0,395.0,Medellin
1303658314149382680,6.140854230438708,-75.61862346066135,Entire home/apt,Entire rental unit,0,374.01,Medellin
1618265843660488747,6.2219,-75.6063,Entire home/apt,Entire home,0,379.46,Medellin
1541241227203503076,6.212529577650176,-75.57205317047084,Entire home/apt,Entire townhouse,0,303.25,Medellin
1396412025844603125,6.2487,-75.5621,Private room,Private room in tiny home,0,364.2,Medellin
906717229655205431,6.19744,-75.46957,Entire home/apt,Entire cottage,7,312.84,Medellin
729215711665660091,6.1866,-75.5692,Entire home/apt,Entire rental unit,38,295.91,Medellin
1550214383848993445,6.2084,-75.5679,Entire home/apt,Entire rental unit,0,356.86,Medellin
1711972519711109889,6.2436,-75.5931,Entire home/apt,Entire loft,3,82.77,Medellin
1480511782972801409,6.228,-75.4982,Entire home/apt,Entire cottage,0,296.02,Medellin
1705207113059447141,6.24153,-75.59709,Entire home/apt,Entire rental unit,6,181.2,Medellin
1654435645542131115,6.176505016458151,-75.54975567410166,Entire home/apt,Entire cabin,4,110.09,Medellin
39918070,6.2076,-75.5667,Entire home/apt,Entire serviced apartment,298,131.68,Medellin
673986901393906440,6.21103,-75.55928,Entire home/apt,Entire loft,210,112.4,Medellin
1443692812821063913,6.20921,-75.56457,Entire home/apt,Entire rental unit,13,114.3,Medellin
1503668732787632787,6.208,-75.5651,Entire home/apt,Entire rental unit,19,107.8,Medellin
556690707722510582,6.2285,-75.488,Entire home/apt,Treehouse,90,111.34,Medellin
1411305765683240301,6.2345,-75.5927,Entire home/apt,Entire rental unit,39,112.69,Medellin
1722465184771833082,6.1905,-75.5627,Entire home/apt,Entire rental unit,1,109.03,Medellin
1102891484417799006,6.2098,-75.5715,Entire home/apt,Entire rental unit,97,118.54,Medellin
1668330905876022464,6.23868,-75.59412,Entire home/apt,Entire rental unit,9,125.0,Medellin
1611131499201080172,6.2124,-75.5673,Entire home/apt,Entire rental unit,10,113.2,Medellin
661126863428424955,6.2128,-75.5615,Entire home/apt,Entire vacation home,209,84.15,Medellin
1630464629205981157,6.1894,-75.5623,Entire home/apt,Entire rental unit,15,370.78,Medellin
950134768286823594,6.28173,-75.44524,Entire home/apt,Casa particular,0,482.88,Medellin
1560209663528090624,6.2768706512976635,-75.48547073593768,Entire home/apt,Entire cottage,0,269.27,Medellin
1302865855894937736,6.3522,-75.5068,Entire home/apt,Entire home,0,460.06,Medellin
920227193193584923,6.2101,-75.5654,Entire home/apt,Entire rental unit,54,321.98,Medellin
9402646,6.2099,-75.5686,Entire home/apt,Entire rental unit,303,333.0,Medellin
1672051629938955731,6.224,-75.6026,Entire home/apt,Entire loft,6,41.59,Medellin
1601655357100885629,6.245419354331436,-75.59718636747621,Entire home/apt,Entire rental unit,16,153.55,Medellin
761412457911041619,6.2026,-75.562,Entire home/apt,Entire condo,179,388.0,Medellin
47117734,6.2092,-75.5658,Entire home/apt,Entire serviced apartment,222,347.2,Medellin
1649457765248042491,6.20579,-75.56354,Entire home/apt,Entire rental unit,10,351.32,Medellin
1241996904504865129,6.22036,-75.60672,Entire home/apt,Entire home,26,217.04,Medellin
27781535,6.20745,-75.56704,Entire home/apt,Entire rental unit,10,263.2,Medellin
1427433447441194143,6.233457015166792,-75.6039797729382,Entire home/apt,Entire rental unit,41,66.09,Medellin
1005788809040733489,6.22073,-75.57052,Entire home/apt,Entire rental unit,91,85.2,Medellin
1075534873413812902,6.2465,-75.6072,Entire home/apt,Entire rental unit,23,134.65,Medellin
1252341312991353359,6.261052224867956,-75.59463214877835,Entire home/apt,Entire rental unit,121,155.81,Medellin
1002822430907152294,6.31773,-75.56285,Entire home/apt,Entire rental unit,24,342.28,Medellin
1685129834423542573,6.1901,-75.56335,Entire home/apt,Entire rental unit,4,98.14,Medellin
1643128354207352027,6.144422964909268,-75.61528545207565,Entire home/apt,Entire rental unit,4,368.05,Medellin
1356091159076457256,6.2435,-75.5598,Entire home/apt,Entire rental unit,30,44.0,Medellin
1629108739958389183,6.2543,-75.4916,Entire home/apt,Entire home,4,261.45,Medellin
1668375476270467553,6.2399,-75.5946,Entire home/apt,Entire rental unit,9,142.2,Medellin
1015464991801587042,6.2097,-75.5591,Entire home/apt,Entire rental unit,34,270.0,Medellin
1154523192638045440,6.2063,-75.5546,Entire home/apt,Entire rental unit,17,277.48,Medellin
1603010070201825255,6.16593,-75.59676,Entire home/apt,Entire rental unit,3,270.86,Medellin
52130790,6.1519,-75.5571,Private room,Private room in cabin,1,280.93,Medellin
1418085171738144852,6.187,-75.5691,Entire home/apt,Entire rental unit,4,266.87,Medellin
17670482,6.2132,-75.5708,Entire home/apt,Entire rental unit,37,252.4,Medellin
46704610,6.2058,-75.5645,Entire home/apt,Entire serviced apartment,231,321.2,Medellin
1080366049981383260,6.19439,-75.56175,Entire home/apt,Entire rental unit,12,281.56,Medellin
1657350543493085916,6.239927136647456,-75.60170857533419,Entire home/apt,Entire rental unit,2,307.11,Medellin
1112592856107775590,6.0939,-75.4986,Entire home/apt,Entire home,0,599.92,Medellin
1023805647205841192,6.39147,-75.4523,Entire home/apt,Entire place,67,172.58,Medellin
1689204386842306640,6.173465582605869,-75.55935107422958,Private room,Private room in home,0,254.15,Medellin
1624940479469072926,6.237541577691118,-75.47573956087545,Entire home/apt,Entire cabin,3,177.93,Medellin
1243582862705066868,6.2089,-75.5652,Entire home/apt,Entire rental unit,68,161.23,Medellin
1199549410165973792,6.2131,-75.56408,Entire home/apt,Entire rental unit,110,179.6,Medellin
1663153588917539161,6.20786,-75.56608,Entire home/apt,Entire rental unit,11,217.22,Medellin
1670465063887427293,6.2408,-75.5823,Entire home/apt,Entire rental unit,0,314.16,Medellin
1653702151496418500,6.19118,-75.56297,Entire home/apt,Entire rental unit,9,192.8,Medellin
1258610505729794563,6.275748383687785,-75.56288355881352,Entire home/apt,Entire home,30,67.02,Medellin
930584715665774720,6.2063,-75.5546,Entire home/apt,Entire rental unit,105,167.0,Medellin
886236408434504127,6.17835,-75.44185,Entire home/apt,Tiny home,105,131.74,Medellin
1695713514128866620,6.2164,-75.5571,Entire home/apt,Entire rental unit,4,225.6,Medellin
1199553612892541227,6.2524,-75.5037,Entire home/apt,Entire chalet,98,151.64,Medellin
1229705631824155923,6.2071,-75.5646,Entire home/apt,Entire rental unit,52,258.52,Medellin
1512702788258858191,6.25423,-75.59509,Entire home/apt,Entire home,33,364.79,Medellin
1480609060674027141,6.2487,-75.596,Entire home/apt,Entire rental unit,5,286.5,Medellin
1670535288152814107,6.2063,-75.5546,Entire home/apt,Entire rental unit,9,197.67,Medellin
1136281334596660641,6.3162,-75.5597,Entire home/apt,Entire rental unit,12,86.32,Medellin
15164087,6.2051,-75.5604,Entire home/apt,Entire home,200,244.68,Medellin
1678404802618831676,6.202498939763755,-75.53170163279445,Entire home/apt,Casa particular,1,242.13,Medellin
1395716250086933854,6.2445,-75.5927,Entire home/apt,Entire home,59,257.9,Medellin
1684869787377113405,6.244903207457084,-75.5576535253408,Entire home/apt,Entire rental unit,0,326.16,Medellin
1690900590321819394,6.106440487165339,-75.4707279523636,Entire home/apt,Entire home,0,576.49,Medellin
1720611852261650626,6.2932,-75.5568,Entire home/apt,Entire home,0,101.96,Medellin
1187389206846542308,6.2138,-75.5722,Entire home/apt,Entire villa,62,457.2,Medellin
47248005,6.20408,-75.56312,Entire home/apt,Entire rental unit,102,257.4,Medellin
862485078717615885,6.2124,-75.5656,Entire home/apt,Entire condo,75,281.34,Medellin
625519954035370915,6.2116,-75.5609,Entire home/apt,Entire condo,49,259.04,Medellin
53270297,6.3727,-75.5108,Entire home/apt,Entire chalet,54,139.43,Medellin
1041213174341755701,6.2096,-75.562,Entire home/apt,Entire rental unit,138,263.52,Medellin
857901695336113554,6.096,-75.4759,Entire home/apt,Entire cabin,0,478.47,Medellin
1369048230740180349,6.2448,-75.5831,Entire home/apt,Entire rental unit,55,144.78,Medellin
1525760082707389512,6.2494,-75.6061,Entire home/apt,Entire rental unit,33,162.75,Medellin
1028489310822814343,6.253,-75.5962,Entire home/apt,Entire home,88,266.46,Medellin
1326343424597150381,6.2354,-75.5941,Entire home/apt,Entire home,33,324.79,Medellin
1159663409453359818,6.1688,-75.45411,Entire home/apt,Entire villa,1,644.92,Medellin
1714728977877718528,6.2362,-75.5912,Entire home/apt,Entire rental unit,5,67.41,Medellin
1316221364801082645,6.233581712119607,-75.60373876183961,Entire home/apt,Entire rental unit,45,61.42,Medellin
708580188619997539,6.0893,-75.48,Entire home/apt,Entire cottage,20,951.4,Medellin
1558849311984270320,6.2419,-75.59912,Private room,Room in boutique hotel,0,333.47,Medellin
553468653114146112,6.25414,-75.4728,Entire home/apt,Entire cabin,294,59.91,Medellin
1558855707443478559,6.24331,-75.59941,Private room,Room in hotel,2,333.47,Medellin
1232786019862943778,6.17482,-75.58617,Entire home/apt,Entire home,0,352.04,Medellin
1277756162739223375,6.2065,-75.5547,Entire home/apt,Entire condo,85,321.8,Medellin
1056538348519339272,6.3156,-75.5576,Entire home/apt,Entire rental unit,30,50.61,Medellin
1399367385040463085,6.1902,-75.564,Entire home/apt,Entire rental unit,0,450.26,Medellin
1566696526632509417,6.205,-75.56292,Private room,Room in boutique hotel,0,420.86,Medellin
1569097471750021979,6.2436,-75.5596,Entire home/apt,Entire rental unit,8,40.41,Medellin
1549532176920454273,6.3115,-75.5614,Entire home/apt,Entire rental unit,12,78.68,Medellin
1080734644084993575,6.23501,-75.56307,Entire home/apt,Entire rental unit,40,59.52,Medellin
1560388220016757452,6.20867,-75.56555,Entire home/apt,Entire rental unit,9,312.84,Medellin
1269748379605456461,6.2215,-75.5697,Entire home/apt,Entire rental unit,53,162.8,Medellin
53921966,6.2098,-75.562,Entire home/apt,Entire condo,73,230.33,Medellin
1730065434074913525,6.2108,-75.5677,Entire home/apt,Entire rental unit,0,60.36,Medellin
1203626244209114475,6.2071,-75.5652,Entire home/apt,Entire rental unit,107,299.73,Medellin
1727712975005179253,6.2092,-75.5657,Entire home/apt,Entire rental unit,0,161.05,Medellin
1500815198145103710,6.207039651731989,-75.57281828825587,Entire home/apt,Entire rental unit,73,176.56,Medellin
1304477634622286832,6.2781,-75.50245,Entire home/apt,Entire cabin,38,91.51,Medellin
1211550595930217155,6.2402,-75.5922,Entire home/apt,Entire rental unit,24,299.0,Medellin
1470360977095923216,6.2074,-75.5734,Entire home/apt,Entire rental unit,81,166.0,Medellin
916147724762412041,6.208,-75.5681,Entire home/apt,Entire rental unit,0,360.0,Medellin
1699519127694357514,6.2443,-75.5586,Entire home/apt,Entire rental unit,1,307.31,Medellin
1227878693043298833,6.18792,-75.5599,Entire home/apt,Entire rental unit,60,292.78,Medellin
1281860319183526598,6.223201693205128,-75.56256034908492,Entire home/apt,Entire rental unit,96,199.53,Medellin
1186506316124592420,6.21386,-75.56036,Entire home/apt,Entire rental unit,62,159.7,Medellin
1497875219978914391,6.207953263776867,-75.57348198109091,Entire home/apt,Entire rental unit,20,193.8,Medellin
648518625826478632,6.21191,-75.56378,Entire home/apt,Entire rental unit,28,289.0,Medellin
1379219894369894443,6.1648,-75.5699,Entire home/apt,Entire rental unit,0,460.66,Medellin
1548852280182741219,6.2086,-75.5744,Entire home/apt,Entire home,26,292.0,Medellin
17007356,6.2111,-75.5593,Entire home/apt,Entire serviced apartment,190,302.07,Medellin
1685681391581143986,6.20987,-75.56762,Entire home/apt,Entire rental unit,0,359.32,Medellin
1445605343641163559,6.24421,-75.55885,Entire home/apt,Entire rental unit,32,61.7,Medellin
1372559045755364743,6.316587523011024,-75.55931796690592,Entire home/apt,Entire rental unit,24,56.3,Medellin
54091361,6.21108,-75.56752,Entire home/apt,Entire rental unit,168,248.78,Medellin
1288607760046013123,6.2432,-75.4821,Private room,Private room in cabin,75,103.05,Medellin
15165310,6.2114,-75.5593,Entire home/apt,Entire rental unit,227,247.45,Medellin
578293516915790423,6.24882,-75.51361,Entire home/apt,Entire home,53,241.03,Medellin
1198625173044291191,6.2135,-75.5627,Entire home/apt,Entire rental unit,58,220.48,Medellin
676958425426421270,6.20906,-75.56827,Entire home/apt,Entire serviced apartment,95,303.2,Medellin
1370255988801566941,6.187623777098567,-75.56177389453892,Entire home/apt,Entire rental unit,45,288.64,Medellin
52322757,6.16782,-75.57239,Entire home/apt,Entire villa,93,273.76,Medellin
1613296721979273451,6.2148753100586465,-75.5739965522105,Entire home/apt,Entire rental unit,1,185.83,Medellin
1249400082255680548,6.2089,-75.5652,Entire home/apt,Entire rental unit,77,244.42,Medellin
1280011423871973100,6.2135,-75.5645,Entire home/apt,Entire condo,61,276.4,Medellin
633955597559045677,6.20532,-75.55511,Entire home/apt,Entire rental unit,143,302.07,Medellin
1557523600855136902,6.2122,-75.5707,Entire home/apt,Entire rental unit,10,239.69,Medellin
1471962015565254856,6.20846,-75.55809,Entire home/apt,Entire home,20,238.82,Medellin
1599986217529291310,6.21178,-75.56413,Entire home/apt,Entire rental unit,9,187.57,Medellin
992191941101204077,6.2107,-75.5648,Entire home/apt,Entire rental unit,117,282.4,Medellin
1675521304190324779,6.2074,-75.5737,Entire home/apt,Entire condo,11,236.2,Medellin
717424613722848370,6.21119,-75.56515,Entire home/apt,Entire rental unit,162,246.38,Medellin
864809634453690824,6.2504,-75.5914,Entire home/apt,Entire serviced apartment,120,250.72,Medellin
1078855165773653593,6.20038,-75.569,Entire home/apt,Entire rental unit,8,253.29,Medellin
1721052509049281880,6.2109,-75.5646,Entire home/apt,Entire rental unit,0,220.6,Medellin
1607308011670302825,6.2068,-75.566,Entire home/apt,Entire rental unit,5,233.4,Medellin
1153267055338524782,6.2454,-75.5928,Entire home/apt,Entire rental unit,28,310.64,Medellin
1363927824555986710,6.307990952467198,-75.55108702432145,Entire home/apt,Entire home,16,83.09,Medellin
1425515126315685625,6.2519,-75.5122,Entire home/apt,Entire home,0,289.73,Medellin
1172547346407519883,6.2861,-75.63811,Entire home/apt,Entire guesthouse,0,352.67,Medellin
998581099681713264,6.20518,-75.56509,Private room,Private room in bed and breakfast,1,283.58,Medellin
53091521,6.2463,-75.5888,Entire home/apt,Entire rental unit,137,285.94,Medellin
1151368431143958030,6.21377,-75.56399,Entire home/apt,Entire condo,44,285.1,Medellin
1541569651268874527,6.211502402360676,-75.57280789224032,Entire home/apt,Entire townhouse,3,290.6,Medellin
46637545,6.2132,-75.5731,Entire home/apt,Entire rental unit,212,549.17,Medellin
1419656553635067780,6.187,-75.5691,Entire home/apt,Entire rental unit,3,305.8,Medellin
998580594095631662,6.20491,-75.56299,Private room,Private room in bed and breakfast,1,285.45,Medellin
1633724908742154268,6.2082,-75.5679,Entire home/apt,Entire rental unit,0,297.78,Medellin
1509477157320585935,6.251655583745764,-75.59195048185654,Entire home/apt,Entire rental unit,9,290.49,Medellin
1193814490211002302,6.2037,-75.5591,Entire home/apt,Entire loft,8,296.22,Medellin
1604824889862276407,6.2347,-75.5917,Entire home/apt,Entire loft,5,316.52,Medellin
1556885591981540147,6.136931596849131,-75.580223386676,Entire home/apt,Entire cabin,1,384.33,Medellin
1572741036779243368,6.21473,-75.57237,Entire home/apt,Entire rental unit,0,292.95,Medellin
1073175127241852104,6.2035,-75.5591,Entire home/apt,Entire loft,31,296.22,Medellin
650905255843269155,6.20857,-75.56843,Entire home/apt,Entire serviced apartment,71,299.8,Medellin
726306300638578111,6.18595,-75.56996,Entire home/apt,Entire condo,24,299.2,Medellin
28486252,6.3647,-75.507,Entire home/apt,Entire cottage,6,496.12,Medellin
41644949,6.21035,-75.56706,Entire home/apt,Entire rental unit,145,498.74,Medellin
1350650826451926228,6.2095,-75.5672,Entire home/apt,Entire rental unit,0,363.73,Medellin
1651029811149233258,6.2142,-75.572,Entire home/apt,Entire rental unit,1,320.2,Medellin
1458937725594181183,6.2133,-75.5647,Entire home/apt,Entire rental unit,17,312.4,Medellin
937058642017051493,6.2517,-75.5892,Entire home/apt,Entire home,114,368.4,Medellin
1414845608293150677,6.198,-75.5664,Entire home/apt,Entire home,7,290.39,Medellin
1671924519992357892,6.1961,-75.5774,Entire home/apt,Entire home,0,437.63,Medellin
710985175603624627,6.21207,-75.56377,Entire home/apt,Entire vacation home,50,317.4,Medellin
1706098263861028218,6.16051,-75.5733,Entire home/apt,Entire rental unit,0,449.02,Medellin
937185112344468947,6.17975,-75.50364,Entire home/apt,Entire cottage,12,320.2,Medellin
1509806141369660733,6.2257,-75.5616,Entire home/apt,Entire serviced apartment,31,257.44,Medellin
1541563611323691749,6.215608568268587,-75.58528621405746,Entire home/apt,Entire townhouse,0,310.35,Medellin
1074670897856427547,6.21147,-75.56521,Entire home/apt,Entire rental unit,11,310.8,Medellin
1553719896522124723,6.2063,-75.5546,Entire home/apt,Entire rental unit,23,256.22,Medellin
842239624470090165,6.2139,-75.5173,Entire home/apt,Entire cabin,110,77.29,Medellin
1379799235102251328,6.1844,-75.564,Entire home/apt,Entire serviced apartment,16,266.44,Medellin
1637783748924288230,6.2374,-75.5979,Entire home/apt,Entire home,7,333.4,Medellin
1653301040415175548,6.2106,-75.5655,Entire home/apt,Entire rental unit,2,337.82,Medellin
1445871351157240715,6.378665399417991,-75.42918230813996,Entire home/apt,Entire home,0,546.15,Medellin
1513415287686655665,6.245800354977658,-75.59527799833917,Entire home/apt,Entire villa,3,316.53,Medellin
1140785408144240780,6.3006,-75.5733,Entire home/apt,Entire rental unit,129,42.86,Medellin
1425610951072306047,6.248530125376889,-75.58931839111087,Entire home/apt,Entire home,27,288.47,Medellin
40914203,6.18678,-75.56991,Entire home/apt,Entire rental unit,114,303.16,Medellin
1724242829244243779,6.381,-75.7135,Entire home/apt,Casa particular,0,2022.26,Medellin
1487739458201952422,6.2091,-75.5587,Entire home/apt,Entire rental unit,9,370.31,Medellin
1699645517306599511,6.2263,-75.5638,Entire home/apt,Entire rental unit,0,196.79,Medellin
1419686342403990382,6.187,-75.5691,Entire home/apt,Entire rental unit,5,299.32,Medellin
1286949701025251795,6.276096215748016,-75.62351396153701,Entire home/apt,Farm stay,0,421.05,Medellin
8007924,6.2112,-75.5591,Entire home/apt,Entire rental unit,280,168.2,Medellin
1613411344361007088,6.2067,-75.5643,Entire home/apt,Entire rental unit,8,185.26,Medellin
1300766930720189998,6.2121,-75.5862,Entire home/apt,Entire rental unit,27,63.64,Medellin
44573870,6.2121,-75.55976,Entire home/apt,Entire rental unit,214,132.37,Medellin
982006608244930445,6.2091,-75.4978,Entire home/apt,Entire cabin,15,319.1,Medellin
569013406988758799,6.19552,-75.57661,Entire home/apt,Entire vacation home,164,99.78,Medellin
873274947039455875,6.2082,-75.5743,Entire home/apt,Entire rental unit,113,136.6,Medellin
1728095940116306991,6.2141,-75.5718,Entire home/apt,Entire home,0,313.24,Medellin
1105175197677697210,6.2415,-75.6046,Entire home/apt,Entire rental unit,3,268.6,Medellin
53954956,6.1974,-75.5799,Entire home/apt,Entire vacation home,167,90.0,Medellin
1712091467552991706,6.2102,-75.585,Entire home/apt,Entire rental unit,6,65.62,Medellin
1700073662880148095,6.11694,-75.58575,Entire home/apt,Entire cabin,3,75.55,Medellin
710986385078061721,6.20974,-75.56356,Entire home/apt,Entire vacation home,77,286.2,Medellin
1352220485748107513,6.2109,-75.5646,Entire home/apt,Entire rental unit,76,247.8,Medellin
1194929033342802524,6.213,-75.5718,Entire home/apt,Entire rental unit,55,251.2,Medellin
1415277733948395096,6.205692680714159,-75.56456844086759,Entire home/apt,Entire rental unit,21,223.0,Medellin
1654468153220951897,6.1905,-75.5627,Entire home/apt,Entire rental unit,7,86.58,Medellin
1630501200512141007,6.24,-75.5819,Private room,Room in hotel,4,74.87,Medellin
1537154841954483860,6.2571,-75.5922,Private room,Room in hotel,0,357.54,Medellin
1126240756126525199,6.21566,-75.55767,Entire home/apt,Entire rental unit,1,359.44,Medellin
664492676590135806,6.21359,-75.5734,Entire home/apt,Entire home,37,272.91,Medellin
1234995018226375255,6.19456,-75.55713,Entire home/apt,Entire home,50,396.4,Medellin
1654359486225416992,6.17642696866429,-75.55174861777358,Entire home/apt,Entire cabin,6,123.2,Medellin
38189683,6.2113,-75.5593,Entire home/apt,Entire rental unit,366,100.69,Medellin
1658722416265259149,6.149925177938157,-75.56304697615182,Entire home/apt,Entire rental unit,12,242.8,Medellin
50180126,6.2413,-75.59476,Entire home/apt,Entire rental unit,298,70.6,Medellin
1467566710102382119,6.23275,-75.56921,Entire home/apt,Entire rental unit,27,123.36,Medellin
1578439409035639351,6.252847430793625,-75.60055595650988,Entire home/apt,Entire rental unit,27,187.33,Medellin
1678748115290749724,6.2398,-75.5944,Entire home/apt,Entire rental unit,7,106.2,Medellin
1303823840245528643,6.2089,-75.5652,Entire home/apt,Entire rental unit,74,291.18,Medellin
555160271052788149,6.38794,-75.4747,Entire home/apt,Entire cottage,34,429.07,Medellin
1722130936645346674,6.145612489437071,-75.57986390860515,Entire home/apt,Entire home,0,312.28,Medellin
674665675613548344,6.15431,-75.56332,Entire home/apt,Entire cabin,9,265.06,Medellin
1655198047202729798,6.26075,-75.59394,Entire home/apt,Entire rental unit,26,157.83,Medellin
1253146020527463850,6.2723,-75.5613,Entire home/apt,Entire serviced apartment,45,42.07,Medellin
52346560,6.2026,-75.50052,Entire home/apt,Entire cabin,53,134.71,Medellin
1220314782403215916,6.2833,-75.5569,Entire home/apt,Entire rental unit,34,44.68,Medellin
686793577582290842,6.20904,-75.56688,Private room,Room in hotel,11,285.93,Medellin
1592278868262079565,6.2055,-75.5641,Entire home/apt,Entire rental unit,28,142.93,Medellin
919633653962379576,6.2339,-75.4724,Entire home/apt,Entire home,0,531.29,Medellin
1494191415291904092,6.2006,-75.5648,Entire home/apt,Entire home,0,309.73,Medellin
1612645170066944103,6.1536,-75.6115,Entire home/apt,Entire rental unit,0,290.49,Medellin
46776242,6.19779,-75.57698,Entire home/apt,Entire place,222,139.6,Medellin
1557299359603728110,6.2091,-75.5652,Entire home/apt,Entire rental unit,25,258.2,Medellin
1649275369312545852,6.248932112702354,-75.59394410918341,Entire home/apt,Entire rental unit,2,276.39,Medellin
1668360390007085760,6.2399,-75.5946,Entire home/apt,Entire rental unit,10,118.8,Medellin
1270273347801783578,6.2764594407945085,-75.48403334979406,Entire home/apt,Entire cabin,43,144.14,Medellin
1261026538844577263,6.2458,-75.5845,Entire home/apt,Entire rental unit,77,63.61,Medellin
1409470883572253903,6.262885888955757,-75.60440265960301,Entire home/apt,Entire rental unit,8,182.65,Medellin
1653276637055135067,6.240692320752255,-75.60143492432977,Entire home/apt,Entire rental unit,1,307.11,Medellin
1537663231406340112,6.24654,-75.60837,Entire home/apt,Entire rental unit,15,153.89,Medellin
1354349435912043257,6.18342271357299,-75.57305940756378,Entire home/apt,Entire rental unit,53,277.52,Medellin
21425410,6.2112,-75.5591,Entire home/apt,Entire rental unit,312,184.58,Medellin
1425075286329515515,6.2122,-75.5589,Entire home/apt,Entire rental unit,37,111.8,Medellin
1451678787881554120,6.1742,-75.5914,Entire home/apt,Entire rental unit,42,259.8,Medellin
1402462091773149293,6.225387219907079,-75.5610981193473,Entire home/apt,Entire rental unit,49,182.43,Medellin
1625699021240333090,6.2105,-75.5685,Entire home/apt,Entire rental unit,8,363.0,Medellin
600693663679027523,6.21128,-75.57308,Entire home/apt,Entire loft,84,263.67,Medellin
807163850300957760,6.2131,-75.5685,Entire home/apt,Entire loft,111,96.8,Medellin
1309786883561804290,6.2096287646908905,-75.56578301022404,Entire home/apt,Entire rental unit,18,276.0,Medellin
785472978188048653,6.2924,-75.5595,Entire home/apt,Entire rental unit,123,22.39,Medellin
1183382958693948617,6.2535,-75.5924,Entire home/apt,Entire rental unit,117,269.6,Medellin
898491861211459553,6.34964,-75.50191,Entire home/apt,Entire cottage,55,504.22,Medellin
1437747809688217130,6.22058,-75.56226,Entire home/apt,Entire rental unit,45,441.85,Medellin
932703635585543262,6.368,-75.4859,Entire home/apt,Entire vacation home,147,255.13,Medellin
1659597860119538410,6.23946,-75.57939,Private room,Room in hotel,1,319.39,Medellin
1730589674470589268,6.22405,-75.59761,Entire home/apt,Entire home,0,159.51,Medellin
45970483,6.2113,-75.5593,Entire home/apt,Entire serviced apartment,165,272.8,Medellin
1604589079344566587,6.21709,-75.55634,Entire home/apt,Entire rental unit,12,307.9,Medellin
1478230871748837528,6.2118,-75.5585,Entire home/apt,Entire rental unit,33,256.63,Medellin
48482490,6.2092,-75.5657,Entire home/apt,Entire serviced apartment,206,261.1,Medellin
1567489385099273787,6.20326,-75.56409,Private room,Room in boutique hotel,0,333.86,Medellin
50292243,6.209,-75.5595,Entire home/apt,Entire condo,132,141.2,Medellin
871139663480695148,6.2016,-75.4301,Entire home/apt,Entire home,0,614.21,Medellin
1377828119415282816,6.21327796762486,-75.5722766811647,Entire home/apt,Entire home,8,272.91,Medellin
1303032920295303008,6.267719650633745,-75.59792186593913,Entire home/apt,Entire rental unit,2,294.45,Medellin
1014454160248747415,6.2063,-75.5546,Entire home/apt,Entire rental unit,89,272.72,Medellin
1441994642236724723,6.2374,-75.5828,Entire home/apt,Entire home,3,294.82,Medellin
934993621649853749,6.2039,-75.5548,Entire home/apt,Entire townhouse,143,427.2,Medellin
1332219394981165982,6.2144,-75.5719,Entire home/apt,Entire condo,0,497.57,Medellin
1674319557072510934,6.1802,-75.4446,Entire home/apt,Entire home,0,417.67,Medellin
8378451,6.2125,-75.5593,Entire home/apt,Entire serviced apartment,193,267.19,Medellin
1263772419185707598,6.2063,-75.5546,Entire home/apt,Entire rental unit,84,179.6,Medellin
1602484553453427309,6.255446352820967,-75.61629588528163,Entire home/apt,Entire rental unit,11,58.87,Medellin
1275627339774336623,6.2494,-75.606,Entire home/apt,Entire rental unit,64,117.08,Medellin
978177874579038342,6.2063,-75.5546,Entire home/apt,Entire rental unit,92,261.0,Medellin
43850369,6.2441,-75.6013,Entire home/apt,Entire rental unit,394,41.4,Medellin
1215948225163878725,6.2487,-75.6009,Entire home/apt,Entire rental unit,4,118.51,Medellin
1492391602190610940,6.2365,-75.5872,Entire home/apt,Entire rental unit,17,93.68,Medellin
1308980776963975181,6.2517,-75.609,Entire home/apt,Entire rental unit,38,63.63,Medellin
1497296940409124579,6.257,-75.613,Entire home/apt,Entire rental unit,0,86.87,Medellin
786269766112083698,6.2343,-75.5871,Entire home/apt,Entire rental unit,41,66.19,Medellin
1700954629914483293,6.2362,-75.5912,Entire home/apt,Entire rental unit,3,48.95,Medellin
31695569,6.26064,-75.61335,Private room,Private room in guest suite,53,15.97,Medellin
1572152907733196715,6.2078,-75.567,Entire home/apt,Entire rental unit,19,277.89,Medellin
757948162767533149,6.20672,-75.55584,Entire home/apt,Entire rental unit,187,206.0,Medellin
1728446223815247250,6.2507,-75.5963,Entire home/apt,Entire home,0,56.94,Medellin
1562595384487687412,6.2438,-75.6057,Entire home/apt,Entire rental unit,105,102.75,Medellin
1096992337514089663,6.2063,-75.5546,Entire home/apt,Entire rental unit,57,263.6,Medellin
1699616935405143957,6.215518295473062,-75.55787268623736,Entire home/apt,Entire rental unit,2,173.75,Medellin
1719950149664069733,6.25398,-75.55373,Entire home/apt,Entire rental unit,1,57.49,Medellin
1600755657843639369,6.2075,-75.5737,Entire home/apt,Entire rental unit,5,171.8,Medellin
1706041950700744306,6.20851,-75.57065,Entire home/apt,Entire rental unit,2,199.29,Medellin
1308240257526928817,6.2395,-75.5994,Entire home/apt,Entire rental unit,58,97.6,Medellin
1205990515276058244,6.2155,-75.5708,Entire home/apt,Entire condo,98,188.0,Medellin
1113059884070780694,6.2063,-75.5546,Entire home/apt,Entire rental unit,76,265.0,Medellin
1305185400107270872,6.2572,-75.6128,Entire home/apt,Entire rental unit,6,39.88,Medellin
727463523135042736,6.187,-75.5691,Entire home/apt,Entire rental unit,19,329.03,Medellin
1590138551801656000,6.19094,-75.56103,Entire home/apt,Entire condo,14,187.0,Medellin
1540530861382577761,6.2385,-75.6025,Entire home/apt,Entire condo,38,71.0,Medellin
1390628215520162230,6.257,-75.613,Entire home/apt,Entire rental unit,8,42.25,Medellin
1475445350905555465,6.24809,-75.59241,Entire home/apt,Entire rental unit,11,264.4,Medellin
1310142887630541583,6.209239359705587,-75.56758853660894,Entire home/apt,Entire rental unit,19,276.0,Medellin
857531255538640305,6.151,-75.5667,Entire home/apt,Entire home,58,276.0,Medellin
1529889453255454986,6.210569752096387,-75.56677583903691,Entire home/apt,Entire rental unit,30,158.8,Medellin
1425013977350715413,6.2122,-75.5589,Entire home/apt,Entire rental unit,32,171.6,Medellin
1605220995817744100,6.2022,-75.557,Entire home/apt,Entire rental unit,0,1024.3,Medellin
1603666715187628250,6.2482,-75.5917,Entire home/apt,Entire rental unit,6,67.09,Medellin
1670388537429251291,6.24607,-75.5921,Entire home/apt,Entire home,3,278.44,Medellin
1572694006588932060,6.21345,-75.57299,Entire home/apt,Entire rental unit,2,260.76,Medellin
21433293,6.2097,-75.569,Entire home/apt,Entire condo,176,288.0,Medellin
15821180,6.2458,-75.5913,Entire home/apt,Entire home,70,316.8,Medellin
1566025949848166173,6.2132,-75.5731,Entire home/apt,Entire home,17,268.72,Medellin
1358271391962659490,6.259793687244882,-75.59647329584004,Entire home/apt,Entire villa,53,281.0,Medellin
52828081,6.21328,-75.57128,Entire home/apt,Entire home,188,327.72,Medellin
1478250594114011424,6.2074,-75.5736,Entire home/apt,Entire condo,41,176.2,Medellin
32887832,6.2056,-75.56528,Entire home/apt,Entire condo,61,267.2,Medellin
893066258462662817,6.18589,-75.57006,Entire home/apt,Entire rental unit,65,334.26,Medellin
52424510,6.209480559081707,-75.56476148751358,Entire home/apt,Entire serviced apartment,188,300.4,Medellin
1694443154969114143,6.2092,-75.5657,Entire home/apt,Entire rental unit,0,278.6,Medellin
1194316674349641091,6.2135,-75.5627,Entire home/apt,Entire rental unit,74,274.03,Medellin
1194215555930647940,6.2135,-75.5627,Entire home/apt,Entire rental unit,69,133.38,Medellin
1687330611514158166,6.2412,-75.602,Entire home/apt,Entire rental unit,4,80.97,Medellin
746439382893220768,6.2109,-75.56492,Entire home/apt,Entire vacation home,36,281.6,Medellin
1186446467442100277,6.23891,-75.59186,Entire home/apt,Entire rental unit,157,93.85,Medellin
1244370265208454818,6.24102,-75.5045,Entire home/apt,Entire villa,17,299.74,Medellin
42003713,6.23558,-75.58882,Private room,Private room in rental unit,131,21.15,Medellin
747274270745856514,6.20692,-75.56874,Entire home/apt,Entire serviced apartment,0,376.0,Medellin
981116250454560424,6.21154,-75.56475,Entire home/apt,Entire rental unit,114,277.75,Medellin
1005048130457233101,6.20331,-75.53053,Entire home/apt,Entire cabin,68,261.38,Medellin
1719816406552530056,6.2407,-75.5616,Entire home/apt,Entire rental unit,0,358.0,Medellin
1060225837310760005,6.2026,-75.5676,Entire home/apt,Entire rental unit,76,477.7,Medellin
952137874043913080,6.2612,-75.5577,Private room,Private room in home,10,13.54,Medellin
1532675026299434084,6.2383,-75.5884,Private room,Private room in rental unit,28,13.74,Medellin
1595875636620456339,6.26078,-75.563,Entire home/apt,Entire rental unit,9,36.88,Medellin
1156672595334235895,6.3008,-75.5694,Entire home/apt,Entire rental unit,29,37.17,Medellin
1727035406963441110,6.298,-75.4553,Entire home/apt,Entire guesthouse,0,445.19,Medellin
1611757427950437860,6.24076,-75.59606,Entire home/apt,Entire rental unit,9,69.6,Medellin
1026025423555135006,6.24718,-75.59273,Entire home/apt,Entire loft,26,1385.16,Medellin
1237068463231130314,6.3536,-75.4503,Entire home/apt,Entire cabin,13,348.18,Medellin
1674091206246240007,6.3502,-75.4872,Entire home/apt,Entire home,0,354.95,Medellin
31884243,6.226,-75.4444,Entire home/apt,Farm stay,90,344.0,Medellin
1645760852471278727,6.2487,-75.5621,Shared room,Shared room in guesthouse,7,9.09,Medellin
1565413032638609696,6.2584,-75.5983,Private room,Private room in home,4,13.62,Medellin
1527100025731972042,6.2487,-75.5622,Shared room,Shared room in casa particular,11,9.29,Medellin
939197282694867230,6.192,-75.5949,Private room,Private room in rental unit,25,12.88,Medellin
1643236667393055998,6.3684821347047915,-75.49752727664308,Entire home/apt,Entire cottage,0,428.75,Medellin
1110881101301562710,6.24843,-75.59842,Private room,Private room in rental unit,71,14.72,Medellin
1511146961659956525,6.24858,-75.55651,Entire home/apt,Entire rental unit,23,27.23,Medellin
1678200570037653232,6.247921283720157,-75.56296385266504,Shared room,Shared room in rental unit,1,11.41,Medellin
1655085470908884178,6.195802836593544,-75.55854802129801,Private room,Private room in home,1,12.66,Medellin
907508385103512420,6.2598,-75.6203,Entire home/apt,Entire rental unit,6,14.91,Medellin
863304504038199414,6.2471,-75.58859,Private room,Private room in home,18,14.52,Medellin
1701544896380071787,6.2456,-75.5906,Shared room,Shared room in bed and breakfast,0,12.28,Medellin
1719831479307044136,6.2562,-75.5652,Private room,Private room in rental unit,0,14.41,Medellin
1235094922742911102,6.24672,-75.59892,Private room,Private room in rental unit,18,14.72,Medellin
1606630791548161159,6.20541,-75.56325,Private room,Private room in rental unit,4,13.0,Medellin
1685892023116729299,6.2324,-75.6635,Shared room,Shared room in tiny home,2,15.97,Medellin
765964358497527234,6.23657,-75.54643,Private room,Private room in home,0,15.0,Medellin
952227035329724363,6.20513,-75.56364,Private room,Private room in rental unit,66,14.2,Medellin
1610145090162457198,6.2456,-75.5882,Entire home/apt,Entire rental unit,0,14.72,Medellin
951361412487581335,6.2612,-75.5577,Private room,Private room in home,4,13.03,Medellin
18199585,6.26482,-75.59792,Private room,Private room in condo,23,14.73,Medellin
903197579569293031,6.3059,-75.4592,Entire home/apt,Barn,12,339.41,Medellin
1435018605663302659,6.2459,-75.5908,Shared room,Shared room in hotel,18,14.06,Medellin
51999196,6.20826,-75.59946,Private room,Private room in home,9,14.43,Medellin
654373933854209838,6.25737,-75.56238,Private room,Private room in vacation home,49,12.88,Medellin
48116754,6.2575,-75.5614,Private room,Private room in rental unit,9,14.13,Medellin
1206109872090233003,6.361,-75.4997,Entire home/apt,Entire villa,89,340.7,Medellin
1134056245907144809,6.24602,-75.58746,Private room,Private room in home,1,14.52,Medellin
957895749371470098,6.24381,-75.59749,Private room,Private room in home,63,39.0,Medellin
1701257927292635374,6.205810063083676,-75.52023714861282,Entire home/apt,Entire cabin,6,45.9,Medellin
47732802,6.2595,-75.56227,Private room,Private room in home,18,24.0,Medellin
1695176842206849448,6.2324,-75.6635,Private room,Private room in tiny home,1,16.46,Medellin
1472717686557116478,6.3885,-75.5963,Entire home/apt,Casa particular,0,498.2,Medellin
1403872957251311095,6.3909,-75.4566,Entire home/apt,Entire home,10,503.36,Medellin
1565431265956116869,6.2584,-75.5983,Private room,Private room in home,0,13.62,Medellin
1070523404474296420,6.3857,-75.4861,Entire home/apt,Entire cabin,1,454.91,Medellin
1606242601510065522,6.3273,-75.56627,Private room,Room in hotel,0,13.17,Medellin
929614540540703742,6.2067,-75.4377,Entire home/apt,Entire home,41,332.8,Medellin
1395786124807299063,6.374240012262867,-75.46471193326072,Entire home/apt,Entire home,1,413.69,Medellin
51944822,6.39808,-75.48192,Entire home/apt,Entire cottage,18,339.34,Medellin
1370590536594128916,6.3767,-75.446,Entire home/apt,Entire home,0,478.47,Medellin
1617853927454721083,6.4014,-75.4846,Entire home/apt,Entire cabin,0,488.53,Medellin
32338328,6.38271,-75.48426,Entire home/apt,Entire villa,11,457.79,Medellin
894952601315150716,6.36467,-75.51379,Entire home/apt,Tiny home,0,328.48,Medellin
1616225677432404603,6.331597633371864,-75.42632857206056,Entire home/apt,Entire home,0,376.29,Medellin
991908331026341962,6.23787,-75.59813,Entire home/apt,Entire home,143,75.4,Medellin
899056738575376394,6.21757,-75.48696,Entire home/apt,Tiny home,162,60.73,Medellin
1260366948249197535,6.3123,-75.6487,Private room,Private room in nature lodge,58,60.26,Medellin
52862418,6.18784,-75.43637,Entire home/apt,Entire home,4,353.82,Medellin
1680736562835611391,6.233329156825913,-75.46782192386601,Entire home/apt,Entire cabin,11,131.68,Medellin
1576847166687377399,6.17736,-75.49497,Private room,Private room in home,15,66.34,Medellin
40918686,6.36457,-75.51497,Entire home/apt,Tiny home,0,328.48,Medellin
1152160421973555788,6.2525,-75.5863,Entire home/apt,Entire loft,126,54.5,Medellin
1622750529523294489,6.2514,-75.4888,Entire home/apt,Entire cabin,14,57.74,Medellin
1630526998330008589,6.3611,-75.5016,Private room,Room in hotel,0,446.39,Medellin
709930615452578977,6.248,-75.5006,Entire home/apt,Entire home,69,60.5,Medellin
1695183190895548221,6.195,-75.5475,Entire home/apt,Room in aparthotel,2,131.7,Medellin
1193620074730692600,6.24901,-75.51506,Private room,Private room in treehouse,75,55.19,Medellin
1630122982379538376,6.25182,-75.59484,Entire home/apt,Entire condo,2,129.23,Medellin
1278549348023924087,6.3621,-75.4908,Entire home/apt,Entire cottage,3,338.43,Medellin
1138292167921482977,6.36113,-75.57788,Entire home/apt,Entire cottage,7,375.41,Medellin
1181140317797417714,6.24079,-75.58243,Entire home/apt,Entire rental unit,44,156.2,Medellin
1416871705037238756,6.3166,-75.5596,Entire home/apt,Entire rental unit,3,142.43,Medellin
547233284768235681,6.1859,-75.5087,Entire home/apt,Entire cottage,59,135.2,Medellin
1110841807148359300,6.16844,-75.58017,Entire home/apt,Entire rental unit,27,139.56,Medellin
53749056,6.1978,-75.57,Entire home/apt,Entire loft,312,132.55,Medellin
1708185381146259312,6.1904,-75.5627,Entire home/apt,Entire rental unit,3,138.6,Medellin
1396646590232476514,6.2488,-75.5621,Shared room,Shared room in guesthouse,4,12.2,Medellin
48300568,6.20538,-75.5634,Private room,Private room in rental unit,162,14.8,Medellin
1435014506452185168,6.2459,-75.5908,Shared room,Shared room in hotel,34,14.62,Medellin
1527171869812094834,6.2488,-75.5621,Shared room,Shared room in casa particular,10,9.16,Medellin
1536422116832953684,6.2524,-75.5942,Entire home/apt,Entire serviced apartment,26,133.0,Medellin
27554350,6.23212,-75.49955,Entire home/apt,Entire cottage,106,79.23,Medellin
715468297401418626,6.36485,-75.50638,Entire home/apt,Entire cottage,12,478.09,Medellin
1694383275658163819,6.244137020745064,-75.56422041810367,Private room,Room in hotel,0,12.53,Medellin
980606502940089475,6.19975,-75.56196,Entire home/apt,Entire rental unit,159,99.52,Medellin
1600047708581061320,6.361617164806048,-75.50194790117729,Private room,Room in hotel,0,416.66,Medellin
1557409380327453040,6.2084,-75.5679,Entire home/apt,Entire rental unit,21,184.84,Medellin
1449247003170965496,6.2074,-75.5734,Entire home/apt,Entire rental unit,45,142.8,Medellin
16374168,6.2105,-75.5724,Entire home/apt,Entire condo,181,82.92,Medellin
1209742016552375057,6.29318,-75.45099,Entire home/apt,Entire villa,19,412.22,Medellin
9314453,6.2138,-75.5603,Entire home/apt,Entire rental unit,194,163.6,Medellin
1655322085019071847,6.2129,-75.5609,Entire home/apt,Entire rental unit,6,151.04,Medellin
1344302039185324894,6.382869574741568,-75.48572950400536,Private room,Room in hotel,0,353.32,Medellin
847783701860555808,6.2094,-75.4982,Entire home/apt,Entire chalet,57,111.01,Medellin
1471858383167884740,6.2074,-75.5734,Entire home/apt,Entire rental unit,77,145.0,Medellin
711094406592187455,6.3632,-75.4975,Entire home/apt,Entire villa,0,319.64,Medellin
1145127882005600517,6.34964,-75.46405,Entire home/apt,Entire home,0,377.62,Medellin
1035639584120017461,6.3237,-75.559,Entire home/apt,Entire rental unit,23,119.59,Medellin
1512761948686274038,6.2687,-75.5576,Private room,Private room in guesthouse,39,28.87,Medellin
793478576282886622,6.24282,-75.56023,Entire home/apt,Entire rental unit,107,39.0,Medellin
1025593493111159888,6.37804,-75.44456,Entire home/apt,Entire home,29,445.59,Medellin
48340604,6.2501,-75.5171,Entire home/apt,Treehouse,113,160.73,Medellin
1529039347057129082,6.3335,-75.5596,Entire home/apt,Entire serviced apartment,33,210.84,Medellin
24173124,6.33203,-75.54286,Entire home/apt,Entire rental unit,100,25.76,Medellin
1034011251014741016,6.2444,-75.55932,Entire home/apt,Entire rental unit,68,59.58,Medellin
939400263260070593,6.2496,-75.5936,Private room,Private room in rental unit,141,28.68,Medellin
37252006,6.23805,-75.49585,Entire home/apt,Entire cabin,197,117.92,Medellin
1351433130378363357,6.2861,-75.5542,Entire home/apt,Entire rental unit,6,26.89,Medellin
1008144450499087156,6.2363,-75.5592,Entire home/apt,Entire loft,61,33.51,Medellin
22152599,6.36388,-75.50279,Entire home/apt,Entire home,58,410.37,Medellin
1476087209661518204,6.234,-75.5024,Entire home/apt,Entire home,19,104.53,Medellin
1273478896014450771,6.2115,-75.5593,Entire home/apt,Entire rental unit,5,281.6,Medellin
1248643051230659475,6.2321,-75.55,Entire home/apt,Entire rental unit,4,47.87,Medellin
1341331177323385277,6.209358587124784,-75.5678198747403,Entire home/apt,Entire rental unit,29,276.0,Medellin
1300188941275994061,6.27472,-75.58103,Private room,Private room in home,3,58.97,Medellin
1513048317407574579,6.2687,-75.5576,Entire home/apt,Entire guesthouse,17,35.01,Medellin
1619333175580828987,6.213894392631603,-75.57395862121672,Entire home/apt,Entire home,9,169.8,Medellin
1654615541019810176,6.220507828988698,-75.60641405317313,Entire home/apt,Entire home,6,164.18,Medellin
1437614647200367475,6.2823,-75.5643,Private room,Private room in rental unit,8,19.1,Medellin
48231446,6.21033,-75.55998,Entire home/apt,Entire rental unit,189,149.86,Medellin
1731847557466961171,6.2599,-75.5644,Entire home/apt,Entire rental unit,0,22.09,Medellin
1406035582439322294,6.2153,-75.5708,Entire home/apt,Entire rental unit,63,181.4,Medellin
37055898,6.26469,-75.56401,Private room,Private room in home,250,28.2,Medellin
1733070863663265192,6.3039,-75.5533,Private room,Private room in home,0,16.71,Medellin
1517840444293555803,6.2412,-75.5846,Entire home/apt,Entire condo,15,162.8,Medellin
27467115,6.332635476199215,-75.54230698436102,Entire home/apt,Entire rental unit,89,28.71,Medellin
1291280524317725592,6.2107,-75.5648,Entire home/apt,Entire rental unit,83,144.73,Medellin
44756414,6.1972,-75.5788,Entire home/apt,Entire rental unit,276,155.6,Medellin
1667813741180514518,6.2443,-75.5586,Entire home/apt,Entire loft,9,69.67,Medellin
1187771671621509040,6.2104,-75.5661,Entire home/apt,Entire rental unit,62,270.85,Medellin
1701254781994460001,6.206431116175681,-75.52069869703597,Entire home/apt,Entire cabin,8,52.51,Medellin
1644256273727758905,6.2142054367796185,-75.57165593342067,Entire home/apt,Entire rental unit,4,145.18,Medellin
1616004872669266737,6.2091,-75.5669,Entire home/apt,Entire rental unit,17,263.0,Medellin
1353599540876482334,6.2215,-75.5697,Entire home/apt,Entire rental unit,33,57.8,Medellin
1299535568813090199,6.3812,-75.4807,Entire home/apt,Entire villa,15,475.6,Medellin
1215397379330849926,6.2374,-75.5516,Entire home/apt,Entire home,26,55.21,Medellin
1303016900749018051,6.2132,-75.5719,Entire home/apt,Entire rental unit,64,268.2,Medellin
1694523223812751902,6.24365,-75.55862,Entire home/apt,Entire rental unit,4,67.65,Medellin
610936966363788257,6.20246,-75.55812,Entire home/apt,Entire loft,218,75.11,Medellin
1570324801541736160,6.2435,-75.5598,Entire home/apt,Entire rental unit,18,51.8,Medellin
1721084150156486016,6.2443,-75.5586,Entire home/apt,Entire rental unit,0,54.95,Medellin
1250288240250178051,6.2091,-75.5668,Entire home/apt,Entire rental unit,41,275.3,Medellin
1637820306585955081,6.2436,-75.5597,Entire home/apt,Entire rental unit,6,54.8,Medellin
1669138837250517852,6.2629259064069105,-75.54475161998023,Entire home/apt,Entire rental unit,0,364.84,Medellin
1263266829291707971,6.2089,-75.5666,Entire home/apt,Entire rental unit,21,263.2,Medellin
1481238687185585250,6.2138,-75.5735,Entire home/apt,Entire rental unit,2,298.11,Medellin
1524206949289849063,6.1626,-75.57392,Entire home/apt,Entire rental unit,4,300.92,Medellin
42643166,6.3634,-75.51317,Entire home/apt,Treehouse,0,416.45,Medellin
1498618391714141310,6.208675895717673,-75.56125402585454,Entire home/apt,Entire rental unit,1,317.99,Medellin
1522074267753163077,6.20926,-75.57196,Entire home/apt,Entire rental unit,1,305.91,Medellin
1169552841859391324,6.21154,-75.56427,Entire home/apt,Entire rental unit,42,280.19,Medellin
1629897080737941675,6.3611,-75.5016,Private room,Room in hotel,0,506.26,Medellin
1109909796167671891,6.2437,-75.5596,Entire home/apt,Entire condo,45,53.3,Medellin
1675362930426364193,6.2093,-75.5669,Entire home/apt,Entire rental unit,1,309.26,Medellin
18234791,6.2091,-75.5684,Entire home/apt,Entire rental unit,115,296.92,Medellin
861560677516284061,6.2126,-75.5144,Entire home/apt,Entire home,20,287.45,Medellin
1595840344205177555,6.2055,-75.5654,Entire home/apt,Entire rental unit,11,384.64,Medellin
1481248682041416917,6.2138,-75.5735,Entire home/apt,Entire rental unit,3,317.99,Medellin
1091296596087941313,6.18795,-75.43754,Entire home/apt,Entire home,4,434.3,Medellin
1250020212476306104,6.2420682363246245,-75.57960717925724,Entire home/apt,Entire rental unit,27,292.1,Medellin
1691561077356997984,6.282395334828282,-75.56490216615286,Private room,Private room in home,2,18.6,Medellin
1679058148650912942,6.1753,-75.6054,Entire home/apt,Entire rental unit,3,178.35,Medellin
1516178848270922215,6.2062,-75.5649,Entire home/apt,Entire rental unit,62,145.0,Medellin
16912760,6.2818,-75.55691,Entire home/apt,Entire rental unit,68,25.91,Medellin
1703930846224795194,6.274641286846401,-75.58049384492092,Private room,Private room in guesthouse,4,22.2,Medellin
1428373445614765193,6.233250285044944,-75.52049035329361,Entire home/apt,Entire cabin,19,59.89,Medellin
1602957651908635488,6.260499636722736,-75.56288001757756,Entire home/apt,Entire rental unit,15,28.92,Medellin
1730762312966641334,6.22653,-75.60162,Entire home/apt,Entire home,0,120.56,Medellin
1326195672580257490,6.21006,-75.56401,Entire home/apt,Entire rental unit,71,130.21,Medellin
1694397683213276638,6.20838015051037,-75.56483929515555,Entire home/apt,Entire rental unit,0,172.0,Medellin
1522055178532153371,6.211,-75.5676,Entire home/apt,Entire rental unit,28,159.04,Medellin
1457309106993051213,6.2091,-75.5652,Entire home/apt,Entire rental unit,53,168.15,Medellin
39911241,6.2076,-75.5667,Entire home/apt,Entire serviced apartment,157,178.34,Medellin
1215807189810023681,6.2082,-75.5594,Entire home/apt,Entire rental unit,16,302.8,Medellin
1572057326562211281,6.213938689179675,-75.43247579326405,Entire home/apt,Entire home,1,498.2,Medellin
896246133534181399,6.21003,-75.5644,Entire home/apt,Entire rental unit,158,168.15,Medellin
1608876088980582147,6.24,-75.5802,Entire home/apt,Entire rental unit,23,168.36,Medellin
1139714817914188899,6.22305,-75.59678,Entire home/apt,Entire rental unit,75,96.0,Medellin
12229982,6.2112,-75.5591,Entire home/apt,Entire rental unit,259,166.6,Medellin
45976188,6.20846,-75.56658,Entire home/apt,Entire rental unit,77,193.0,Medellin
1479726184699172637,6.2026,-75.5676,Entire home/apt,Entire rental unit,40,310.04,Medellin
981184847521067124,6.21164,-75.56576,Entire home/apt,Entire rental unit,108,299.16,Medellin
1139382594036177963,6.2132,-75.5685,Entire home/apt,Entire loft,99,188.0,Medellin
52368367,6.209033589237098,-75.56665985671444,Entire home/apt,Room in aparthotel,221,306.4,Medellin
1487035472495769931,6.20674685191598,-75.57442895682162,Entire home/apt,Entire rental unit,41,175.2,Medellin
710677558303863828,6.21196,-75.56433,Entire home/apt,Entire vacation home,26,303.8,Medellin
50000140,6.21101,-75.56463,Entire home/apt,Entire rental unit,70,183.2,Medellin
1656229974198370356,6.1963,-75.5707,Entire home/apt,Entire rental unit,4,218.2,Medellin
1275374351248344909,6.2144,-75.5719,Entire home/apt,Entire condo,40,149.71,Medellin
1695850810037281872,6.2326,-75.603,Entire home/apt,Entire rental unit,7,67.19,Medellin
1508723911242529457,6.2063,-75.5546,Entire home/apt,Entire rental unit,27,392.0,Medellin
736255270699517592,6.20886,-75.5672,Entire home/apt,Entire rental unit,2,764.4,Medellin
1663495906044757431,6.2481,-75.5961,Entire home/apt,Entire rental unit,3,493.82,Medellin
957905990796583309,6.20588,-75.43289,Entire home/apt,Entire guesthouse,28,377.94,Medellin
1232958048771629107,6.2136,-75.5687,Entire home/apt,Entire rental unit,59,180.08,Medellin
1427494868158291688,6.2326,-75.6031,Entire home/apt,Entire rental unit,44,80.46,Medellin
1172476390581049765,6.20749,-75.56636,Entire home/apt,Entire rental unit,59,186.74,Medellin
738341957796158506,6.2136,-75.5646,Entire home/apt,Entire rental unit,236,176.0,Medellin
53298044,6.2069,-75.55518,Entire home/apt,Entire rental unit,246,154.4,Medellin
1361927973204841191,6.2064,-75.5548,Entire home/apt,Entire condo,55,168.4,Medellin
1401696438255035330,6.22392,-75.56146,Entire home/apt,Entire rental unit,57,209.03,Medellin
1251594697925965447,6.2247,-75.5657,Entire home/apt,Entire condo,63,185.64,Medellin
1726191673382435364,6.1905,-75.5627,Entire home/apt,Room in aparthotel,1,177.36,Medellin
32277333,6.21161,-75.56007,Entire home/apt,Entire rental unit,159,182.65,Medellin
12684760,6.2458,-75.5913,Entire home/apt,Entire home,102,446.2,Medellin
1431346548809250461,6.2055,-75.5618,Entire home/apt,Entire rental unit,39,222.8,Medellin
1574315243257383575,6.2069,-75.5737,Entire home/apt,Entire rental unit,18,180.43,Medellin
1588070871086956292,6.211,-75.5676,Entire home/apt,Entire rental unit,6,118.63,Medellin
854966268966633012,6.2152,-75.5727,Private room,Private room in rental unit,33,14.72,Medellin
1638724790887955064,6.2,-75.5621,Entire home/apt,Entire rental unit,27,177.81,Medellin
860255651260921544,6.21116,-75.55732,Entire home/apt,Entire rental unit,132,181.6,Medellin
1698961016622278851,6.18187,-75.44495,Entire home/apt,Entire home,0,417.67,Medellin
564392279335403852,6.39715,-75.4768,Entire home/apt,Entire cottage,4,522.04,Medellin
1574339789834452286,6.2067,-75.5736,Entire home/apt,Entire loft,30,163.41,Medellin
942907477792521900,6.2131,-75.5685,Entire home/apt,Entire loft,113,75.4,Medellin
1711783909488626708,6.2436,-75.5931,Entire home/apt,Entire loft,3,83.0,Medellin
1478455440944777406,6.2067,-75.5736,Entire home/apt,Entire loft,61,110.41,Medellin
1265309260111661836,6.2136,-75.568,Entire home/apt,Entire rental unit,19,69.69,Medellin
1372578390849276773,6.241808408759594,-75.56819677966031,Private room,Private room in rental unit,29,18.8,Medellin
998423482544456549,6.2435,-75.56,Entire home/apt,Entire rental unit,80,72.2,Medellin
1458261776774751461,6.243637512307937,-75.58548709355503,Entire home/apt,Entire rental unit,38,93.6,Medellin
1511102789879816398,6.0921,-75.4891,Entire home/apt,Entire cabin,6,143.02,Medellin
1095972839690970334,6.37199,-75.43668,Entire home/apt,Entire cabin,0,345.96,Medellin
1152317658703619687,6.2524,-75.5863,Entire home/apt,Entire loft,151,66.12,Medellin
1030548687473110095,6.24475,-75.58909,Private room,Private room in home,2,14.74,Medellin
1144935612750770052,6.2426,-75.5623,Entire home/apt,Entire loft,58,42.29,Medellin
813286746837624011,6.2096,-75.5889,Entire home/apt,Entire townhouse,53,216.01,Medellin
959763317934097640,6.2107,-75.5693,Entire home/apt,Entire rental unit,189,98.2,Medellin
18346499,6.16153,-75.58192,Private room,Private room in rental unit,5,12.88,Medellin
1259483757806834544,6.2525,-75.5866,Entire home/apt,Entire loft,143,91.76,Medellin
1698705728040759712,6.15961,-75.6067,Entire home/apt,Entire rental unit,4,69.93,Medellin
1401844851294477811,6.261623783896456,-75.59450304732587,Entire home/apt,Entire rental unit,71,193.8,Medellin
48301181,6.20527,-75.56366,Private room,Private room in rental unit,73,14.2,Medellin
34334601,6.23587114082308,-75.5652650868236,Private room,Private room in condo,321,28.09,Medellin
1614025634870139349,6.1517,-75.564,Entire home/apt,Entire rental unit,18,121.53,Medellin
1567077807965789334,6.193955546336609,-75.56323530186371,Entire home/apt,Entire rental unit,8,93.23,Medellin
1711980066584052417,6.2436,-75.5931,Entire home/apt,Entire loft,2,102.78,Medellin
696377365436626214,6.2168,-75.5032,Entire home/apt,Dome,194,71.64,Medellin
1569528803607909166,6.200550837106601,-75.56225198631952,Entire home/apt,Entire rental unit,23,86.78,Medellin
1320254893732257386,6.2109,-75.5721,Entire home/apt,Entire rental unit,63,105.64,Medellin
48504963,6.24117,-75.58686,Entire home/apt,Entire loft,249,78.2,Medellin
1427114748471394342,6.238941787714222,-75.59240447601807,Entire home/apt,Entire rental unit,57,200.0,Medellin
1698206383854339050,6.191175695447877,-75.56383864833485,Entire home/apt,Entire rental unit,4,83.12,Medellin
1439484431815731944,6.2575,-75.599,Entire home/apt,Entire home,56,226.64,Medellin
41473798,6.19604,-75.57859,Entire home/apt,Entire condo,166,124.2,Medellin
1250109354590150354,6.2247,-75.5657,Entire home/apt,Entire condo,53,93.3,Medellin
1435709591630821108,6.2419,-75.6006,Entire home/apt,Entire rental unit,55,194.17,Medellin
1717115561890195860,6.2398,-75.5943,Entire home/apt,Entire rental unit,0,112.6,Medellin
1684150196132383489,6.1905,-75.5627,Entire home/apt,Entire rental unit,9,88.75,Medellin
47270207,6.2136,-75.5716,Entire home/apt,Entire rental unit,387,64.02,Medellin
33097680,6.16284,-75.58295,Private room,Private room in rental unit,1,11.71,Medellin
1150357217878875706,6.2524,-75.5863,Entire home/apt,Entire loft,151,68.44,Medellin
1554555411283050122,6.2074,-75.5737,Entire home/apt,Entire rental unit,25,89.25,Medellin
980765520111673570,6.20445,-75.56284,Entire home/apt,Entire rental unit,130,106.8,Medellin
1723478250455804638,6.2262,-75.5644,Entire home/apt,Entire rental unit,1,81.91,Medellin
1727837677238887724,6.2541,-75.6041,Entire home/apt,Entire rental unit,0,104.09,Medellin
1558011951142897335,6.2215,-75.5697,Entire home/apt,Entire rental unit,15,74.4,Medellin
1285122037466019634,6.387,-75.4292,Entire home/apt,Entire cabin,0,410.75,Medellin
12229957,6.21419,-75.56037,Entire home/apt,Entire rental unit,116,89.2,Medellin
1084764677608962353,6.1789,-75.575,Entire home/apt,Entire rental unit,0,312.84,Medellin
1076184835793322091,6.2426,-75.56094,Entire home/apt,Entire rental unit,30,64.78,Medellin
50348886,6.2083,-75.568,Entire home/apt,Entire rental unit,0,290.8,Medellin
1433377098231855718,6.1488306618138955,-75.5627466461799,Entire home/apt,Entire home,0,375.41,Medellin
1619078602103271847,6.2393,-75.6043,Entire home/apt,Entire rental unit,30,170.57,Medellin
1585526574797290070,6.24646,-75.60046,Entire home/apt,Entire rental unit,0,363.7,Medellin
1349369224690910025,6.38209,-75.43153,Entire home/apt,Entire cabin,0,450.72,Medellin
856825939606133993,6.3807,-75.4322,Entire home/apt,Room in aparthotel,27,439.49,Medellin
1038338837636644654,6.2417,-75.5853,Entire home/apt,Entire serviced apartment,29,92.02,Medellin
638103936941162303,6.19718,-75.57889,Entire home/apt,Entire serviced apartment,54,384.2,Medellin
1095831911869993096,6.2646,-75.5698,Entire home/apt,Entire rental unit,2,296.09,Medellin
801588385248888774,6.1956,-75.4738,Entire home/apt,Entire home,0,335.65,Medellin
1729822868621966804,6.1483,-75.6167,Entire home/apt,Entire rental unit,1,100.73,Medellin
537872673604810082,6.30064,-75.56661,Entire home/apt,Entire home,16,299.73,Medellin
637782152766794806,6.14194,-75.61886,Entire home/apt,Entire condo,0,237.51,Medellin
1729808618215966543,6.2455,-75.5907,Private room,Room in hotel,1,82.0,Medellin
1094518903354428564,6.2387,-75.4833,Entire home/apt,Earthen home,1,305.48,Medellin
1016882048314309584,6.2402,-75.6011,Entire home/apt,Entire home,137,212.8,Medellin
1408749611805789288,6.2456,-75.5914,Shared room,Shared room in hotel,6,14.62,Medellin
1701223809395613784,6.2066,-75.5173,Entire home/apt,Entire cabin,11,46.31,Medellin
1623927850777327703,6.2164,-75.5571,Entire home/apt,Entire rental unit,3,122.79,Medellin
39869806,6.2076,-75.5667,Entire home/apt,Entire serviced apartment,256,130.5,Medellin
1604735883414056442,6.23988,-75.58107,Entire home/apt,Entire rental unit,36,120.73,Medellin
1418114852376796263,6.187,-75.5691,Entire home/apt,Entire rental unit,4,293.57,Medellin
1536540933335141318,6.2406,-75.6004,Entire home/apt,Entire home,4,379.09,Medellin
589203451902681128,6.24543,-75.59004,Entire home/apt,Entire rental unit,118,335.72,Medellin
1140532538658732391,6.2105,-75.567,Entire home/apt,Entire loft,61,143.52,Medellin
1288750095436814910,6.2432,-75.4821,Entire home/apt,Entire cabin,47,121.45,Medellin
29514907,6.2133,-75.5604,Entire home/apt,Entire condo,302,124.6,Medellin
844374303029508548,6.2003,-75.5711,Entire home/apt,Entire rental unit,48,294.43,Medellin
1508952007924469704,6.2093,-75.5661,Entire home/apt,Entire rental unit,96,117.93,Medellin
1723434105057805930,6.2514,-75.5874,Entire home/apt,Entire loft,0,54.99,Medellin
1099586551358545811,6.2363,-75.5968,Entire home/apt,Entire rental unit,126,251.82,Medellin
1541031281865173931,6.20419,-75.50934,Entire home/apt,Entire home,10,115.99,Medellin
917306372776641528,6.2495,-75.599,Entire home/apt,Entire home,39,266.8,Medellin
1420396415992468832,6.187,-75.5691,Entire home/apt,Entire rental unit,1,330.49,Medellin
1694529170751845634,6.19839,-75.5574,Entire home/apt,Entire home,2,1036.72,Medellin
1411005213535738478,6.2345,-75.5927,Entire home/apt,Entire rental unit,40,111.96,Medellin
1479915369446702942,6.1029,-75.5749,Entire home/apt,Entire home,1,617.9,Medellin
1258191896672826174,6.2093,-75.5677,Entire home/apt,Entire rental unit,34,158.26,Medellin
805213600254071741,6.2439,-75.5596,Entire home/apt,Entire loft,61,61.78,Medellin
1521791717344212796,6.23716,-75.59653,Entire home/apt,Entire home,31,323.95,Medellin
1582089317760893851,6.206843206087587,-75.56590777516926,Entire home/apt,Entire rental unit,19,265.54,Medellin
1694495878676559950,6.2408,-75.5971,Entire home/apt,Entire rental unit,3,111.48,Medellin
923233180232659042,6.211,-75.5701,Entire home/apt,Entire condo,157,269.8,Medellin
1419722648180883156,6.2073,-75.5648,Entire home/apt,Entire rental unit,35,265.54,Medellin
53606561,6.20376,-75.56404,Entire home/apt,Entire rental unit,58,261.0,Medellin
41861105,6.1877,-75.56868,Entire home/apt,Entire rental unit,84,266.87,Medellin
665426822049586250,6.2088,-75.5664,Private room,Room in hotel,10,327.52,Medellin
957203840185647962,6.2579,-75.5551,Entire home/apt,Entire home,8,262.0,Medellin
766919501015436080,6.2468,-75.5883,Entire home/apt,Entire home,80,371.64,Medellin
1508319727626800232,6.26606,-75.4753,Entire home/apt,Entire cabin,0,251.27,Medellin
918944643564694907,6.2506,-75.6089,Entire home/apt,Entire rental unit,24,30.18,Medellin
1687190281206938841,6.25901,-75.59678,Private room,Private room in home,4,24.76,Medellin
1711880811211990411,6.2534,-75.6086,Entire home/apt,Entire rental unit,0,30.56,Medellin
1583018789202209668,6.2443,-75.6085,Private room,Private room in home,1,23.13,Medellin
964530474313397895,6.25141,-75.62105,Entire home/apt,Entire rental unit,34,29.44,Medellin
1340206256248100108,6.2465,-75.6087,Private room,Private room in home,18,21.01,Medellin
866706425606462844,6.2515,-75.6083,Entire home/apt,Entire rental unit,22,28.64,Medellin
959357193469045749,6.2465,-75.6027,Private room,Room in hotel,39,28.25,Medellin
1348676142500719548,6.252529980531699,-75.61047988391533,Private room,Private room in home,45,20.34,Medellin
965994207810080679,6.2514311960390145,-75.60969000145516,Entire home/apt,Entire rental unit,12,30.18,Medellin
1631258552085611140,6.2557,-75.5968,Private room,Private room in home,1,21.5,Medellin
1272532948713092377,6.23271,-75.59203,Entire home/apt,Entire loft,49,57.56,Medellin
12051954,6.2491,-75.6085,Private room,Private room in condo,234,24.43,Medellin
948654460908564503,6.2343,-75.5871,Entire home/apt,Entire rental unit,26,42.6,Medellin
1700868320131622961,6.26004,-75.59482,Private room,Private room in home,5,29.17,Medellin
1452979815094209571,6.2363,-75.5877,Entire home/apt,Entire rental unit,44,63.32,Medellin
1216987931325519495,6.2565,-75.6141,Private room,Private room in home,4,19.14,Medellin
879069502521972798,6.2515,-75.6084,Entire home/apt,Entire serviced apartment,24,28.64,Medellin
1469040169645034602,6.2615,-75.6053,Private room,Private room in rental unit,6,20.64,Medellin
1571125999785716565,6.23866,-75.59548,Entire home/apt,Entire rental unit,25,53.58,Medellin
809460560110780897,6.2494,-75.6133,Entire home/apt,Entire rental unit,110,31.65,Medellin
1335420407773809524,6.2488,-75.6115,Entire home/apt,Entire rental unit,47,29.74,Medellin
50691982,6.2458,-75.6025,Private room,Room in boutique hotel,104,27.97,Medellin
933608383548711156,6.2605,-75.6107,Entire home/apt,Entire condo,35,30.4,Medellin
1497476644265481163,6.2365,-75.5872,Entire home/apt,Entire rental unit,22,45.13,Medellin
999173897936760347,6.2347,-75.59111,Private room,Private room in guesthouse,111,28.31,Medellin
1120925774950282378,6.26095,-75.60211,Private room,Room in hotel,43,22.45,Medellin
937768187285088461,6.2343,-75.5873,Entire home/apt,Entire rental unit,37,48.74,Medellin
46028354,6.26118,-75.6049,Entire home/apt,Entire rental unit,127,29.4,Medellin
1411652983351777537,6.245979501981645,-75.60499538196389,Entire home/apt,Entire home,33,82.3,Medellin
1420625700690634493,6.240310188533536,-75.59723298382401,Entire home/apt,Entire loft,33,73.6,Medellin
1669205224933426967,6.2428,-75.5971,Entire home/apt,Entire rental unit,8,85.46,Medellin
1264502366941578770,6.2604,-75.6014,Private room,Private room in home,6,23.62,Medellin
950863196203369384,6.2343,-75.5871,Entire home/apt,Entire rental unit,23,39.44,Medellin
1705195873383540221,6.24,-75.5966,Entire home/apt,Entire rental unit,3,73.1,Medellin
1308184640020054358,6.2395,-75.5994,Entire home/apt,Entire rental unit,59,97.8,Medellin
1541449338948984336,6.2539,-75.6016,Entire home/apt,Entire rental unit,14,78.99,Medellin
1468444307720805671,6.248,-75.6008,Entire home/apt,Entire rental unit,14,71.65,Medellin
45220106,6.2426,-75.6021,Entire home/apt,Entire rental unit,98,34.79,Medellin
1329857702162880665,6.253481053052568,-75.59921341699142,Entire home/apt,Entire rental unit,84,44.22,Medellin
564432739506433873,6.25641,-75.59822,Entire home/apt,Entire loft,215,60.5,Medellin
1198767463945527479,6.2403,-75.5915,Entire home/apt,Entire rental unit,74,73.88,Medellin
1054385300843991865,6.2597,-75.5983,Entire home/apt,Entire loft,71,57.1,Medellin
1538022734792568933,6.2992388822516245,-75.64740201846888,Entire home/apt,Entire home,0,309.96,Medellin
48489188,6.20671,-75.55555,Entire home/apt,Entire rental unit,219,245.0,Medellin
1189816387804356207,6.2108,-75.5666,Entire home/apt,Entire serviced apartment,40,233.8,Medellin
1259560437690759843,6.2251,-75.5658,Entire home/apt,Entire condo,63,102.6,Medellin
1013954629257971141,6.1539,-75.5384,Entire home/apt,Entire rental unit,2,106.87,Medellin
1711986610985039983,6.2436,-75.5931,Entire home/apt,Entire loft,2,114.35,Medellin
1039794716816707830,6.2101,-75.4983,Private room,Room in hotel,0,368.05,Medellin
1376820328632152283,6.2401,-75.5967,Entire home/apt,Entire serviced apartment,64,262.14,Medellin
1142138149755842852,6.2525,-75.5863,Entire home/apt,Entire loft,119,105.61,Medellin
1431241438678916261,6.191228218235574,-75.56346898686212,Entire home/apt,Entire rental unit,34,100.74,Medellin
13249726,6.21495,-75.57314,Entire home/apt,Entire rental unit,21,358.45,Medellin
1633505578123467780,6.25345,-75.60143,Entire home/apt,Entire rental unit,10,73.75,Medellin
39116383,6.20776,-75.56775,Entire home/apt,Entire rental unit,2,255.2,Medellin
1091430088645912176,6.25135120830312,-75.56184759495049,Entire home/apt,Entire rental unit,28,109.66,Medellin
1525454775255134025,6.211,-75.5676,Entire home/apt,Entire rental unit,18,96.16,Medellin
1016740150279543167,6.2139,-75.5723,Entire home/apt,Entire home,47,260.58,Medellin
1621749118970836873,6.2472,-75.5868,Entire home/apt,Entire rental unit,9,103.7,Medellin
1361671285012790837,6.1801,-75.5647,Entire home/apt,Entire rental unit,20,315.46,Medellin
1233175503325410278,6.24666,-75.58415,Entire home/apt,Entire rental unit,66,103.61,Medellin
1116007787116042100,6.2525,-75.5864,Entire home/apt,Entire loft,180,99.41,Medellin
32301229,6.25643,-75.55579,Private room,Private room in home,34,18.41,Medellin
1100808505883322242,6.2492,-75.5899,Private room,Room in hotel,0,368.05,Medellin
608537199883275686,6.1709,-75.5868,Entire home/apt,Entire condo,102,105.0,Medellin
847000975125019817,6.16543,-75.58744,Entire home/apt,Entire home,2,359.36,Medellin
1685142157195075630,6.191,-75.56226,Entire home/apt,Entire rental unit,4,101.71,Medellin
1645113993812756206,6.26538,-75.55797,Entire home/apt,Entire rental unit,7,20.82,Medellin
1321224506237746217,6.21065,-75.56669,Entire home/apt,Entire rental unit,66,128.87,Medellin
1036538936230568021,6.22547,-75.60284,Private room,Room in boutique hotel,18,15.22,Medellin
1626265178388038845,6.28067,-75.5768,Private room,Private room in home,5,16.67,Medellin
1390037784226475017,6.2278,-75.5667,Entire home/apt,Entire rental unit,0,331.24,Medellin
1727918677187923617,6.2455,-75.593,Private room,Private room in guesthouse,0,20.4,Medellin
1489388753113957715,6.2323,-75.4671,Entire home/apt,Entire cabin,6,91.94,Medellin
1518385788388353600,6.2426,-75.5973,Entire home/apt,Entire rental unit,5,302.25,Medellin
1422077627574353964,6.2121,-75.5614,Entire home/apt,Entire home,8,266.76,Medellin
1476841606112794572,6.261129749961541,-75.55949992868052,Private room,Private room in home,25,18.41,Medellin
1202482254176465609,6.3433,-75.5666,Private room,Private room in home,20,21.62,Medellin
54185410,6.24666,-75.58459,Private room,Private room in home,33,36.58,Medellin
1476003812856101970,6.261329191484459,-75.56087265217808,Private room,Private room in home,16,18.41,Medellin
1560392593678792551,6.2468,-75.5892,Entire home/apt,Entire rental unit,20,108.65,Medellin
558169651695465116,6.2386,-75.596,Entire home/apt,Entire loft,137,96.0,Medellin
974691185234522843,6.2613,-75.55805,Entire home/apt,Entire rental unit,139,28.85,Medellin
41834353,6.2654,-75.56346,Private room,Private room in home,110,18.73,Medellin
1369141759992645288,6.2455,-75.5932,Entire home/apt,Entire rental unit,60,214.0,Medellin
1604042778360795696,6.2371,-75.5975,Entire home/apt,Entire home,16,252.88,Medellin
1375308682971176375,6.243182055082251,-75.56324389910144,Entire home/apt,Entire rental unit,25,39.49,Medellin
53709013,6.21237,-75.57161,Entire home/apt,Entire rental unit,5,293.6,Medellin
18409350,6.2444,-75.5539,Entire home/apt,Entire home,117,41.83,Medellin
941871388113170646,6.2621,-75.5583,Entire home/apt,Entire rental unit,128,30.97,Medellin
1379735448581727000,6.2795,-75.5756,Entire home/apt,Entire rental unit,14,30.18,Medellin
1329146453585994528,6.253278017390057,-75.59891083872411,Entire home/apt,Entire rental unit,66,45.76,Medellin
1698088443857634919,6.273375408420148,-75.59691135411254,Entire home/apt,Entire loft,0,32.25,Medellin
24378157,6.2399,-75.4813,Entire home/apt,Entire cabin,149,40.0,Medellin
1196661078757532966,6.2555,-75.5822,Entire home/apt,Entire loft,34,37.98,Medellin
1234136422690031989,6.3017,-75.5797,Entire home/apt,Entire home,33,34.5,Medellin
1520607420056777247,6.246332787621553,-75.55814050755383,Entire home/apt,Entire rental unit,11,32.68,Medellin
1400215217057605333,6.2063,-75.5638,Entire home/apt,Entire rental unit,46,269.41,Medellin
1361062612982340872,6.275061291176211,-75.58046094291343,Private room,Private room in guesthouse,6,58.97,Medellin
1610325620348692866,6.2534,-75.5656,Entire home/apt,Entire rental unit,9,33.65,Medellin
1595764216226939199,6.260653847644221,-75.56323035640972,Entire home/apt,Entire rental unit,17,43.2,Medellin
1726138496520400167,6.2517,-75.5897,Entire home/apt,Entire rental unit,0,56.94,Medellin
1538699047519038357,6.2382,-75.5849,Entire home/apt,Entire home,36,299.12,Medellin
965903156904252491,6.3138,-75.56284,Entire home/apt,Entire rental unit,61,65.11,Medellin
1692284119449447648,6.273,-75.5596,Entire home/apt,Entire home,4,36.2,Medellin
1006223464252621453,6.2475,-75.595,Entire home/apt,Entire rental unit,97,101.4,Medellin
1087650398998949180,6.2543,-75.5812,Entire home/apt,Entire serviced apartment,1,30.0,Medellin
40748511,6.20198,-75.49931,Private room,Private room in cottage,76,28.1,Medellin
1648665918182717059,6.2075,-75.5737,Entire home/apt,Entire rental unit,0,310.07,Medellin
1110900712400786759,6.1868,-75.5691,Entire home/apt,Entire rental unit,21,318.3,Medellin
19451625,6.2053,-75.4973,Entire home/apt,Entire cottage,171,34.21,Medellin
1389469067329625263,6.237326305645415,-75.58701296388635,Private room,Private room in rental unit,67,26.29,Medellin
1626303956146722855,6.28145,-75.57631,Private room,Private room in home,2,24.2,Medellin
39397741,6.25724,-75.55953,Entire home/apt,Entire rental unit,235,30.52,Medellin
1579138678127911694,6.2616,-75.5638,Entire home/apt,Entire rental unit,33,36.73,Medellin
1487768764011774036,6.2091,-75.5587,Entire home/apt,Entire rental unit,18,397.14,Medellin
1617650189629647725,6.25591,-75.5828,Entire home/apt,Entire loft,8,47.85,Medellin
1208012171291360130,6.21068,-75.44635,Entire home/apt,Entire cottage,4,410.29,Medellin
1622474045935209099,6.211,-75.5603,Entire home/apt,Entire rental unit,8,443.02,Medellin
971675606546877354,6.2063,-75.5548,Entire home/apt,Entire condo,79,258.48,Medellin
1397280281759217232,6.265680146798985,-75.56307577556095,Entire home/apt,Entire rental unit,18,30.84,Medellin
46097168,6.2058,-75.5551,Entire home/apt,Entire serviced apartment,248,153.0,Medellin
940539836215087985,6.2082,-75.5653,Private room,Room in boutique hotel,54,216.2,Medellin
1513050605832264575,6.26846,-75.55867,Private room,Private room in guesthouse,15,35.01,Medellin
1550384419439654666,6.349352435932547,-75.48704057383765,Entire home/apt,Entire home,11,305.25,Medellin
1660580692648475580,6.2463,-75.5888,Entire home/apt,Entire rental unit,5,179.93,Medellin
814385194683064969,6.2487,-75.5911,Entire home/apt,Entire serviced apartment,91,207.3,Medellin
1626251168921809905,6.262433870680041,-75.5646061980535,Entire home/apt,Entire rental unit,24,29.8,Medellin
31170378,6.24137,-75.43537,Entire home/apt,Entire villa,41,290.06,Medellin
1722031403007056543,6.2098,-75.5717,Entire home/apt,Entire rental unit,0,234.36,Medellin
39247004,6.212388730613717,-75.5585136638001,Entire home/apt,Entire rental unit,224,146.49,Medellin
1055974252323478913,6.2089,-75.5666,Entire home/apt,Entire rental unit,97,183.39,Medellin
26984884,6.20979,-75.55845,Entire home/apt,Entire rental unit,242,185.6,Medellin
1695148504633052913,6.1989,-75.5464,Entire home/apt,Entire home,0,185.12,Medellin
1012570690748982103,6.21423,-75.5695,Entire home/apt,Entire rental unit,50,105.41,Medellin
953901352731792545,6.1126,-75.50785,Entire home/apt,Entire villa,14,454.67,Medellin
1670390844015792905,6.2164,-75.5569,Entire home/apt,Entire rental unit,6,98.0,Medellin
760919963884137438,6.2756,-75.5589,Entire home/apt,Entire loft,106,23.96,Medellin
1446481676796270700,6.2081,-75.5681,Entire home/apt,Entire rental unit,38,187.4,Medellin
1505827483578830546,6.2092,-75.566,Entire home/apt,Entire rental unit,166,151.71,Medellin
52112985,6.2072,-75.5742,Entire home/apt,Entire home,199,177.0,Medellin
964651946382983909,6.2063,-75.5546,Entire home/apt,Entire rental unit,79,179.4,Medellin
1171984284142097171,6.24022,-75.59246,Entire home/apt,Entire rental unit,113,183.4,Medellin
1194229618665082641,6.212913219271083,-75.5616025568269,Entire home/apt,Entire rental unit,40,174.01,Medellin
1461820298701646784,6.2488,-75.5962,Entire home/apt,Entire rental unit,26,187.33,Medellin
1582977453029447876,6.26223,-75.5643,Entire home/apt,Entire rental unit,15,57.84,Medellin
47428956,6.27945,-75.56456,Entire home/apt,Entire rental unit,83,22.09,Medellin
1684220421368330857,6.19145,-75.56201,Entire home/apt,Entire rental unit,8,143.15,Medellin
53547652,6.2063,-75.5546,Entire home/apt,Entire rental unit,193,179.4,Medellin
646420717884062118,6.27091,-75.55433,Entire home/apt,Entire condo,67,43.4,Medellin
1495246981686932187,6.23804,-75.59064,Entire home/apt,Entire rental unit,7,184.23,Medellin
1708093885289940690,6.2169,-75.5615,Entire home/apt,Entire rental unit,1,219.33,Medellin
1141283069954592524,6.21081,-75.56576,Entire home/apt,Entire rental unit,26,193.2,Medellin
1719849228194999247,6.2092,-75.5657,Entire home/apt,Entire rental unit,0,185.2,Medellin
1480066891495057514,6.208,-75.6109,Entire home/apt,Entire home,36,178.73,Medellin
572543795935050368,6.2504,-75.5914,Entire home/apt,Entire serviced apartment,7,187.68,Medellin
1187818760627676010,6.2105,-75.5661,Entire home/apt,Entire rental unit,45,186.52,Medellin
1105223251881166825,6.2063,-75.5546,Entire home/apt,Entire rental unit,110,169.8,Medellin
696414965903979821,6.2063,-75.5188,Entire home/apt,Entire cabin,154,182.79,Medellin
1132141926574847158,6.2272,-75.4908,Entire home/apt,Entire cabin,26,228.76,Medellin
1495876028366666412,6.2077,-75.5738,Entire home/apt,Entire loft,38,217.6,Medellin
1550803915867865438,6.2257,-75.5616,Entire home/apt,Entire rental unit,35,180.55,Medellin
1588078465850864489,6.2107,-75.5678,Entire home/apt,Entire rental unit,13,148.37,Medellin
1194316634487493539,6.2135,-75.5627,Entire home/apt,Entire rental unit,65,198.86,Medellin
848413270904495583,6.20993,-75.56597,Entire home/apt,Entire rental unit,186,198.0,Medellin
1471990594698935604,6.2124,-75.5657,Entire home/apt,Entire rental unit,29,174.76,Medellin
1411311906721825870,6.2345,-75.5927,Entire home/apt,Entire rental unit,26,205.2,Medellin
52364512,6.209624213886917,-75.56595137290218,Entire home/apt,Entire serviced apartment,177,182.8,Medellin
1487190703096050042,6.17243,-75.58591,Entire home/apt,Entire rental unit,5,211.52,Medellin
1511178480226988278,6.210437994459063,-75.5715629976516,Entire home/apt,Entire rental unit,23,195.99,Medellin
26960605,6.20994,-75.56036,Entire home/apt,Entire rental unit,268,197.0,Medellin
1603243905922352095,6.24,-75.5967,Entire home/apt,Entire rental unit,12,98.29,Medellin
47308949,6.21633,-75.5717,Entire home/apt,Entire rental unit,59,181.48,Medellin
1724292190462690777,6.2481,-75.5961,Entire home/apt,Entire rental unit,1,112.26,Medellin
769596728574025273,6.2063,-75.5546,Entire home/apt,Entire rental unit,88,200.11,Medellin
1564708007376820191,6.2156,-75.5707,Entire home/apt,Entire rental unit,18,198.6,Medellin
1029001871773777744,6.2133,-75.5647,Entire home/apt,Entire condo,96,263.8,Medellin
1557633236473692565,6.2475,-75.5951,Entire home/apt,Entire rental unit,18,104.05,Medellin
1360294655125721145,6.2392,-75.5968,Entire home/apt,Entire loft,55,104.17,Medellin
1537793303806067182,6.213,-75.5591,Entire home/apt,Entire rental unit,33,205.8,Medellin
52517771,6.245,-75.6033,Entire home/apt,Entire rental unit,123,245.68,Medellin
998879573001073389,6.24633,-75.59715,Entire home/apt,Entire rental unit,74,175.14,Medellin
720217753237702991,6.2063,-75.5547,Entire home/apt,Entire condo,148,208.92,Medellin
1412608504029936705,6.2067,-75.5736,Entire home/apt,Entire rental unit,35,175.62,Medellin
42814315,6.24767,-75.59289,Entire home/apt,Entire serviced apartment,153,181.94,Medellin
888703857063511741,6.24864,-75.60212,Entire home/apt,Entire serviced apartment,34,110.41,Medellin
1664562226972225456,6.2575,-75.6033,Entire home/apt,Entire home,9,105.03,Medellin
1331873483028136103,6.2405,-75.588,Entire home/apt,Entire loft,8,205.8,Medellin
1188322581440977467,6.2105,-75.5661,Entire home/apt,Entire rental unit,50,187.27,Medellin
1485837581826604133,6.2553,-75.6148,Shared room,Shared room in home,1,15.36,Medellin
1486253812728544415,6.2112,-75.5591,Entire home/apt,Entire rental unit,17,196.2,Medellin
1520653482738699224,6.2095,-75.5663,Private room,Room in hotel,16,180.1,Medellin
1602279609018964933,6.207526966673858,-75.56463695772457,Entire home/apt,Entire rental unit,2,205.0,Medellin
1112312263230533426,6.2083,-75.5658,Entire home/apt,Entire rental unit,11,182.88,Medellin
1423392804207272070,6.211708171025403,-75.56485759012777,Entire home/apt,Entire rental unit,6,185.5,Medellin
1062615213272127916,6.2132,-75.5719,Entire home/apt,Entire rental unit,75,181.64,Medellin
39985640,6.2097,-75.5661,Entire home/apt,Entire serviced apartment,124,179.24,Medellin
1228928189646499400,6.2131,-75.5598,Entire home/apt,Entire rental unit,5,192.0,Medellin
990651976076112306,6.21043,-75.56568,Entire home/apt,Entire rental unit,64,187.85,Medellin
47584396,6.2092,-75.5658,Entire home/apt,Entire serviced apartment,233,193.6,Medellin
18868038,6.2112,-75.5593,Entire home/apt,Entire rental unit,193,233.33,Medellin
1673406952920604638,6.2101,-75.5657,Private room,Room in hotel,0,227.13,Medellin
902925880488527632,6.211,-75.5593,Entire home/apt,Entire rental unit,96,186.98,Medellin
1498021162397768286,6.2365,-75.5872,Entire home/apt,Entire rental unit,37,186.82,Medellin
1537695646998414706,6.2228715774417545,-75.57324213916283,Entire home/apt,Entire rental unit,1,183.28,Medellin
1679086600897291435,6.2119,-75.5707,Entire home/apt,Entire rental unit,0,231.77,Medellin
32962075,6.25367,-75.58362,Entire home/apt,Entire home,114,220.5,Medellin
1419665511490082599,6.187,-75.5691,Entire home/apt,Entire rental unit,3,236.95,Medellin
1694302958907176109,6.2559,-75.6189,Private room,Private room in home,1,15.04,Medellin
980788725727531168,6.20464,-75.56095,Entire home/apt,Entire rental unit,158,238.6,Medellin
1517380949372015766,6.245569415043499,-75.59722969735337,Entire home/apt,Entire rental unit,11,174.74,Medellin
1085097404340075783,6.2521,-75.5928,Entire home/apt,Entire home,76,196.55,Medellin
1368909866489191902,6.2119,-75.5596,Entire home/apt,Entire rental unit,77,207.2,Medellin
1310795363864618520,6.2488,-75.5962,Entire home/apt,Entire rental unit,34,188.2,Medellin
719450039076239273,6.17945,-75.44356,Entire home/apt,Entire cottage,104,266.95,Medellin
1541296230569535607,6.2524,-75.5942,Entire home/apt,Entire serviced apartment,23,72.8,Medellin
42715909,6.236733615718622,-75.58877242699178,Entire home/apt,Entire rental unit,18,90.78,Medellin
1567509138933301359,6.20469,-75.56244,Private room,Room in boutique hotel,0,424.64,Medellin
20550167,6.2113,-75.5592,Entire home/apt,Entire serviced apartment,376,140.6,Medellin
1583431174534393121,6.2158,-75.5707,Private room,Room in hotel,0,180.33,Medellin
1062580472210628816,6.2134,-75.5736,Entire home/apt,Entire rental unit,1,181.88,Medellin
1028962091331381166,6.20857,-75.56771,Entire home/apt,Entire rental unit,82,177.2,Medellin
910854738408156039,6.19821,-75.59175,Entire home/apt,Entire rental unit,34,185.62,Medellin
54166446,6.19633,-75.57822,Entire home/apt,Entire rental unit,176,130.8,Medellin
826033559214298719,6.1986,-75.5621,Private room,Private room,5,197.21,Medellin
46791339,6.21,-75.567,Entire home/apt,Entire serviced apartment,206,164.96,Medellin
1437829180032548726,6.21218,-75.56801,Entire home/apt,Entire loft,66,132.54,Medellin
1487025551851125063,6.2124,-75.5634,Private room,Room in hotel,0,227.04,Medellin
1394633613185095844,6.249178793587254,-75.60147956498095,Entire home/apt,Entire home,29,185.48,Medellin
1574933618447185429,6.189629247273083,-75.56147090763623,Entire home/apt,Entire rental unit,37,140.0,Medellin
1684967661143033648,6.21015,-75.56715,Private room,Room in hotel,0,245.69,Medellin
1587166258377601998,6.2134,-75.5734,Private room,Room in hotel,0,187.06,Medellin
1000756921365978872,6.24574,-75.59692,Entire home/apt,Entire rental unit,21,187.02,Medellin
921614594053258091,6.2047,-75.5641,Private room,Room in hotel,0,223.88,Medellin
735015696600762533,6.20525,-75.55413,Entire home/apt,Entire rental unit,193,162.8,Medellin
904639418287775786,6.2592,-75.5937,Entire home/apt,Entire home,67,178.48,Medellin
846307105899108594,6.213,-75.5609,Entire home/apt,Entire condo,154,146.0,Medellin
48707353,6.21247,-75.56034,Entire home/apt,Entire condo,188,135.35,Medellin
620402851184368048,6.2415,-75.5795,Private room,Room in boutique hotel,1,181.01,Medellin
1580552781840631207,6.24795,-75.60185,Entire home/apt,Entire rental unit,7,203.54,Medellin
962685443760831830,6.2339,-75.6068,Private room,Private room in rental unit,14,22.15,Medellin
1652220358878034115,6.261656201692996,-75.59283320758031,Entire home/apt,Entire condo,1,178.6,Medellin
1646554095543863425,6.2111,-75.5709,Private room,Room in boutique hotel,8,139.62,Medellin
50663063,6.2063,-75.5546,Entire home/apt,Entire rental unit,315,131.6,Medellin
1244468743715945412,6.2081,-75.5653,Private room,Private room in bed and breakfast,0,232.17,Medellin
1617611763480731893,6.2147,-75.5716,Private room,Room in hotel,3,184.63,Medellin
51499769,6.2002,-75.5755,Entire home/apt,Entire rental unit,23,186.79,Medellin
1007410186066117473,6.2542,-75.5971,Entire home/apt,Entire home,90,184.02,Medellin
1210436579057828422,6.2486,-75.5903,Entire home/apt,Entire rental unit,27,175.85,Medellin
1361925148504142412,6.2064,-75.5549,Entire home/apt,Entire condo,49,171.4,Medellin
40423422,6.24393,-75.5897,Entire home/apt,Entire rental unit,67,181.53,Medellin
1486262418989259172,6.19024542310486,-75.56281619621419,Entire home/apt,Entire rental unit,11,175.92,Medellin
39984437,6.20991,-75.56673,Entire home/apt,Entire serviced apartment,9,181.49,Medellin
1710280485662737374,6.1447,-75.6109,Entire home/apt,Entire rental unit,0,174.29,Medellin
1069538906024730458,6.24592,-75.59232,Private room,Room in hotel,0,224.35,Medellin
1084046783677266289,6.1799,-75.5397,Entire home/apt,Entire cabin,3,188.44,Medellin
960945591379780496,6.2003,-75.5757,Entire home/apt,Entire rental unit,10,177.2,Medellin
1699741086173622644,6.1905,-75.5627,Entire home/apt,Entire rental unit,6,140.6,Medellin
1029013748562601509,6.1822,-75.561,Entire home/apt,Entire chalet,10,174.29,Medellin
1439902872895080178,6.23920416941059,-75.59008632458047,Shared room,Shared room in hotel,0,231.31,Medellin
1695899537890842324,6.21273,-75.57172,Entire home/apt,Entire rental unit,0,199.89,Medellin
1560731868146772368,6.2371,-75.5855,Entire home/apt,Entire serviced apartment,5,189.91,Medellin
960980411503170198,6.2521,-75.5867,Entire home/apt,Entire rental unit,0,218.04,Medellin
1399170883123280301,6.26039774661831,-75.5915339729046,Entire home/apt,Entire home,2,186.82,Medellin
1102310962717478665,6.2464,-75.5917,Entire home/apt,Entire rental unit,0,233.49,Medellin
1604414152081550807,6.24273,-75.58232,Entire home/apt,Entire rental unit,0,185.49,Medellin
1492355070013125437,6.23685,-75.59055,Entire home/apt,Entire serviced apartment,0,184.23,Medellin
1009544071246376752,6.2509,-75.5878,Private room,Room in hotel,2,186.13,Medellin
1086197461685040211,6.21388,-75.56066,Entire home/apt,Entire rental unit,0,164.29,Medellin
1005810748689470595,6.2456,-75.5906,Private room,Room in hotel,0,231.31,Medellin
831945137801256605,6.20381,-75.56479,Private room,Private room in rental unit,0,182.0,Medellin
49370265,6.21087,-75.56983,Entire home/apt,Entire rental unit,12,178.4,Medellin
1649573014580360930,6.2020658391566865,-75.60176790397193,Entire home/apt,Entire serviced apartment,1,185.35,Medellin
1069546912952865113,6.24558,-75.59099,Private room,Room in hotel,0,224.35,Medellin
1633617505890522967,6.1456,-75.6151,Entire home/apt,Entire rental unit,0,174.29,Medellin
1074861170294235237,6.2362,-75.5901,Entire home/apt,Entire home,0,217.93,Medellin
1624689986374873549,6.212562584803269,-75.57315676829177,Entire home/apt,Entire rental unit,0,183.0,Medellin
1005161102429043269,6.2464,-75.5913,Private room,Room in hotel,0,224.35,Medellin
1193682740154321057,6.2605,-75.591,Entire home/apt,Entire rental unit,0,208.68,Medellin
1603333601648719181,6.1716,-75.6057,Entire home/apt,Entire rental unit,0,219.21,Medellin
1527167843867217108,6.15187,-75.61533,Private room,Room in hotel,0,185.41,Medellin
1296605417822065379,6.2051,-75.606,Entire home/apt,Entire serviced apartment,3,189.91,Medellin
17934702,6.19884,-75.56702,Entire home/apt,Entire rental unit,25,183.2,Medellin
1555236985386857176,6.17613,-75.58241,Private room,Room in hotel,0,179.23,Medellin
897105610409339447,6.2213,-75.5823,Entire home/apt,Entire home,1,184.02,Medellin
1092996701059132125,6.236520407485123,-75.60097118554468,Private room,Private room in home,3,186.96,Medellin
1045499619593519296,6.20238,-75.56896,Entire home/apt,Entire rental unit,0,180.34,Medellin
1222132613748303394,6.24323,-75.58451,Private room,Room in hotel,1,184.02,Medellin
40232830,6.24411,-75.58822,Entire home/apt,Entire rental unit,34,181.19,Medellin
1285080876442868178,6.19644154543812,-75.57671098924332,Entire home/apt,Entire rental unit,0,180.31,Medellin
1101819810269746209,6.25134,-75.58901,Entire home/apt,Entire rental unit,4,184.75,Medellin
42000565,6.24964,-75.59122,Entire home/apt,Entire rental unit,94,183.82,Medellin
821054782365204643,6.2455,-75.5971,Private room,Room in hotel,1,180.73,Medellin
958976054712738147,6.20682,-75.56458,Entire home/apt,Entire rental unit,0,184.02,Medellin
933382678188781378,6.2095,-75.5695,Private room,Room in hotel,0,179.55,Medellin
1269553376151221899,6.2543,-75.5973,Private room,Room in hotel,3,184.89,Medellin
999519200606325760,6.25302,-75.58764,Entire home/apt,Entire rental unit,0,224.19,Medellin
1229828245941926507,6.2082,-75.5679,Entire home/apt,Entire rental unit,0,175.55,Medellin
1117384196651840086,6.2419,-75.5792,Entire home/apt,Entire rental unit,57,185.46,Medellin
620404168249337509,6.2415,-75.5795,Private room,Room in boutique hotel,3,181.01,Medellin
1639249075030977678,6.24489,-75.55965,Entire home/apt,Entire rental unit,8,39.6,Medellin
1515988081071314310,6.247951995544119,-75.55784327809745,Entire home/apt,Entire rental unit,3,174.32,Medellin
770218864764296309,6.21027,-75.57054,Entire home/apt,Entire rental unit,0,175.62,Medellin
839060807493320453,6.2108,-75.5682,Entire home/apt,Entire rental unit,134,265.6,Medellin
1110194584007680397,6.2078,-75.557,Entire home/apt,Entire rental unit,0,180.34,Medellin
45256779,6.24676,-75.59604,Entire home/apt,Entire rental unit,16,191.38,Medellin
1101675690514519413,6.24193,-75.59667,Entire home/apt,Entire rental unit,96,183.44,Medellin
1301781617908966759,6.25045,-75.59804,Entire home/apt,Entire loft,4,184.02,Medellin
729611607582787540,6.18625,-75.56979,Entire home/apt,Entire rental unit,9,319.43,Medellin
52246354,6.22475,-75.49244,Entire home/apt,Entire cottage,0,187.1,Medellin
1352098782526409301,6.2461151606753615,-75.58556345957393,Private room,Room in hotel,0,184.02,Medellin
1654435940279239452,6.177551930622522,-75.55170279928312,Entire home/apt,Entire cabin,4,182.2,Medellin
1467393532084191580,6.2418,-75.5802,Entire home/apt,Entire home,38,180.68,Medellin
1240108818412167231,6.214,-75.5997,Entire home/apt,Entire rental unit,5,178.0,Medellin
1541329811266350285,6.2021,-75.5619,Entire home/apt,Entire rental unit,25,183.25,Medellin
1630021210518001377,6.2604,-75.5934,Entire home/apt,Entire home,12,193.46,Medellin
1526259409238575912,6.2389,-75.586,Private room,Room in hotel,0,177.32,Medellin
741380719336932487,6.20644,-75.55495,Entire home/apt,Entire condo,121,177.0,Medellin
1666015721866765052,6.2519,-75.5872,Entire home/apt,Entire rental unit,0,229.63,Medellin
24044200,6.19755,-75.56608,Entire home/apt,Entire serviced apartment,36,205.19,Medellin
860082437995990798,6.2407,-75.564,Entire home/apt,Entire rental unit,69,178.5,Medellin
40256028,6.24507,-75.58826,Entire home/apt,Entire rental unit,38,175.99,Medellin
1715625494167251764,6.2163,-75.5571,Entire home/apt,Entire condo,0,175.0,Medellin
1447282360219004485,6.2331,-75.602,Private room,Room in hotel,0,183.5,Medellin
760421066433202912,6.2201,-75.5684,Entire home/apt,Entire condo,3,187.33,Medellin
1003031902817877862,6.2435,-75.56,Entire home/apt,Entire rental unit,63,68.2,Medellin
1546364236615064848,6.19142,-75.56087,Entire home/apt,Entire rental unit,0,186.4,Medellin
1643115977238787844,6.14593,-75.60904,Entire home/apt,Entire rental unit,1,180.34,Medellin
1071256049224498530,6.2499,-75.5875,Entire home/apt,Entire rental unit,31,184.39,Medellin
1031249706527907944,6.22243,-75.57292,Entire home/apt,Entire rental unit,15,186.7,Medellin
669507080480499320,6.1966,-75.5779,Entire home/apt,Entire condo,105,178.0,Medellin
6247223,6.2062,-75.5654,Entire home/apt,Entire serviced apartment,93,178.0,Medellin
1446625665961357095,6.2119,-75.5707,Entire home/apt,Entire rental unit,3,231.77,Medellin
1043685479276565013,6.2003,-75.5758,Entire home/apt,Entire rental unit,61,194.8,Medellin
1008994838244451782,6.24652,-75.59689,Entire home/apt,Entire rental unit,35,175.14,Medellin
1518976158717664550,6.245964364032836,-75.59520572316251,Entire home/apt,Entire rental unit,7,174.02,Medellin
1223229974278923736,6.24367,-75.59623,Entire home/apt,Entire rental unit,72,176.26,Medellin
1189364308342298975,6.2248,-75.56983,Entire home/apt,Entire rental unit,24,174.3,Medellin
1669078765923738242,6.26421,-75.54562,Entire home/apt,Entire rental unit,0,232.17,Medellin
979135072768212037,6.2235,-75.6034,Entire home/apt,Entire home,79,189.18,Medellin
1604705139420145950,6.24,-75.5801,Entire home/apt,Entire rental unit,11,178.87,Medellin
1129226099451629822,6.2446,-75.602,Entire home/apt,Entire rental unit,17,189.55,Medellin
1684832475967195699,6.2105,-75.5721,Entire home/apt,Entire rental unit,1,138.93,Medellin
1143701477856870090,6.2454,-75.5892,Private room,Private room in home,2,14.52,Medellin
1414621390152763917,6.20962,-75.56973,Entire home/apt,Entire rental unit,46,184.0,Medellin
1280418586292915654,6.2057,-75.5645,Entire home/apt,Entire rental unit,77,237.8,Medellin
42642114,6.24794,-75.5926,Entire home/apt,Entire serviced apartment,147,186.16,Medellin
1612371870774155185,6.152009141687776,-75.63158546450694,Entire home/apt,Entire rental unit,0,220.63,Medellin
1566234327972547542,6.2584,-75.5983,Shared room,Shared room in home,2,13.84,Medellin
1010413123794509332,6.25026,-75.58779,Private room,Private room in guesthouse,0,18.4,Medellin
976984507888984196,6.2154,-75.5125,Entire home/apt,Entire cottage,1,188.08,Medellin
1194940471264409324,6.1737,-75.5865,Entire home/apt,Entire serviced apartment,21,187.58,Medellin
1579717437925919538,6.1899,-75.565,Entire home/apt,Entire rental unit,11,205.76,Medellin
1566214589344188978,6.2584,-75.5983,Private room,Private room in home,0,13.62,Medellin
1250744346791027063,6.24,-75.5956,Entire home/apt,Entire rental unit,98,90.0,Medellin
1516924222378450522,6.213,-75.5591,Entire home/apt,Entire serviced apartment,25,180.52,Medellin
18755033,6.20201,-75.56773,Entire home/apt,Entire serviced apartment,57,203.15,Medellin
1650011748763979366,6.2119,-75.5659,Private room,Private room in rental unit,3,84.3,Medellin
1546458579619355732,6.23849,-75.60085,Entire home/apt,Entire rental unit,17,180.47,Medellin
1246404931282239672,6.2432,-75.5571,Entire home/apt,Entire rental unit,64,84.66,Medellin
1544899331037810153,6.2487,-75.5621,Shared room,Shared room in casa particular,4,9.39,Medellin
32938125,6.2526,-75.5876,Entire home/apt,Entire rental unit,143,182.05,Medellin
1558779216236231514,6.21269,-75.57133,Entire home/apt,Entire rental unit,15,117.77,Medellin
1725097924214430171,6.2436,-75.5931,Entire home/apt,Entire rental unit,1,80.55,Medellin
1200733808716778046,6.2155,-75.5708,Entire home/apt,Entire condo,72,191.6,Medellin
50433864,6.22896,-75.48782,Entire home/apt,Entire cabin,90,86.09,Medellin
1120341884598187524,6.2164,-75.5032,Entire home/apt,Dome,54,81.71,Medellin
1443028427866036186,6.1742,-75.5914,Entire home/apt,Entire rental unit,16,184.76,Medellin
1472151198865833453,6.20804,-75.57387,Entire home/apt,Entire rental unit,10,184.99,Medellin
1490757928860370701,6.2371,-75.5902,Entire home/apt,Entire rental unit,3,184.23,Medellin
42438434,6.24833,-75.59424,Entire home/apt,Entire serviced apartment,192,175.62,Medellin
19709627,6.20304,-75.5593,Entire home/apt,Entire home,148,328.8,Medellin
954662772617266174,6.2107,-75.5693,Entire home/apt,Entire rental unit,158,107.0,Medellin
53568695,6.19707,-75.57728,Entire home/apt,Entire condo,125,107.8,Medellin
15680377,6.2458,-75.5913,Entire home/apt,Entire home,179,300.6,Medellin
1121102763737335957,6.2524,-75.5864,Entire home/apt,Entire loft,189,91.76,Medellin
1680876830390569675,6.2087,-75.5865,Entire home/apt,Entire rental unit,3,106.39,Medellin
1268933136854939578,6.2418,-75.5963,Entire home/apt,Entire rental unit,36,237.75,Medellin
912543488636982182,6.2105,-75.5724,Entire home/apt,Entire rental unit,66,113.4,Medellin
962661193211911466,6.2143,-75.5732,Entire home/apt,Entire rental unit,231,101.2,Medellin
1714954990090400260,6.193,-75.5715,Entire home/apt,Entire rental unit,2,108.58,Medellin
760188153048642850,6.24865,-75.58853,Entire home/apt,Entire rental unit,81,220.8,Medellin
594941022732437611,6.2018,-75.5691,Entire home/apt,Entire loft,288,109.42,Medellin
46683475,6.2441,-75.5623,Entire home/apt,Entire serviced apartment,103,33.98,Medellin
48334986,6.2393,-75.58908,Entire home/apt,Entire serviced apartment,228,102.68,Medellin
1678277059971633051,6.2422,-75.5627,Private room,Room in hotel,1,12.67,Medellin
1624015128551544955,6.2129,-75.5608,Entire home/apt,Entire rental unit,12,100.0,Medellin
1617650340886306779,6.1504,-75.5623,Entire home/apt,Entire rental unit,8,87.66,Medellin
1655092240655581655,6.2153068302320955,-75.55818860386992,Entire home/apt,Entire rental unit,4,91.65,Medellin
1227811543393661531,6.2003,-75.5755,Entire home/apt,Entire rental unit,33,108.47,Medellin
1650024578480733006,6.2404,-75.5614,Private room,Private room in rental unit,1,26.78,Medellin
1163168702368918539,6.2432,-75.5558,Entire home/apt,Entire rental unit,48,31.18,Medellin
973364123310765951,6.241,-75.5844,Entire home/apt,Entire loft,138,90.62,Medellin
1574831526261386091,6.1827,-75.5812,Entire home/apt,Entire rental unit,30,106.54,Medellin
12113318,6.21217,-75.56136,Entire home/apt,Entire rental unit,205,130.0,Medellin
1303154119232562434,6.2139,-75.5732,Entire home/apt,Entire rental unit,45,102.1,Medellin
1264632068929265917,6.2487,-75.6004,Entire home/apt,Entire rental unit,8,237.02,Medellin
1487094073762069885,6.2401,-75.5967,Entire home/apt,Entire rental unit,46,92.02,Medellin
909410806455954929,6.20703,-75.55945,Entire home/apt,Entire rental unit,117,120.8,Medellin
50177827,6.21201,-75.57256,Entire home/apt,Entire rental unit,352,89.0,Medellin
52517765,6.24532,-75.60282,Entire home/apt,Entire rental unit,125,460.66,Medellin
1340699403495701009,6.2427,-75.6015,Entire home/apt,Entire home,59,243.34,Medellin
1466850231225316295,6.248,-75.561,Private room,Room in hotel,11,30.47,Medellin
1617058473003596509,6.1967,-75.578,Entire home/apt,Entire rental unit,18,92.13,Medellin
1338027050893421372,6.240991983988929,-75.59585193566002,Entire home/apt,Entire rental unit,66,102.19,Medellin
1620505619630004045,6.253488421204325,-75.59631635368724,Entire home/apt,Entire rental unit,7,247.33,Medellin
31680073,6.24189,-75.61324,Private room,Private room in rental unit,1,17.8,Medellin
1612577480774168339,6.163,-75.5742,Entire home/apt,Entire rental unit,12,108.6,Medellin
1725504680141845601,6.2392,-75.5794,Entire home/apt,Entire rental unit,1,110.48,Medellin
5227613,6.21415,-75.56191,Entire home/apt,Entire rental unit,277,93.22,Medellin
1476523218838468029,6.24722,-75.58292,Entire home/apt,Entire rental unit,33,92.9,Medellin
663763542954215832,6.2568,-75.5962,Entire home/apt,Entire serviced apartment,136,240.7,Medellin
997038523478381009,6.2428,-75.5623,Entire home/apt,Entire rental unit,61,30.0,Medellin
1683718279045103909,6.25029,-75.58702,Entire home/apt,Entire rental unit,11,88.59,Medellin
1477483512751687953,6.1184,-75.5846,Entire home/apt,Tiny home,48,108.21,Medellin
1435505757392800253,6.2215,-75.5697,Entire home/apt,Entire rental unit,42,88.8,Medellin
1463370055256764265,6.2401,-75.5967,Entire home/apt,Entire rental unit,53,90.91,Medellin
1137053560020782569,6.2075,-75.5736,Entire home/apt,Entire rental unit,15,91.48,Medellin
1006015826968547586,6.20175,-75.55662,Entire home/apt,Entire home,47,228.15,Medellin
1727026866995790997,6.2147,-75.5709,Private room,Room in hotel,0,306.69,Medellin
1585735376739584099,6.1906,-75.562,Entire home/apt,Room in aparthotel,11,114.1,Medellin
1203744030705136012,6.20633,-75.56627,Entire home/apt,Entire rental unit,84,229.48,Medellin
1063693065604658894,6.232827287217459,-75.5680323606534,Entire home/apt,Entire rental unit,8,227.14,Medellin
1669111149091405298,6.2632432972205505,-75.54639738303541,Entire home/apt,Entire rental unit,0,287.45,Medellin
710665241897169550,6.21018,-75.56355,Entire home/apt,Entire vacation home,20,247.8,Medellin
1674987078643043059,6.2101,-75.5657,Private room,Room in hotel,0,312.3,Medellin
1408033209479956811,6.1887,-75.576,Entire home/apt,Entire rental unit,11,221.11,Medellin
1466658112031901594,6.2068,-75.564,Entire home/apt,Entire rental unit,31,244.8,Medellin
1173110208455020247,6.2,-75.5707,Entire home/apt,Entire rental unit,11,227.14,Medellin
1033235008769458107,6.2093,-75.5733,Entire home/apt,Entire rental unit,54,261.95,Medellin
1674972661496332600,6.2101,-75.5657,Private room,Room in hotel,0,312.3,Medellin
1471017885555079205,6.2109,-75.5677,Entire home/apt,Entire rental unit,8,228.04,Medellin
1034761801808222905,6.2104,-75.5687,Private room,Room in hotel,22,311.4,Medellin
1518728498581399460,6.1906,-75.562,Entire home/apt,Entire rental unit,27,235.5,Medellin
942667996989047036,6.2118,-75.573,Entire home/apt,Entire rental unit,38,234.0,Medellin
1016842110226805851,6.2153,-75.5708,Entire home/apt,Entire condo,109,246.8,Medellin
828948814159934986,6.211,-75.5647,Entire home/apt,Entire rental unit,31,238.0,Medellin
1032081999989542410,6.2386,-75.5874,Entire home/apt,Entire home,26,233.62,Medellin
27263833,6.2421,-75.59583,Entire home/apt,Entire rental unit,52,224.6,Medellin
861538870384861362,6.2449,-75.5888,Private room,Room in boutique hotel,4,174.21,Medellin
1508149204783588940,6.2075,-75.5737,Entire home/apt,Entire rental unit,22,96.4,Medellin
1620344807689289602,6.24,-75.5913,Entire home/apt,Entire rental unit,12,90.8,Medellin
1022102638244663106,6.25011,-75.59623,Entire home/apt,Entire rental unit,1,176.28,Medellin
1318804806820250029,6.2587,-75.4938,Entire home/apt,Farm stay,1,294.28,Medellin
777739042064085953,6.17828,-75.59695,Entire home/apt,Entire home,181,106.66,Medellin
1196897475995150786,6.2066,-75.5639,Entire home/apt,Entire rental unit,12,227.2,Medellin
1605409408716330254,6.24904,-75.59407,Private room,Private room in guesthouse,1,189.18,Medellin
1314896008158755014,6.2566,-75.5972,Entire home/apt,Entire rental unit,3,249.64,Medellin
51445410,6.20293,-75.5627,Entire home/apt,Entire rental unit,187,232.27,Medellin
1679074268881179920,6.213007554908196,-75.57090915558472,Entire home/apt,Entire rental unit,0,278.12,Medellin
1192984873319469569,6.20902,-75.56713,Entire home/apt,Entire rental unit,88,248.8,Medellin
1180627699508821511,6.20932,-75.56687,Entire home/apt,Entire rental unit,14,241.6,Medellin
1679019063498428838,6.2119,-75.5707,Entire home/apt,Entire rental unit,0,278.12,Medellin
1487050069686103957,6.2155,-75.5707,Entire home/apt,Entire rental unit,5,228.47,Medellin
1655208206562145735,6.2436,-75.5597,Entire home/apt,Entire rental unit,5,93.38,Medellin
1121905364837599027,6.2027,-75.5675,Entire home/apt,Entire rental unit,37,367.66,Medellin
53231869,6.24254,-75.59537,Entire home/apt,Entire rental unit,78,275.8,Medellin
1033234019547486146,6.2093,-75.5733,Entire home/apt,Entire rental unit,75,255.75,Medellin
1606989368109608882,6.340889006588969,-75.50959892712824,Entire home/apt,Entire home,0,441.51,Medellin
828997952423174521,6.33977,-75.59415,Entire home/apt,Dome,16,132.05,Medellin
1619742388643037975,6.24268,-75.57953,Entire home/apt,Entire rental unit,17,125.8,Medellin
1112310008186510006,6.23749,-75.56906,Private room,Private room in home,34,17.52,Medellin
1719942480782594790,6.1692,-75.5898,Private room,Private room in guesthouse,1,22.94,Medellin
1476994011396376483,6.3235,-75.5612,Entire home/apt,Entire rental unit,11,143.23,Medellin
805232379788948689,6.24627,-75.58562,Private room,Private room in home,49,38.3,Medellin
1650759340825014270,6.2404,-75.5613,Private room,Private room in rental unit,3,17.22,Medellin
1524141904466921023,6.23656,-75.58496,Private room,Private room in bed and breakfast,386,18.21,Medellin
1634310814782034305,6.2245,-75.562,Entire home/apt,Entire rental unit,17,234.29,Medellin
1244347510616547460,6.2370178862795544,-75.58466936019805,Private room,Room in hotel,215,18.46,Medellin
1032753365978142305,6.2423,-75.5624,Private room,Private room in home,94,18.43,Medellin
25935247,6.20329,-75.5648,Entire home/apt,Entire rental unit,63,134.2,Medellin
1104501860657825132,6.24271,-75.57996,Entire home/apt,Entire rental unit,44,139.4,Medellin
1699444267691107680,6.2117,-75.5584,Entire home/apt,Entire rental unit,2,139.48,Medellin
1513453792861634458,6.2435,-75.5948,Entire home/apt,Entire home,26,136.28,Medellin
1298538770339031507,6.3084414229060695,-75.62566971649548,Entire home/apt,Entire home,58,124.68,Medellin
1705792018395617047,6.190981495579623,-75.5619585475741,Entire home/apt,Entire rental unit,2,146.91,Medellin
1557618742431523474,6.24811,-75.59404,Entire home/apt,Entire rental unit,32,167.13,Medellin
883265857771905564,6.17972,-75.58552,Entire home/apt,Entire home,59,157.0,Medellin
1213828098937407873,6.2481,-75.4394,Entire home/apt,Entire cabin,5,255.6,Medellin
1166878241928334905,6.38745,-75.42646,Entire home/apt,Entire cabin,230,83.77,Medellin
1451003228182125799,6.3556133079237584,-75.50729912734967,Private room,Room in hotel,2,111.79,Medellin
1660992086481653630,6.225567642113178,-75.47739804378236,Entire home/apt,Entire cabin,7,96.6,Medellin
997926310528143145,6.368153797190235,-75.47324096698216,Entire home/apt,Entire villa,19,263.74,Medellin
49731798,6.2561,-75.4459,Entire home/apt,Entire chalet,73,144.03,Medellin
1518079753256583242,6.246012339970228,-75.59730524256751,Entire home/apt,Entire rental unit,9,146.48,Medellin
1078566540970919267,6.3874,-75.4961,Entire home/apt,Entire villa,12,280.26,Medellin
1258599477582586928,6.2449,-75.5833,Entire home/apt,Entire condo,85,112.63,Medellin
1232470432244401734,6.2463,-75.58538,Entire home/apt,Entire rental unit,70,140.2,Medellin
1321301047704821613,6.20565,-75.56304,Entire home/apt,Entire rental unit,6,155.2,Medellin
553642029978804070,6.21384,-75.56383,Entire home/apt,Entire rental unit,140,154.77,Medellin
1255804917419387374,6.248,-75.584,Entire home/apt,Entire rental unit,65,152.45,Medellin
1369080640699457998,6.29275,-75.45406,Entire home/apt,Entire cabin,28,91.93,Medellin
1411043498718961199,6.2345,-75.5927,Entire home/apt,Entire rental unit,37,150.0,Medellin
1527965180992898197,6.2443407668354025,-75.59719447585675,Entire home/apt,Entire rental unit,22,180.22,Medellin
1574124137334743247,6.2053,-75.5642,Entire home/apt,Entire rental unit,21,151.0,Medellin
1733674611030854272,6.2418,-75.5594,Private room,Private room in rental unit,0,20.12,Medellin
1509726854014928234,6.17717887977464,-75.45371770541288,Entire home/apt,Entire place,52,80.46,Medellin
1684136119750314621,6.21006,-75.56999,Entire home/apt,Entire rental unit,3,152.02,Medellin
1419619514208735280,6.187,-75.5691,Entire home/apt,Entire rental unit,0,220.73,Medellin
1387017552643570958,6.2468,-75.5892,Entire home/apt,Entire rental unit,31,151.2,Medellin
922440015989791130,6.3636,-75.5142,Entire home/apt,Tiny home,0,317.6,Medellin
987602594527136788,6.2083,-75.5658,Entire home/apt,Entire rental unit,51,185.4,Medellin
39943669,6.20826,-75.56634,Entire home/apt,Room in aparthotel,163,190.95,Medellin
1671135678576710292,6.2571,-75.5922,Private room,Room in hotel,0,357.54,Medellin
1264499965433272099,6.2063,-75.5546,Entire home/apt,Entire rental unit,67,164.6,Medellin
1674322769871561166,6.2494,-75.6062,Entire home/apt,Entire rental unit,8,148.69,Medellin
1621881841149502532,6.2473,-75.5868,Entire home/apt,Entire rental unit,11,147.16,Medellin
1591544347816252580,6.260729496423684,-75.56290616096732,Entire home/apt,Entire rental unit,31,28.52,Medellin
1358789655211586156,6.2153,-75.5708,Entire home/apt,Entire condo,58,143.83,Medellin
1686303384374427654,6.2411,-75.5819,Entire home/apt,Entire rental unit,9,160.6,Medellin
1473910279715171739,6.20661,-75.57437,Entire home/apt,Entire rental unit,28,142.6,Medellin
1649393183741118042,6.24,-75.5967,Entire home/apt,Entire rental unit,6,144.25,Medellin
29964482,6.2053,-75.564,Entire home/apt,Entire rental unit,104,156.02,Medellin
1693843589672835425,6.2961,-75.4555,Entire home/apt,Entire cabin,2,148.69,Medellin
1657582538485897597,6.2428,-75.586,Entire home/apt,Entire rental unit,5,58.64,Medellin
23063676,6.25564,-75.55993,Private room,Private room in rental unit,251,18.97,Medellin
1010373752362266364,6.25376,-75.59085,Entire home/apt,Entire serviced apartment,46,52.77,Medellin
1613877472902139664,6.2529,-75.5925,Entire home/apt,Entire rental unit,37,56.29,Medellin
1690481250035517480,6.2256,-75.5616,Entire home/apt,Entire rental unit,4,150.72,Medellin
1044254100268292236,6.2482,-75.4367,Entire home/apt,Entire rental unit,242,52.21,Medellin
1157527417744370634,6.2875,-75.4611,Entire home/apt,Entire cabin,9,88.65,Medellin
915511428709887912,6.275,-75.4489,Entire home/apt,Dome,18,147.96,Medellin
1451408094603288675,6.21355,-75.5604,Entire home/apt,Entire rental unit,31,148.89,Medellin
1654486886449432737,6.23336,-75.60349,Entire home/apt,Entire rental unit,6,52.21,Medellin
1203030932658689443,6.245,-75.5941,Entire home/apt,Entire serviced apartment,52,146.73,Medellin
1320945627108249949,6.24299,-75.55648,Entire home/apt,Entire rental unit,20,44.49,Medellin
1487900126712169342,6.24096,-75.5994,Entire home/apt,Entire rental unit,41,143.56,Medellin
1269684402958206522,6.2063,-75.5546,Entire home/apt,Entire rental unit,33,146.82,Medellin
1119755990527923663,6.2358,-75.5978,Entire home/apt,Entire home,70,153.8,Medellin
1550804630998124139,6.250956850063735,-75.51581662717595,Entire home/apt,Entire cabin,10,53.53,Medellin
1691285394183812453,6.24391,-75.55899,Entire home/apt,Entire rental unit,2,44.24,Medellin
727565878694173956,6.187,-75.5691,Entire home/apt,Entire rental unit,5,366.48,Medellin
1598607202869576728,6.2494,-75.5996,Entire home/apt,Entire rental unit,14,149.69,Medellin
1415285149192232550,6.214376995815703,-75.56905735549603,Entire home/apt,Entire rental unit,42,146.23,Medellin
909547840144070250,6.2565243038343175,-75.59249162753011,Entire home/apt,Entire rental unit,52,145.6,Medellin
744377124098247665,6.21019,-75.55956,Entire home/apt,Entire serviced apartment,140,142.0,Medellin
1416201847863343139,6.19946,-75.56634,Entire home/apt,Entire rental unit,19,159.76,Medellin
1227611444715627286,6.2462,-75.58739,Private room,Private room in serviced apartment,43,22.11,Medellin
1533622246956615116,6.242742118598871,-75.50869309433367,Entire home/apt,Entire cabin,23,78.03,Medellin
1495940351428943312,6.2482,-75.5921,Private room,Private room in home,8,25.27,Medellin
1604059978458079634,6.2073,-75.5737,Entire home/apt,Entire condo,20,234.9,Medellin
1666027983068535837,6.2878,-75.5571,Entire home/apt,Entire rental unit,2,94.96,Medellin
1645032697478763235,6.2484485407859625,-75.59138998471445,Private room,Room in hotel,45,17.31,Medellin
1734226534585860390,6.2992,-75.501,Entire home/apt,Entire cabin,0,137.67,Medellin
995849043924545787,6.260315585451735,-75.56122861722933,Private room,Private room in home,24,21.5,Medellin
1568084107205851559,6.2439,-75.5882,Private room,Room in hotel,17,22.86,Medellin
1225299348476805992,6.2612,-75.571,Private room,Private room in rental unit,8,19.96,Medellin
1065856742640520332,6.2089,-75.5652,Entire home/apt,Entire rental unit,105,239.05,Medellin
1355872670164332609,6.2062,-75.5637,Entire home/apt,Entire rental unit,33,241.4,Medellin
710721677615568701,6.21203,-75.56572,Entire home/apt,Entire vacation home,51,224.6,Medellin
1606828039368847140,6.24,-75.5802,Entire home/apt,Entire rental unit,17,57.58,Medellin
1238502288007138840,6.203034105447726,-75.56133557272584,Entire home/apt,Entire rental unit,0,296.07,Medellin
1719828567778137869,6.207,-75.565,Entire home/apt,Entire home,0,274.8,Medellin
1629283190231703817,6.20453,-75.55806,Entire home/apt,Entire rental unit,13,57.75,Medellin
1223360355331022866,6.2063,-75.5546,Entire home/apt,Entire rental unit,61,223.45,Medellin
1472727339467832989,6.233343442106348,-75.56895830248637,Entire home/apt,Entire rental unit,7,59.92,Medellin
1567829171964749967,6.2170334287139735,-75.5578537823241,Entire home/apt,Entire rental unit,6,92.96,Medellin
53639212,6.1312,-75.63553,Entire home/apt,Entire condo,46,277.62,Medellin
1272613822446238419,6.2473,-75.5892,Entire home/apt,Entire loft,252,51.28,Medellin
842962962959692502,6.2133,-75.5647,Entire home/apt,Entire rental unit,102,161.94,Medellin
1700809422434077850,6.19139,-75.56233,Entire home/apt,Entire rental unit,7,164.5,Medellin
971629784939908909,6.2107,-75.5648,Entire home/apt,Entire rental unit,153,163.49,Medellin
1116009244036053022,6.2057,-75.516,Entire home/apt,Entire cottage,20,164.52,Medellin
53609065,6.2468,-75.5552,Entire home/apt,Entire serviced apartment,54,52.14,Medellin
1460596107897812869,6.253,-75.5884,Entire home/apt,Entire rental unit,18,45.0,Medellin
1416220322012281180,6.243143402732057,-75.55896800014155,Entire home/apt,Entire loft,37,47.08,Medellin
1692468917675261909,6.2092,-75.5657,Entire home/apt,Entire rental unit,0,202.2,Medellin
1688025843602113016,6.211807611485431,-75.55934017756658,Entire home/apt,Entire rental unit,5,162.68,Medellin
613760105209593774,6.2106,-75.5724,Entire home/apt,Entire loft,48,178.4,Medellin
1058069944227721338,6.2133,-75.5647,Entire home/apt,Entire condo,75,297.2,Medellin
1564531566649799319,6.244130413310812,-75.5842213581874,Entire home/apt,Entire loft,33,53.14,Medellin
1711989877578320343,6.2546,-75.6009,Entire home/apt,Entire home,0,284.12,Medellin
1451357352006195587,6.2105,-75.5724,Entire home/apt,Entire rental unit,32,160.45,Medellin
48314695,6.28721,-75.56665,Entire home/apt,Entire condo,52,41.59,Medellin
1705280796251599985,6.259237690400352,-75.58220404408053,Entire home/apt,Entire rental unit,1,41.83,Medellin
1248095455576580927,6.2251,-75.5658,Entire home/apt,Entire condo,33,158.06,Medellin
1487185491998056246,6.2074,-75.5737,Entire home/apt,Entire rental unit,21,158.84,Medellin
1616969253588304099,6.24307,-75.60118,Entire home/apt,Entire loft,4,41.0,Medellin
26960244,6.243,-75.55953,Entire home/apt,Entire rental unit,480,33.12,Medellin
986170653998386119,6.2129,-75.50131,Entire home/apt,Entire cabin,8,165.62,Medellin
973777797748730290,6.33048,-75.55786,Entire home/apt,Tiny home,58,40.95,Medellin
1427632351692427820,6.241992245135446,-75.56112202966447,Entire home/apt,Entire rental unit,23,34.53,Medellin
1300853476146799624,6.214955639128398,-75.5591382352905,Private room,Room in hotel,2,242.1,Medellin
1570461411224817976,6.196,-75.4705,Entire home/apt,Entire cabin,1,250.07,Medellin
1503005499657735379,6.2089,-75.5652,Entire home/apt,Entire rental unit,38,161.01,Medellin
1435714436336739589,6.249,-75.6051,Entire home/apt,Entire rental unit,49,165.03,Medellin
1527650426045285142,6.2483,-75.6015,Entire home/apt,Entire home,3,231.04,Medellin
41033120,6.207132063967602,-75.49271986040186,Entire home/apt,Entire chalet,149,43.06,Medellin
1329178007173552695,6.252590089804176,-75.60035391853343,Entire home/apt,Entire rental unit,58,42.69,Medellin
846994041772791388,6.358,-75.5269,Entire home/apt,Entire home,16,228.19,Medellin
1718990782515144685,6.2326,-75.5414,Entire home/apt,Entire rental unit,0,34.3,Medellin
1190119325041171504,6.2444,-75.56042,Entire home/apt,Entire rental unit,24,35.49,Medellin
1261801769201709377,6.241,-75.5844,Entire home/apt,Entire condo,63,159.6,Medellin
1142926067878844767,6.25711,-75.58389,Entire home/apt,Entire rental unit,66,42.99,Medellin
1639492033785833856,6.31297,-75.56051,Entire home/apt,Entire condo,2,42.02,Medellin
1670359515887774701,6.2573,-75.5925,Private room,Room in hotel,6,48.53,Medellin
1730035424051261344,6.2455,-75.593,Private room,Private room in guesthouse,0,40.35,Medellin
1419232551463278045,6.2051,-75.4348,Entire home/apt,Tiny home,26,197.52,Medellin
1550813817107903825,6.225272293814825,-75.47812566688103,Entire home/apt,Entire cabin,8,42.56,Medellin
1484115547395012058,6.2563,-75.5987,Entire home/apt,Entire rental unit,0,293.2,Medellin
1006514970405507616,6.2553,-75.5133,Entire home/apt,Entire cabin,16,49.08,Medellin
730525227743248838,6.25649,-75.58502,Entire home/apt,Entire rental unit,79,163.7,Medellin
37566614,6.21176,-75.56496,Hotel room,Room in hotel,0,248.76,Medellin
1731390770727093808,6.2694,-75.5903,Entire home/apt,Entire rental unit,0,285.23,Medellin
44352933,6.22799,-75.47174,Entire home/apt,Entire cabin,164,42.87,Medellin
1646883035181735420,6.246230890763069,-75.50140719496609,Entire home/apt,Farm stay,0,280.84,Medellin
823201507422257221,6.20568,-75.52072,Private room,Private room in home,0,228.93,Medellin
1186913552558934342,6.21244,-75.57149,Entire home/apt,Entire home,0,223.79,Medellin
1446596166518238937,6.2109,-75.5666,Entire home/apt,Entire rental unit,0,230.08,Medellin
1685701123435776432,6.20951,-75.57259,Entire home/apt,Entire rental unit,1,221.11,Medellin
54358737,6.20962,-75.57228,Entire home/apt,Entire condo,29,250.0,Medellin
1412380992363955457,6.17497,-75.58739,Entire home/apt,Entire rental unit,3,250.27,Medellin
1431966614624075923,6.170536394844137,-75.56752846466503,Entire home/apt,Entire home,0,275.61,Medellin
867427095750302115,6.23966,-75.58939,Private room,Room in hotel,2,254.87,Medellin
1619208785160361931,6.2382,-75.5955,Entire home/apt,Entire rental unit,6,37.98,Medellin
1280029383032816655,6.2482,-75.5848,Entire home/apt,Entire home,1,229.66,Medellin
1643754907853043684,6.2563,-75.5834,Private room,Room in hotel,16,41.46,Medellin
1476837110769738476,6.2629515129147855,-75.55959252689253,Private room,Private room in home,16,18.41,Medellin
1018875776327272283,6.2435,-75.5599,Entire home/apt,Entire serviced apartment,78,36.31,Medellin
52628614,6.25527,-75.59909,Private room,Room in hotel,0,229.41,Medellin
1593594127420498180,6.221737517940458,-75.57813429988445,Entire home/apt,Entire rental unit,1,227.3,Medellin
1242049283273067755,6.2435,-75.5599,Entire home/apt,Entire rental unit,53,37.32,Medellin
1665428962016829402,6.2432,-75.5558,Entire home/apt,Entire rental unit,1,38.64,Medellin
779135959204086768,6.26183,-75.59867,Entire home/apt,Entire loft,40,42.6,Medellin
1639878241415425055,6.245778881429141,-75.56234766272655,Entire home/apt,Entire loft,5,43.0,Medellin
966540036939797752,6.2624,-75.55884,Entire home/apt,Entire rental unit,127,40.28,Medellin
933376029069553458,6.1694,-75.5812,Entire home/apt,Entire rental unit,0,288.68,Medellin
953835571506977721,6.2091,-75.4373,Entire home/apt,Entire home,58,202.06,Medellin
1714623005927421739,6.2485,-75.5913,Entire home/apt,Entire rental unit,1,55.96,Medellin
1666113958349917566,6.285000631018128,-75.58551752737037,Private room,Private room in home,2,17.11,Medellin
1645022898959936114,6.24760419934606,-75.59115231011717,Private room,Room in hotel,6,17.31,Medellin
1404637255712509815,6.251854475199558,-75.60245645394701,Private room,Private room in home,10,18.77,Medellin
44059830,6.21085,-75.5587,Entire home/apt,Entire rental unit,332,154.4,Medellin
750552119372616356,6.22356,-75.59266,Private room,Private room in home,45,18.41,Medellin
47803674,6.25674,-75.55429,Entire home/apt,Entire condo,23,19.96,Medellin
1299444901212401525,6.2626,-75.5993,Private room,Private room in home,48,16.58,Medellin
1242798876551150844,6.25491,-75.5858,Private room,Private room in home,12,18.43,Medellin
1336990420308846830,6.2576,-75.577,Private room,Private room in rental unit,13,18.95,Medellin
21113136,6.2354,-75.5903,Private room,Private room in home,35,18.73,Medellin
1331934089153666420,6.238704448022117,-75.58321093737466,Private room,Private room in loft,100,18.41,Medellin
1552313275534685570,6.257131975527499,-75.59364677996449,Entire home/apt,Entire rental unit,12,38.39,Medellin
1653278069131407775,6.2391675619498415,-75.60294893967296,Entire home/apt,Entire rental unit,1,307.11,Medellin
1603213857708129516,6.2428,-75.5623,Entire home/apt,Entire rental unit,5,38.78,Medellin
1452447422768804375,6.2368,-75.5459,Entire home/apt,Entire serviced apartment,14,36.8,Medellin
1405116173500391641,6.251356093227944,-75.60220470513357,Private room,Private room in home,9,18.99,Medellin
1437329487038821146,6.2823,-75.5643,Private room,Private room in rental unit,10,18.73,Medellin
1627064495990668257,6.2105,-75.5721,Entire home/apt,Entire rental unit,3,139.86,Medellin
956614356911431985,6.2063,-75.5546,Entire home/apt,Entire rental unit,105,162.45,Medellin
1486000521212594643,6.3896649856131535,-75.51211963726385,Entire home/apt,Entire home,43,228.55,Medellin
50551267,6.20597,-75.56513,Entire home/apt,Entire rental unit,44,128.8,Medellin
53741582,6.25592,-75.59541,Entire home/apt,Entire serviced apartment,208,129.55,Medellin
1563221112529648803,6.2139,-75.5721,Entire home/apt,Entire home,14,249.49,Medellin
1642356298281766504,6.3417,-75.5422,Entire home/apt,Entire rental unit,7,45.7,Medellin
49294469,6.25838,-75.58394,Entire home/apt,Entire rental unit,146,46.74,Medellin
859474516860192105,6.2581,-75.5829,Entire home/apt,Entire rental unit,179,46.01,Medellin
992242294686624304,6.2481,-75.59449,Entire home/apt,Entire rental unit,4,227.72,Medellin
1292230431929674681,6.3613,-75.4998,Entire home/apt,Entire cabin,62,126.91,Medellin
1650770672195396515,6.249231113636556,-75.59648339756603,Entire home/apt,Entire rental unit,16,45.4,Medellin
1582840602801509326,6.242087200152922,-75.59776382046967,Entire home/apt,Entire home,8,242.76,Medellin
1585219950886080745,6.261062981738613,-75.56274812115338,Entire home/apt,Entire rental unit,18,38.3,Medellin
1703239481312348028,6.257799452714996,-75.58379566282677,Entire home/apt,Entire rental unit,5,46.51,Medellin
944280124072065292,6.17704,-75.45155,Entire home/apt,Entire cottage,165,129.55,Medellin
1520512328121700094,6.179031274357979,-75.56384091934311,Entire home/apt,Entire rental unit,14,131.5,Medellin
45116330,6.20887,-75.56881,Entire home/apt,Entire rental unit,99,241.0,Medellin
700792670069525226,6.21024,-75.56498,Entire home/apt,Entire vacation home,27,231.4,Medellin
30009245,6.2113,-75.5605,Entire home/apt,Entire serviced apartment,40,286.01,Medellin
1674241118000322239,6.2092,-75.56339,Entire home/apt,Entire rental unit,0,244.75,Medellin
1691285059866200747,6.24473,-75.55924,Entire home/apt,Entire rental unit,3,39.03,Medellin
1027563952287030765,6.2623,-75.5589,Entire home/apt,Entire rental unit,82,46.74,Medellin
1469127194417039424,6.251359244109892,-75.41551085918358,Entire home/apt,Entire cottage,45,32.16,Medellin
847075222809907418,6.24009,-75.58914,Private room,Private room in loft,16,241.11,Medellin
1393490299417445809,6.2564220259512195,-75.55996749518486,Entire home/apt,Entire rental unit,41,49.0,Medellin
50922532,6.2134,-75.5736,Entire home/apt,Entire rental unit,0,243.95,Medellin
789144882351023463,6.21214,-75.56571,Entire home/apt,Entire rental unit,32,230.0,Medellin
684819652120403025,6.24089,-75.59238,Entire home/apt,Entire serviced apartment,6,162.99,Medellin
1029815210478017421,6.2587,-75.5947,Entire home/apt,Entire home,55,177.2,Medellin
1316584608400169326,6.2465,-75.585,Entire home/apt,Entire rental unit,59,33.78,Medellin
1600237871610217713,6.2485,-75.5913,Entire home/apt,Entire rental unit,4,40.32,Medellin
1126217372917107746,6.2435,-75.5817,Entire home/apt,Entire loft,81,33.23,Medellin
1203489620533284976,6.20791,-75.56749,Entire home/apt,Entire rental unit,5,221.2,Medellin
1602443423723828423,6.2356,-75.5964,Entire home/apt,Entire rental unit,1,32.49,Medellin
1331162254706577434,6.254235331600889,-75.60059918738645,Entire home/apt,Entire rental unit,39,36.24,Medellin
978989510395084234,6.2349,-75.6161,Entire home/apt,Entire loft,132,36.93,Medellin
20654470,6.24394,-75.55906,Entire home/apt,Entire rental unit,397,42.05,Medellin
1374878163305620095,6.211296870998722,-75.56701207590335,Entire home/apt,Entire rental unit,29,133.67,Medellin
598673846973684610,6.2464,-75.5868,Private room,Private room in loft,145,33.52,Medellin
911707045442883745,6.24193,-75.563,Entire home/apt,Entire rental unit,31,32.71,Medellin
1710489271412894531,6.2324,-75.5925,Entire home/apt,Entire rental unit,3,33.78,Medellin
1183436020627001358,6.24306,-75.56004,Entire home/apt,Entire rental unit,21,42.35,Medellin
1472585743139213323,6.2726,-75.5728,Private room,Room in hotel,18,33.12,Medellin
35150148,6.2449,-75.5913,Private room,Private room in home,83,34.6,Medellin
975456264649281975,6.26225,-75.55735,Entire home/apt,Entire rental unit,100,32.76,Medellin
1052483852787473921,6.2034,-75.5593,Entire home/apt,Entire loft,92,46.37,Medellin
1076957971826454456,6.3356,-75.5699,Entire home/apt,Entire rental unit,57,33.12,Medellin
807526984659256248,6.3102,-75.5666,Entire home/apt,Entire rental unit,85,33.51,Medellin
1701264877758628270,6.204377776008941,-75.52057517446788,Entire home/apt,Entire cabin,7,45.95,Medellin
1301702777741595438,6.214169242287537,-75.5580920217126,Private room,Room in hotel,0,240.7,Medellin
603082853455577176,6.20746,-75.56776,Private room,Room in hotel,3,221.84,Medellin
1594162162574475062,6.2555,-75.5822,Entire home/apt,Entire loft,11,38.63,Medellin
1455906794290754728,6.2557,-75.5837,Entire home/apt,Entire rental unit,33,50.9,Medellin
1385636566395094723,6.242635916558398,-75.55824398290902,Entire home/apt,Entire rental unit,28,43.09,Medellin
986764855252035284,6.20706,-75.55431,Entire home/apt,Entire rental unit,7,231.88,Medellin
1132515804803278736,6.17066,-75.56984,Entire home/apt,Entire rental unit,2,224.2,Medellin
1384389313020883629,6.204366844095745,-75.55950390042236,Entire home/apt,Entire rental unit,47,46.49,Medellin
807527455167534235,6.21539,-75.55824,Private room,Room in hotel,7,240.7,Medellin
1288726799998051001,6.1762,-75.5902,Entire home/apt,Entire serviced apartment,10,253.22,Medellin
1683574441928154836,6.2423,-75.55649,Entire home/apt,Entire rental unit,2,46.76,Medellin
40374375,6.24527,-75.58917,Entire home/apt,Entire rental unit,37,244.03,Medellin
1014091163996174036,6.24429,-75.60192,Entire home/apt,Entire rental unit,1,226.35,Medellin
1576865649657511295,6.23965,-75.59427,Private room,Room in aparthotel,0,292.08,Medellin
1117264359646719612,6.1742,-75.5914,Entire home/apt,Entire rental unit,69,220.2,Medellin
1501919334547828967,6.2435,-75.5598,Entire home/apt,Entire condo,30,43.36,Medellin
791906157943327083,6.2432,-75.5572,Entire home/apt,Entire loft,45,44.29,Medellin
1679786488986832629,6.245696869826268,-75.60063304487166,Shared room,Shared room in guesthouse,1,21.67,Medellin
1187691186448075664,6.2437,-75.5596,Entire home/apt,Entire rental unit,42,59.2,Medellin
1235827153309103148,6.2435,-75.5599,Entire home/apt,Entire rental unit,16,61.88,Medellin
1725437551108838125,6.20918,-75.56771,Private room,Room in hotel,1,45.1,Medellin
28217947,6.24896,-75.5956,Private room,Private room in rental unit,99,33.0,Medellin
20000092,6.25248,-75.5924,Entire home/apt,Entire rental unit,198,221.5,Medellin
734838307100118032,6.2501,-75.5569,Private room,Private room in pension,22,18.41,Medellin
854260335418078848,6.2426,-75.55891,Entire home/apt,Entire rental unit,117,66.6,Medellin
1709534665060543387,6.2316,-75.6037,Entire home/apt,Entire rental unit,0,46.61,Medellin
1234032295914344792,6.1992,-75.5654,Entire home/apt,Entire loft,103,61.03,Medellin
644275232346813030,6.20733,-75.56863,Private room,Room in boutique hotel,11,242.47,Medellin
709282041617882523,6.26575,-75.5978,Private room,Private room in rental unit,46,21.79,Medellin
644262589770835848,6.20723,-75.56776,Private room,Room in hotel,9,241.25,Medellin
576091346383613048,6.3275,-75.57,Entire home/apt,Entire condo,68,21.08,Medellin
893731397152782835,6.2632,-75.5935,Private room,Private room in home,284,22.51,Medellin
1709014005091938590,6.307709684119508,-75.57067062584613,Entire home/apt,Entire rental unit,0,45.02,Medellin
1558097250665943153,6.2562,-75.5991,Entire home/apt,Entire rental unit,14,45.74,Medellin
1689292375605982348,6.24467,-75.55882,Entire home/apt,Entire rental unit,5,59.85,Medellin
975769796658317312,6.2071,-75.5735,Entire home/apt,Entire condo,83,172.2,Medellin
1726844656524686431,6.2377,-75.6043,Entire home/apt,Entire rental unit,0,75.73,Medellin
1172653084786636610,6.313,-75.5697,Private room,Private room in home,9,18.22,Medellin
1009445229645389364,6.2139,-75.5732,Entire home/apt,Entire rental unit,118,120.4,Medellin
1447112902012600890,6.2109,-75.5699,Entire home/apt,Entire rental unit,19,104.0,Medellin
1361018667694038872,6.2474,-75.5643,Private room,Room in hotel,2,21.01,Medellin
1713454034913244777,6.1905,-75.5627,Entire home/apt,Entire rental unit,1,103.64,Medellin
1362617681070214580,6.2585,-75.5939,Private room,Room in aparthotel,18,29.41,Medellin
27217779,6.213,-75.5609,Entire home/apt,Entire rental unit,254,107.48,Medellin
1355876851040594120,6.251,-75.5627,Private room,Private room in condo,8,22.8,Medellin
757397398310614863,6.2525,-75.5885,Private room,Private room in home,9,21.79,Medellin
1606810336625923867,6.24,-75.5802,Entire home/apt,Entire rental unit,20,46.0,Medellin
36240802,6.28596,-75.60874,Private room,Private room in condo,42,22.53,Medellin
1390182756331785155,6.242652699519948,-75.58006500414572,Entire home/apt,Entire rental unit,30,127.4,Medellin
53479189,6.19726,-75.57743,Entire home/apt,Entire rental unit,191,130.4,Medellin
1366676590280088142,6.24282,-75.55913,Entire home/apt,Entire loft,41,50.2,Medellin
22955927,6.28505,-75.59197,Entire home/apt,Entire loft,94,21.92,Medellin
1081180793394019861,6.24662,-75.59446,Entire home/apt,Entire rental unit,50,177.0,Medellin
1079814037093730407,6.2109,-75.5029,Private room,Room in hotel,0,184.02,Medellin
1366130539462711051,6.1916,-75.5655,Entire home/apt,Entire rental unit,31,186.2,Medellin
1633754227815469076,6.20765,-75.56319,Entire home/apt,Entire rental unit,9,177.62,Medellin
53130911,6.16831,-75.65359,Entire home/apt,Entire cottage,69,188.95,Medellin
40206405,6.24392,-75.59008,Entire home/apt,Entire rental unit,191,183.09,Medellin
1471856584631223571,6.24854,-75.59386,Entire home/apt,Entire rental unit,52,137.27,Medellin
1395190515444021401,6.204241633124391,-75.56211750743518,Entire home/apt,Entire rental unit,27,179.08,Medellin
1137906324450640177,6.3689,-75.4506,Entire home/apt,Entire cottage,47,180.71,Medellin
1410453962474362911,6.207726261029636,-75.57363871878832,Entire home/apt,Entire rental unit,21,183.35,Medellin
1469256811779795424,6.2318,-75.4846,Entire home/apt,Entire cabin,35,186.8,Medellin
858160598575658591,6.26473,-75.59303,Entire home/apt,Entire home,50,189.54,Medellin
745649127251259877,6.1517,-75.5572,Private room,Private room in nature lodge,1,265.06,Medellin
769115762122969159,6.1368,-75.6116,Entire home/apt,Entire rental unit,357,79.14,Medellin
1237119389294440544,6.1742,-75.5914,Entire home/apt,Entire condo,64,186.49,Medellin
12264506,6.2111,-75.5594,Entire home/apt,Entire condo,314,176.4,Medellin
1676965988887431496,6.1905,-75.5627,Entire home/apt,Entire rental unit,7,105.91,Medellin
52123955,6.2068,-75.5655,Entire home/apt,Entire rental unit,234,263.2,Medellin
886231255597822396,6.2063,-75.5546,Entire home/apt,Entire rental unit,68,178.6,Medellin
1045048232049156567,6.2434,-75.56124,Private room,Private room in guesthouse,0,14.72,Medellin
1183255462623398286,6.1753,-75.6054,Entire home/apt,Entire rental unit,41,193.51,Medellin
1719896122187554588,6.2117,-75.5882,Entire home/apt,Entire rental unit,0,90.39,Medellin
53716184,6.21325,-75.56012,Entire home/apt,Entire loft,172,144.64,Medellin
750168755445795687,6.20587,-75.55526,Entire home/apt,Entire condo,177,174.0,Medellin
818083902527054606,6.2622,-75.59682,Entire home/apt,Entire home,75,181.3,Medellin
1166239819338979293,6.22286,-75.56272,Entire home/apt,Entire rental unit,62,186.35,Medellin
28134820,6.2113,-75.5605,Entire home/apt,Entire serviced apartment,36,217.21,Medellin
1048430077612491113,6.19213,-75.56695,Entire home/apt,Entire rental unit,2,240.6,Medellin
1186892433283015115,6.2554,-75.5848,Entire home/apt,Entire rental unit,36,218.59,Medellin
1478248542878327667,6.2067,-75.5736,Entire home/apt,Entire condo,28,152.0,Medellin
1663341455634987611,6.2562,-75.5858,Entire home/apt,Entire rental unit,7,58.84,Medellin
1625052773228403243,6.1363,-75.5691,Entire home/apt,Entire home,10,234.94,Medellin
1183493146269460564,6.2437,-75.5596,Entire home/apt,Entire rental unit,37,79.4,Medellin
644311632278532713,6.20902,-75.56677,Private room,Room in boutique hotel,17,241.25,Medellin
1537145237751125720,6.2571,-75.5922,Private room,Room in hotel,0,331.21,Medellin
1576069937758791282,6.27666,-75.55593,Entire home/apt,Entire home,10,55.29,Medellin
1272362133767627406,6.2101,-75.5654,Entire home/apt,Entire rental unit,88,146.8,Medellin
1653275659259081963,6.239121140197509,-75.60346251390229,Entire home/apt,Entire rental unit,1,307.11,Medellin
1522466579157782515,6.1787,-75.5823,Entire home/apt,Entire rental unit,18,111.88,Medellin
937725730189109315,6.1742,-75.5914,Entire home/apt,Entire rental unit,114,147.8,Medellin
36479298,6.2654,-75.5644,Private room,Private room in home,110,29.05,Medellin
1313185161215219796,6.2395,-75.5994,Entire home/apt,Entire rental unit,60,87.4,Medellin
813780268059981084,6.2063,-75.5546,Entire home/apt,Entire condo,116,121.55,Medellin
1293705863372670957,6.2539,-75.5856,Entire home/apt,Entire condo,55,108.89,Medellin
1225198582862075832,6.2149,-75.5721,Entire home/apt,Entire home,48,162.0,Medellin
1529649334870120011,6.166,-75.5503,Entire home/apt,Entire home,1,149.0,Medellin
1723266284006889561,6.14715,-75.60861,Entire home/apt,Entire rental unit,2,70.63,Medellin
13223009,6.211686685354286,-75.56037034419701,Entire home/apt,Entire rental unit,108,146.6,Medellin
1690816421345917516,6.2513,-75.5875,Entire home/apt,Entire rental unit,1,97.98,Medellin
863758671521918645,6.2581,-75.5613,Private room,Private room in rental unit,11,11.71,Medellin
1021004093326859990,6.20052,-75.49976,Entire home/apt,Entire cabin,243,64.78,Medellin
1537246551827633675,6.23888,-75.59158,Entire home/apt,Entire rental unit,20,80.62,Medellin
932692561307397767,6.22714,-75.60174,Entire home/apt,Entire rental unit,46,20.83,Medellin
913324383874088107,6.21053,-75.55844,Entire home/apt,Entire rental unit,125,148.8,Medellin
48659110,6.19039,-75.56528,Entire home/apt,Entire rental unit,107,142.4,Medellin
1711975825570526217,6.2436,-75.5931,Entire home/apt,Entire rental unit,5,81.18,Medellin
32364092,6.24998,-75.59314,Private room,Private room in rental unit,70,23.92,Medellin
1213804497130737590,6.2113,-75.5584,Entire home/apt,Entire rental unit,9,179.98,Medellin
1115341019734676322,6.1745,-75.57179,Entire home/apt,Entire rental unit,0,220.28,Medellin
1021924883163317150,6.20105,-75.43049,Entire home/apt,Entire home,0,355.86,Medellin
1723490775779044572,6.1511,-75.6241,Entire home/apt,Entire rental unit,2,65.1,Medellin
954671153472246455,6.2107,-75.5693,Entire home/apt,Entire rental unit,185,69.4,Medellin
1273922312258862451,6.253751272310659,-75.58752258226387,Entire home/apt,Entire loft,109,65.49,Medellin
1695793404997460659,6.20843,-75.56599,Entire home/apt,Entire rental unit,0,177.13,Medellin
1404331912048900940,6.33904,-75.47709,Private room,Private room in home,0,290.49,Medellin
1522832879887690392,6.208769556251875,-75.58610712263535,Private room,Private room in home,17,17.81,Medellin
1112210247862093848,6.33029,-75.45904,Entire home/apt,Entire home,0,364.7,Medellin
1369221268588795609,6.214625917162762,-75.57287405668296,Entire home/apt,Entire home,3,186.0,Medellin
915421871877289247,6.3135,-75.4493,Entire home/apt,Entire cottage,3,300.32,Medellin
997078541575170809,6.2527,-75.5934,Entire home/apt,Entire rental unit,86,216.93,Medellin
1477768876357802022,6.232544129698486,-75.56874356317732,Entire home/apt,Entire rental unit,12,65.8,Medellin
25254820,6.2114,-75.5593,Entire home/apt,Entire condo,246,158.2,Medellin
1216112100458888146,6.23693,-75.58913,Private room,Private room in rental unit,36,20.43,Medellin
53722571,6.1978,-75.57,Entire home/apt,Entire loft,312,66.72,Medellin
819480663649948286,6.2383,-75.5884,Entire home/apt,Entire vacation home,106,22.33,Medellin
1415250715561476082,6.2607,-75.5581,Entire home/apt,Entire rental unit,14,64.52,Medellin
53624705,6.38377,-75.47798,Entire home/apt,Entire villa,1,303.64,Medellin
13980966,6.21164,-75.55951,Entire home/apt,Entire rental unit,154,177.2,Medellin
983330959938707086,6.2425,-75.5625,Private room,Private room in home,57,18.25,Medellin
896144810256042506,6.20796,-75.55741,Private room,Private room in home,169,65.0,Medellin
660917289539967562,6.24004,-75.42391,Entire home/apt,Entire place,2,302.17,Medellin
1731297139111333794,6.2242,-75.5676,Private room,Private room in rental unit,0,22.11,Medellin
1263769456381535784,6.1969,-75.5779,Entire home/apt,Entire rental unit,113,72.8,Medellin
1129107309961396425,6.244313099212515,-75.56117761597015,Private room,Private room in home,27,17.67,Medellin
1215984939323588980,6.2363,-75.588,Private room,Private room in rental unit,14,25.26,Medellin
1484123097601645751,6.2563,-75.5987,Entire home/apt,Entire rental unit,0,337.75,Medellin
1469597552823557549,6.2073,-75.5736,Entire home/apt,Entire rental unit,33,136.8,Medellin
682626373966189711,6.2436,-75.5147,Entire home/apt,Entire cabin,47,74.23,Medellin
1305292310679320836,6.2395,-75.5994,Entire home/apt,Entire rental unit,53,79.0,Medellin
37801674,6.21369,-75.57162,Private room,Private room in rental unit,147,22.8,Medellin
924182792708211980,6.22004,-75.51136,Entire home/apt,Entire cabin,93,68.08,Medellin
43759414,6.2441,-75.6013,Entire home/apt,Entire rental unit,359,41.6,Medellin
1034100130318853236,6.2425,-75.5624,Private room,Private room in home,42,20.58,Medellin
22611725,6.21012,-75.56025,Entire home/apt,Entire rental unit,283,124.06,Medellin
1280794606120286652,6.1768,-75.4515,Entire home/apt,Entire home,100,116.16,Medellin
1224153600650216659,6.2064,-75.5549,Entire home/apt,Entire condo,67,174.2,Medellin
1370327038815270796,6.3458,-75.6089,Entire home/apt,Entire cabin,66,71.01,Medellin
1097810537682626685,6.2507,-75.5871,Shared room,Shared room in guesthouse,47,18.43,Medellin
649846765791713787,6.3237,-75.55691,Private room,Room in hotel,5,58.54,Medellin
1135750717444053047,6.2525,-75.5864,Entire home/apt,Entire loft,136,122.47,Medellin
1201662356271691757,6.2375,-75.5925,Entire home/apt,Entire rental unit,115,73.54,Medellin
998768145570305295,6.247,-75.6033,Entire home/apt,Entire rental unit,36,37.46,Medellin
1604637780155150057,6.24,-75.5802,Entire home/apt,Entire rental unit,16,57.73,Medellin
1564253857347226001,6.259523635922881,-75.58554815454127,Private room,Room in hotel,0,143.54,Medellin
1720438996659299421,6.1791,-75.5874,Entire home/apt,Entire rental unit,0,136.35,Medellin
18783988,6.1985,-75.5675,Entire home/apt,Entire serviced apartment,52,154.17,Medellin
1679032809411409460,6.2474,-75.5982,Entire home/apt,Entire rental unit,9,34.01,Medellin
1095852846607203269,6.1991,-75.5584,Private room,Room in hotel,57,136.36,Medellin
50310203,6.2002,-75.5755,Entire home/apt,Entire rental unit,28,139.53,Medellin
50207505,6.2004,-75.5757,Entire home/apt,Entire rental unit,20,139.53,Medellin
1525612732591757247,6.19444,-75.55759,Entire home/apt,Entire rental unit,0,138.81,Medellin
1658917422571044946,6.180937882429906,-75.57333047325491,Entire home/apt,Entire rental unit,0,123.46,Medellin
1311678137899730890,6.2406,-75.5852,Entire home/apt,Entire rental unit,33,33.42,Medellin
1004511949881225477,6.3166,-75.5597,Entire home/apt,Entire rental unit,19,77.66,Medellin
46376855,6.21149,-75.57102,Entire home/apt,Entire rental unit,29,135.4,Medellin
1127015215252453489,6.201,-75.57121,Private room,Room in boutique hotel,0,169.95,Medellin
686831867290918712,6.20874,-75.56857,Private room,Room in hotel,2,136.06,Medellin
31045290,6.21049,-75.56895,Hotel room,Room in hotel,21,140.22,Medellin
1285826362869366670,6.1736,-75.5913,Entire home/apt,Entire rental unit,12,223.0,Medellin
26426772,6.2113,-75.5605,Entire home/apt,Entire serviced apartment,26,173.45,Medellin
24176881,6.2113,-75.5605,Entire home/apt,Entire serviced apartment,28,166.06,Medellin
26428104,6.2113,-75.5605,Entire home/apt,Entire serviced apartment,33,173.45,Medellin
686834886654707761,6.20732,-75.56785,Private room,Room in hotel,4,134.03,Medellin
21885137,6.2007,-75.56553,Entire home/apt,Entire rental unit,40,153.54,Medellin
24176782,6.211304,-75.560532,Hotel room,Room in serviced apartment,37,167.16,Medellin
26422853,6.2113,-75.5605,Entire home/apt,Entire serviced apartment,25,166.06,Medellin
1716795588813672519,6.2625,-75.5977,Private room,Room in hotel,0,33.62,Medellin
26452419,6.2113,-75.5605,Entire home/apt,Entire rental unit,51,166.06,Medellin
855786678789967299,6.2512,-75.5631,Private room,Room in hotel,0,134.51,Medellin
39965342,6.2097,-75.5661,Entire home/apt,Entire serviced apartment,3,140.87,Medellin
1026178547130941951,6.22134,-75.58333,Entire home/apt,Entire home,1,142.8,Medellin
51988604,6.323,-75.4692,Entire home/apt,Entire cottage,20,76.26,Medellin
1622732379077155255,6.240542349365495,-75.59611945034936,Entire home/apt,Entire rental unit,0,140.6,Medellin
26453835,6.2113,-75.5605,Entire home/apt,Entire serviced apartment,11,173.45,Medellin
1172441181446611740,6.26774,-75.59615,Entire home/apt,Entire rental unit,85,72.62,Medellin
1706107582430656501,6.20095,-75.4303,Entire home/apt,Entire cabin,3,73.75,Medellin
1359491419367391149,6.21098,-75.56585,Private room,Room in hotel,1,135.42,Medellin
831289460020898193,6.23144,-75.47273,Entire home/apt,Entire cabin,127,97.97,Medellin
1709620254739871533,6.236208969271314,-75.54815042486416,Private room,Room in hotel,0,41.48,Medellin
1507346283710015023,6.2451,-75.5908,Entire home/apt,Entire rental unit,0,172.23,Medellin
30647437,6.20917,-75.56733,Entire home/apt,Room in aparthotel,25,139.86,Medellin
1120465074975745520,6.2525,-75.5863,Entire home/apt,Entire loft,109,74.52,Medellin
1486333520692562451,6.2401,-75.5967,Entire home/apt,Entire rental unit,34,71.89,Medellin
1564505217543292582,6.17481,-75.58356,Private room,Room in hotel,0,137.3,Medellin
24474527,6.2113,-75.5605,Entire home/apt,Entire serviced apartment,14,166.06,Medellin
20722311,6.20102,-75.5658,Entire home/apt,Entire serviced apartment,22,139.41,Medellin
1431154149717375605,6.2081,-75.5599,Entire home/apt,Entire rental unit,57,72.94,Medellin
1004003999672289522,6.31641,-75.56385,Entire home/apt,Entire rental unit,47,77.29,Medellin
1172650010629892600,6.2123,-75.5628,Entire home/apt,Entire rental unit,3,139.8,Medellin
24377179,6.211304,-75.560532,Hotel room,Room in serviced apartment,17,167.16,Medellin
1279149658816091267,6.2473,-75.5893,Entire home/apt,Entire loft,122,76.32,Medellin
1339894526355942361,6.228186788618779,-75.59574371109909,Entire home/apt,Entire rental unit,0,140.6,Medellin
1417535715065754420,6.2049,-75.4881,Entire home/apt,Entire cabin,79,76.2,Medellin
1319912584206630461,6.24026,-75.59694,Entire home/apt,Entire rental unit,0,171.92,Medellin
1076853699739826843,6.2505,-75.5888,Entire home/apt,Entire rental unit,0,139.86,Medellin
1128213911317654892,6.20036,-75.57213,Entire home/apt,Entire rental unit,0,143.17,Medellin
1491487503262509599,6.2536,-75.558,Entire home/apt,Entire rental unit,0,124.55,Medellin
1503238933849864789,6.24039,-75.59929,Entire home/apt,Entire rental unit,0,166.89,Medellin
1399450239076699646,6.2543,-75.5964,Entire home/apt,Tiny home,1,138.01,Medellin
50854249,6.24754,-75.59351,Entire home/apt,Entire condo,20,118.52,Medellin
1143504406145274012,6.23949,-75.59624,Entire home/apt,Entire rental unit,0,142.43,Medellin
887691913100510326,6.1984,-75.57199,Entire home/apt,Entire serviced apartment,2,139.12,Medellin
1688079427201671900,6.247887486324937,-75.60091044298694,Entire home/apt,Entire rental unit,0,136.88,Medellin
926163604021271147,6.24116,-75.5962,Entire home/apt,Casa particular,2,143.54,Medellin
1508301577346665574,6.2448,-75.5896,Entire home/apt,Entire rental unit,19,143.44,Medellin
1128217696480038943,6.20014,-75.57103,Entire home/apt,Entire rental unit,0,142.07,Medellin
1639910115002723945,6.1683504729452725,-75.48646766881924,Entire home/apt,Entire rental unit,0,302.84,Medellin
5098731,6.19167,-75.57335,Entire home/apt,Entire rental unit,0,113.77,Medellin
1474979840454869327,6.2756,-75.5531,Entire home/apt,Entire home,25,34.12,Medellin
1548120619378349538,6.2001,-75.5749,Entire home/apt,Entire rental unit,6,107.66,Medellin
1691408145074084853,6.189342305918869,-75.56355708784872,Entire home/apt,Entire rental unit,1,135.67,Medellin
1670529831632282499,6.172042060596475,-75.58163031108836,Entire home/apt,Entire home,2,143.54,Medellin
983311953336193851,6.2095,-75.5691,Private room,Room in hotel,2,138.2,Medellin
43892775,6.18347,-75.57322,Entire home/apt,Entire condo,7,140.5,Medellin
1657366130019814491,6.1742,-75.5914,Entire home/apt,Entire rental unit,4,141.0,Medellin
26454131,6.2113,-75.5605,Entire home/apt,Entire serviced apartment,38,173.45,Medellin
54391372,6.19891,-75.56226,Entire home/apt,Entire condo,64,108.77,Medellin
1272588649994260981,6.2144,-75.5719,Entire home/apt,Entire condo,30,139.6,Medellin
721015100155286325,6.2603,-75.48793,Entire home/apt,Entire villa,68,236.03,Medellin
1209292655575891098,6.2153,-75.5708,Entire home/apt,Entire rental unit,44,145.41,Medellin
1313101239748532128,6.2407,-75.6015,Entire home/apt,Entire rental unit,36,134.09,Medellin
1376124586145248491,6.2102779657075695,-75.56576401712637,Entire home/apt,Entire rental unit,1,143.54,Medellin
1155290986834797496,6.21099,-75.57148,Entire home/apt,Entire rental unit,8,139.18,Medellin
33381271,6.21095,-75.55825,Entire home/apt,Entire rental unit,175,140.95,Medellin
774824722022091063,6.20084,-75.56366,Entire home/apt,Entire rental unit,125,137.92,Medellin
43034961,6.19939,-75.57287,Shared room,Shared room in condo,41,134.0,Medellin
22334245,6.19903,-75.56682,Entire home/apt,Entire rental unit,41,154.41,Medellin
1216078188146994666,6.2397,-75.5528,Private room,Private room in home,1,143.54,Medellin
2180540,6.19145,-75.56608,Entire home/apt,Entire rental unit,200,242.53,Medellin
1227624497563412941,6.32516,-75.45853,Private room,Private room in home,0,139.86,Medellin
47549500,6.20178,-75.5629,Private room,Room in hotel,71,138.2,Medellin
1691285233307857380,6.24536,-75.5599,Entire home/apt,Entire rental unit,4,61.97,Medellin
1569871889232170688,6.2081,-75.5599,Entire home/apt,Entire loft,38,77.0,Medellin
1385132253702739940,6.216186569872079,-75.55560372381841,Entire home/apt,Entire rental unit,0,143.54,Medellin
1368883760404721102,6.2155,-75.6057,Entire home/apt,Entire rental unit,11,226.72,Medellin
1604728419874178444,6.1821,-75.5657,Entire home/apt,Entire rental unit,0,174.37,Medellin
786559881942257680,6.2889,-75.4874,Entire home/apt,Entire cabin,6,247.33,Medellin
855792180307217857,6.25156,-75.56343,Private room,Room in hotel,0,134.51,Medellin
868234963033196464,6.2512,-75.5631,Private room,Room in hotel,0,134.51,Medellin
1389194920077753943,6.1787,-75.5805,Entire home/apt,Entire serviced apartment,15,137.65,Medellin
818804878187709643,6.2515,-75.5945,Entire home/apt,Entire rental unit,63,136.3,Medellin
1069689558676184821,6.19692,-75.56999,Entire home/apt,Entire rental unit,1,143.54,Medellin
1704586569850459179,6.21,-75.5711,Entire home/apt,Entire rental unit,5,161.31,Medellin
954469734375846267,6.2003,-75.5755,Entire home/apt,Entire rental unit,155,140.0,Medellin
39968294,6.2097,-75.5661,Private room,Room in hotel,90,134.11,Medellin
1476764997810626208,6.392458976113,-75.48534759337312,Entire home/apt,Entire cabin,3,157.45,Medellin
1268829092610957160,6.189561108954504,-75.56435457765748,Entire home/apt,Entire rental unit,31,137.46,Medellin
1446412276560076454,6.2,-75.5618,Entire home/apt,Entire rental unit,77,139.86,Medellin
908700032779517524,6.2501,-75.5901,Entire home/apt,Entire rental unit,155,149.0,Medellin
1519770087025455763,6.243978374942413,-75.59653306524113,Entire home/apt,Entire rental unit,8,138.26,Medellin
1498536314757400029,6.24191,-75.6003,Entire home/apt,Entire rental unit,20,165.16,Medellin
829067673875872261,6.28964,-75.45607,Entire home/apt,Entire cabin,43,137.8,Medellin
1500942804310633621,6.24277,-75.57986,Entire home/apt,Entire rental unit,25,134.4,Medellin
1635788383522978061,6.2479,-75.5953,Entire home/apt,Entire rental unit,13,139.86,Medellin
853635378034231317,6.2053,-75.5641,Entire home/apt,Entire rental unit,149,134.26,Medellin
54051228,6.20975,-75.57203,Entire home/apt,Entire loft,52,136.97,Medellin
1231487194991126567,6.1822,-75.5655,Entire home/apt,Entire rental unit,0,139.12,Medellin
1400775921714702684,6.2105,-75.5724,Entire home/apt,Entire rental unit,22,153.2,Medellin
1698837158539107623,6.3725,-75.4293,Entire home/apt,Entire cabin,3,68.42,Medellin
1663364136809806893,6.21663,-75.56869,Entire home/apt,Entire rental unit,0,171.36,Medellin
1626299676167928358,6.3288,-75.5194,Private room,Private room in guesthouse,2,21.63,Medellin
1332089102495402315,6.1822,-75.576,Entire home/apt,Entire rental unit,11,230.16,Medellin
1471038669006396197,6.323463386001347,-75.43503763878064,Entire home/apt,Entire cabin,2,172.48,Medellin
888587761308289190,6.2047,-75.5635,Entire home/apt,Entire rental unit,18,103.54,Medellin
1397330566530955680,6.245,-75.5904,Entire home/apt,Entire rental unit,71,143.54,Medellin
1474277829734451243,6.2003,-75.5755,Entire home/apt,Entire rental unit,44,139.0,Medellin
610698567528022885,6.19533,-75.5759,Entire home/apt,Entire rental unit,103,155.7,Medellin
1252843740859540887,6.254102699616164,-75.59824907154638,Private room,Room in hotel,6,134.39,Medellin
915209430603750218,6.2468,-75.5989,Entire home/apt,Entire serviced apartment,110,139.4,Medellin
679513001870116403,6.2104,-75.5687,Private room,Room in hotel,40,178.27,Medellin
903583051616333511,6.2413,-75.5848,Entire home/apt,Entire condo,97,139.8,Medellin
1565641174897565302,6.2744,-75.4817,Entire home/apt,Entire home,0,285.6,Medellin
1376833003094900010,6.1824,-75.5733,Entire home/apt,Entire rental unit,26,138.18,Medellin
19250927,6.2005,-75.56731,Entire home/apt,Entire serviced apartment,34,139.41,Medellin
34017286,6.26767,-75.59265,Entire home/apt,Entire rental unit,128,75.67,Medellin
1668504863421363971,6.17853,-75.58001,Entire home/apt,Entire rental unit,8,172.9,Medellin
1704505222557729125,6.2604,-75.5897,Entire home/apt,Entire rental unit,4,67.13,Medellin
1400182140991775851,6.207072897829885,-75.55570421585499,Entire home/apt,Entire rental unit,16,137.18,Medellin
1541510003422672534,6.2067,-75.5736,Entire home/apt,Entire condo,24,137.34,Medellin
1273187834228276699,6.2042,-75.5636,Entire home/apt,Entire rental unit,48,135.74,Medellin
51685309,6.17958,-75.59055,Entire home/apt,Entire condo,0,157.68,Medellin
17936137,6.20009,-75.56744,Entire home/apt,Entire rental unit,11,137.54,Medellin
904500137380173616,6.2112,-75.5593,Entire home/apt,Entire rental unit,200,138.2,Medellin
39111589,6.2165,-75.5655,Entire home/apt,Entire rental unit,3,115.16,Medellin
1133206716229268029,6.1996,-75.5643,Entire home/apt,Entire rental unit,17,137.84,Medellin
40310945,6.24512,-75.58817,Entire home/apt,Entire rental unit,89,154.03,Medellin
51878455,6.317,-75.5534,Entire home/apt,Entire rental unit,148,63.43,Medellin
1716122518801840565,6.1888,-75.5672,Entire home/apt,Entire rental unit,0,138.54,Medellin
995835501199350709,6.1914,-75.56617,Entire home/apt,Entire rental unit,1,151.94,Medellin
934295121967034716,6.25463,-75.55443,Entire home/apt,Entire home,3,135.81,Medellin
1639905895851543357,6.1678,-75.4847,Entire home/apt,Entire rental unit,0,302.84,Medellin
854341410926333264,6.19166,-75.56662,Entire home/apt,Entire rental unit,83,138.6,Medellin
39550560,6.21092,-75.55952,Entire home/apt,Entire rental unit,81,135.58,Medellin
869776332085059389,6.23661713767343,-75.47812894574183,Entire home/apt,Entire cabin,43,137.98,Medellin
1672099455634275324,6.2092,-75.5657,Entire home/apt,Entire rental unit,0,137.56,Medellin
24446590,6.21251,-75.56164,Entire home/apt,Entire rental unit,219,139.55,Medellin
40397069,6.24411,-75.588,Entire home/apt,Entire rental unit,108,154.03,Medellin
19120808,6.20257,-75.56582,Entire home/apt,Entire rental unit,24,154.91,Medellin
24475554,6.2113,-75.5605,Entire home/apt,Entire serviced apartment,34,166.06,Medellin
1103564965006602087,6.2029,-75.5196,Entire home/apt,Entire home,3,143.17,Medellin
1298302215665090265,6.2321,-75.5997,Entire home/apt,Entire rental unit,16,137.65,Medellin
629202418534722238,6.2103,-75.5688,Private room,Room in hotel,1174,179.0,Medellin
1674956800513328639,6.1905,-75.5627,Entire home/apt,Entire rental unit,3,137.31,Medellin
1608064713911000553,6.21721,-75.55688,Entire home/apt,Entire rental unit,8,138.63,Medellin
1090044974736018392,6.2455,-75.5909,Entire home/apt,Entire rental unit,7,134.06,Medellin
34140923,6.19012,-75.565,Entire home/apt,Entire condo,84,139.4,Medellin
1722287900787200607,6.1666,-75.6163,Entire home/apt,Entire rental unit,1,142.8,Medellin
1440269182995630170,6.2403,-75.5919,Entire home/apt,Entire rental unit,54,137.08,Medellin
1261009110540159771,6.196,-75.5955,Entire home/apt,Entire serviced apartment,73,139.85,Medellin
1584847786297869689,6.2392,-75.5953,Private room,Room in boutique hotel,1,140.81,Medellin
1569669692558214891,6.2068,-75.564,Entire home/apt,Entire rental unit,14,135.74,Medellin
948530268908971312,6.2053,-75.5641,Entire home/apt,Entire rental unit,76,135.38,Medellin
1244430409885791077,6.27344,-75.65561,Entire home/apt,Entire cabin,5,139.86,Medellin
1660507011685523522,6.266629867397016,-75.52490359404038,Entire home/apt,Entire cabin,1,116.15,Medellin
26452701,6.2113,-75.5605,Entire home/apt,Entire serviced apartment,21,167.16,Medellin
957500747383966583,6.2539,-75.595,Entire home/apt,Entire home,1,338.07,Medellin
42804421,6.24981,-75.59273,Entire home/apt,Entire serviced apartment,175,136.29,Medellin
876143424971243057,6.23528,-75.47707,Entire home/apt,Entire cabin,33,134.35,Medellin
18673990,6.21077,-75.55828,Entire home/apt,Entire rental unit,62,139.6,Medellin
998682140788056034,6.1821,-75.5657,Entire home/apt,Entire rental unit,0,267.18,Medellin
745556604172081705,6.1816,-75.4475,Entire home/apt,Entire guesthouse,219,62.56,Medellin
41837089,6.2066,-75.5557,Entire home/apt,Entire condo,136,138.16,Medellin
1131247400002710601,6.2525,-75.5863,Entire home/apt,Entire loft,136,59.55,Medellin
1326411286346172772,6.2096,-75.573,Entire home/apt,Entire rental unit,31,137.0,Medellin
1708422785753687785,6.262227926673934,-75.59230516182818,Entire home/apt,Entire rental unit,11,66.62,Medellin
49226650,6.20953,-75.5676,Entire home/apt,Entire loft,16,137.05,Medellin
544763477912296562,6.2535,-75.4999,Entire home/apt,Entire place,89,91.52,Medellin
680720167032326700,6.2513,-75.5579,Entire home/apt,Casa particular,4,138.9,Medellin
1587111298528031701,6.2135,-75.5734,Private room,Room in hotel,0,140.09,Medellin
567944554393194794,6.20706,-75.55555,Entire home/apt,Entire condo,161,139.8,Medellin
1564251986355738883,6.257416259848882,-75.5839569625154,Private room,Room in hotel,1,278.98,Medellin
1604562022359705196,6.1532,-75.61034,Entire home/apt,Entire rental unit,0,263.81,Medellin
1533661687554208379,6.240686255528197,-75.48399125312464,Entire home/apt,Entire home,73,159.75,Medellin
48195570,6.2152,-75.5709,Entire home/apt,Entire condo,20,99.19,Medellin
1604441273759896842,6.2568,-75.6,Entire home/apt,Entire rental unit,1,287.08,Medellin
1593403664567815818,6.225053680370943,-75.56237654273899,Entire home/apt,Entire rental unit,18,237.52,Medellin
1722710563040572732,6.2448,-75.5832,Entire home/apt,Entire rental unit,0,128.91,Medellin
1668346495895406942,6.328,-75.57046,Private room,Private room in rental unit,5,24.17,Medellin
982535430102272917,6.2582,-75.5926,Entire home/apt,Entire rental unit,73,156.62,Medellin
871787618992998632,6.2092,-75.5614,Entire home/apt,Entire rental unit,5,162.2,Medellin
1171833688018098043,6.187,-75.5685,Entire home/apt,Entire rental unit,9,256.43,Medellin
50852742,6.230689820879206,-75.480980452073,Entire home/apt,Ranch,32,111.01,Medellin
1524822616867753760,6.27057,-75.48242,Entire home/apt,Entire home,28,96.04,Medellin
686814776602993618,6.20768,-75.56645,Private room,Room in hotel,4,267.32,Medellin
1558024663309922958,6.21128,-75.57131,Entire home/apt,Entire rental unit,20,276.04,Medellin
1379243500555251101,6.2433,-75.595,Entire home/apt,Entire home,62,207.61,Medellin
54378117,6.20652,-75.56299,Entire home/apt,Entire rental unit,64,150.26,Medellin
1630626902063899262,6.3612,-75.5017,Private room,Room in hotel,0,387.03,Medellin
52516102,6.20867,-75.55476,Entire home/apt,Camper/RV,0,254.18,Medellin
1033630264034218770,6.24306,-75.57987,Entire home/apt,Entire rental unit,52,127.6,Medellin
854520994277575425,6.18207,-75.55682,Entire home/apt,Entire home,0,306.9,Medellin
1472107629072650190,6.2091,-75.5587,Entire home/apt,Entire rental unit,7,134.72,Medellin
1418125725310518433,6.187,-75.5691,Entire home/apt,Entire rental unit,2,274.55,Medellin
737775600976238453,6.2023,-75.5695,Entire home/apt,Entire rental unit,1,166.42,Medellin
1608936753778296357,6.2401,-75.5807,Entire home/apt,Entire rental unit,10,178.13,Medellin
40801722,6.2115,-75.5665,Entire home/apt,Entire rental unit,31,216.04,Medellin
935464483288533108,6.11714,-75.50693,Private room,Private room in dome,7,195.75,Medellin
1601700814258195288,6.21028,-75.56168,Entire home/apt,Entire villa,2,463.28,Medellin
949198906180981755,6.3963991532967235,-75.48477229773076,Private room,Private room in bed and breakfast,0,284.0,Medellin
1569032931593956758,6.20284,-75.5628,Private room,Room in boutique hotel,0,336.08,Medellin
790196932004989776,6.24957,-75.59042,Entire home/apt,Entire rental unit,2,258.51,Medellin
1715418203367770440,6.1958,-75.5619,Entire home/apt,Entire home,0,168.91,Medellin
814406578360541839,6.37725,-75.44536,Entire home/apt,Entire cabin,0,257.63,Medellin
1047828197680109801,6.2063,-75.5546,Entire home/apt,Entire rental unit,74,155.6,Medellin
39942375,6.21013,-75.56482,Entire home/apt,Room in aparthotel,48,186.35,Medellin
1622715675527307966,6.2135,-75.5707,Private room,Room in hotel,0,225.32,Medellin
1713251103765244376,6.2164,-75.5569,Entire home/apt,Entire rental unit,0,175.69,Medellin
1594166284421763495,6.2518,-75.587,Entire home/apt,Entire home,10,146.49,Medellin
1691607066904711538,6.209600115294237,-75.4886675846382,Entire home/apt,Entire cabin,0,150.01,Medellin
1587822112756711563,6.2435,-75.5601,Entire home/apt,Entire rental unit,6,161.32,Medellin
1551678943279160264,6.1983,-75.5674,Entire home/apt,Entire rental unit,14,143.0,Medellin
1705167187297274137,6.2169,-75.5615,Entire home/apt,Entire rental unit,6,143.28,Medellin
901613773561040417,6.24842,-75.6004,Entire home/apt,Entire rental unit,32,149.43,Medellin
41445745,6.18715,-75.56943,Entire home/apt,Entire rental unit,122,142.95,Medellin
702002249433529901,6.19926,-75.56318,Entire home/apt,Entire home,116,144.03,Medellin
1476523713270307752,6.1742,-75.5816,Entire home/apt,Entire home,35,147.22,Medellin
1725464595080595079,6.2613,-75.5933,Entire home/apt,Entire rental unit,0,183.27,Medellin
1604673791600305808,6.1822,-75.5984,Private room,Private room in casa particular,0,180.77,Medellin
1273910572577771513,6.24805,-75.59025,Entire home/apt,Entire loft,141,57.56,Medellin
1379139793255110724,6.2144,-75.5661,Entire home/apt,Entire rental unit,26,142.37,Medellin
18345419,6.2387,-75.596,Entire home/apt,Entire condo,176,65.0,Medellin
1668270497411223533,6.2399,-75.5946,Entire home/apt,Entire rental unit,3,147.2,Medellin
1345238254671821366,6.23992638709009,-75.58296784329627,Entire home/apt,Entire rental unit,24,148.0,Medellin
1605866249842261102,6.2401,-75.5807,Entire home/apt,Entire rental unit,6,50.06,Medellin
1524110580632063725,6.1768,-75.4485,Entire home/apt,Entire rental unit,24,146.15,Medellin
1010459614498925607,6.1931,-75.579,Entire home/apt,Entire vacation home,29,145.75,Medellin
966795274322267600,6.24138,-75.59895,Entire home/apt,Entire home,110,189.91,Medellin
1099238962379388557,6.3201,-75.5621,Entire home/apt,Entire serviced apartment,50,49.02,Medellin
1689348888801365858,6.2475,-75.5951,Entire home/apt,Entire rental unit,3,143.0,Medellin
1710376994562195541,6.2304,-75.6035,Entire home/apt,Entire rental unit,0,181.73,Medellin
790465295975297791,6.2101,-75.57362,Entire home/apt,Entire rental unit,109,144.48,Medellin
46138926,6.2395,-75.499,Entire home/apt,Tiny home,287,56.51,Medellin
1571111900988421939,6.23785,-75.59639,Entire home/apt,Entire rental unit,27,63.6,Medellin
1534938612097648442,6.21199,-75.56254,Entire home/apt,Entire rental unit,0,188.87,Medellin
1329127550491287072,6.2534492884959,-75.59906382043665,Entire home/apt,Entire rental unit,76,48.52,Medellin
937765521016620268,6.2382,-75.6037,Entire home/apt,Entire loft,74,67.63,Medellin
1015579794931561214,6.24743,-75.59791,Entire home/apt,Entire rental unit,60,146.16,Medellin
1310338641706104136,6.2561,-75.5654,Entire home/apt,Entire rental unit,25,54.15,Medellin
1476443323679573008,6.24623,-75.58836,Entire home/apt,Entire rental unit,58,101.8,Medellin
1725458013792071816,6.2459,-75.5814,Entire home/apt,Entire condo,2,95.53,Medellin
991885862990021978,6.23943,-75.59756,Entire home/apt,Entire home,137,61.8,Medellin
1572721530548350071,6.1767,-75.4518,Entire home/apt,Entire place,46,105.83,Medellin
53155043,6.20656,-75.55348,Entire home/apt,Entire rental unit,179,104.6,Medellin
863988203442639300,6.2411,-75.5845,Entire home/apt,Entire loft,65,69.9,Medellin
50446138,6.2003,-75.5758,Entire home/apt,Entire rental unit,12,144.5,Medellin
48239557,6.24755,-75.55966,Entire home/apt,Entire rental unit,14,147.96,Medellin
1633422691026918173,6.16836,-75.58938,Entire home/apt,Entire serviced apartment,0,180.78,Medellin
1521832231717883598,6.2192,-75.569,Entire home/apt,Entire rental unit,0,147.01,Medellin
1269527168012023245,6.2543,-75.5973,Private room,Room in hotel,2,146.62,Medellin
929778426911828560,6.22158,-75.50942,Entire home/apt,Entire cabin,3,150.9,Medellin
1304594696377866897,6.240835680430862,-75.59320040515574,Private room,Room in hotel,3,151.14,Medellin
19021388,6.20119,-75.5671,Entire home/apt,Entire serviced apartment,40,148.36,Medellin
1500983390873807008,6.2147,-75.5715,Private room,Room in hotel,3,144.83,Medellin
1424809901766075786,6.204991006748534,-75.46588528577773,Entire home/apt,Entire cabin,3,148.69,Medellin
1478545143049572931,6.25018,-75.58993,Entire home/apt,Entire rental unit,15,147.22,Medellin
1035043835179169975,6.2512,-75.5866,Entire home/apt,Entire rental unit,69,150.48,Medellin
1605159559093508591,6.207306220238483,-75.5647300112253,Entire home/apt,Entire rental unit,19,150.9,Medellin
17591784,6.19892,-75.56601,Entire home/apt,Entire serviced apartment,48,146.63,Medellin
1239102034830582386,6.2873,-75.461,Entire home/apt,Entire cabin,1,100.05,Medellin
644291592880380920,6.20778,-75.56831,Private room,Room in boutique hotel,24,142.15,Medellin
18526060,6.19998,-75.56568,Entire home/apt,Entire serviced apartment,48,161.84,Medellin
1487724003370565356,6.2445,-75.602,Entire home/apt,Entire rental unit,0,177.57,Medellin
1224794831406919999,6.38957,-75.45778,Entire home/apt,Entire cabin,0,152.37,Medellin
50329149,6.2083,-75.568,Entire home/apt,Entire rental unit,0,272.3,Medellin
1294253632069347647,6.2231,-75.5921,Entire home/apt,Entire home,36,155.91,Medellin
39946322,6.24425,-75.58989,Entire home/apt,Entire rental unit,78,143.24,Medellin
1652296544766600874,6.261511846339495,-75.59407804658738,Entire home/apt,Entire condo,3,150.83,Medellin
1684971409424006282,6.093650591442655,-75.47786010446131,Entire home/apt,Entire rental unit,2,191.57,Medellin
1507702536282559951,6.245553843758248,-75.59142106897899,Entire home/apt,Entire rental unit,1,176.84,Medellin
1618311318387654245,6.2084,-75.57498,Entire home/apt,Entire rental unit,1,143.54,Medellin
19582958,6.20128,-75.56575,Entire home/apt,Entire rental unit,65,164.65,Medellin
1668367034433107649,6.21595,-75.57011,Entire home/apt,Entire rental unit,0,185.49,Medellin
1244211316669059626,6.2081,-75.5653,Private room,Private room in bed and breakfast,0,180.88,Medellin
1397849988250071465,6.2594,-75.5952,Entire home/apt,Entire rental unit,1,175.79,Medellin
40451775,6.24483,-75.58973,Entire home/apt,Entire rental unit,46,158.9,Medellin
52756580,6.2003,-75.5757,Entire home/apt,Entire rental unit,19,146.99,Medellin
639117729172171598,6.283,-75.4471,Entire home/apt,Entire cottage,3,147.22,Medellin
1096576232056736820,6.29756,-75.50073,Entire home/apt,Entire cabin,3,147.22,Medellin
1455942628961335897,6.20989,-75.55772,Entire home/apt,Entire rental unit,12,187.78,Medellin
1263802123447889875,6.175364273842255,-75.57048283811993,Entire home/apt,Entire rental unit,2,146.24,Medellin
852315999741321085,6.1836,-75.5789,Entire home/apt,Entire rental unit,3,125.26,Medellin
1269539529277282029,6.2543,-75.5973,Private room,Room in hotel,0,146.62,Medellin
1633031710925870763,6.19007,-75.56193,Entire home/apt,Entire rental unit,3,185.5,Medellin
1536338198182759544,6.208,-75.5663,Private room,Room in hotel,0,178.64,Medellin
54257584,6.20939,-75.56601,Entire home/apt,Entire serviced apartment,53,142.9,Medellin
36700110,6.2003,-75.5755,Entire home/apt,Entire rental unit,17,142.24,Medellin
17270092,6.19836,-75.56738,Entire home/apt,Entire serviced apartment,63,159.06,Medellin
1544374974391698501,6.205746628564544,-75.5628565531068,Entire home/apt,Entire rental unit,5,175.4,Medellin
1393493073282210346,6.278987810909574,-75.575018634138,Entire home/apt,Entire rental unit,0,150.9,Medellin
682712984023643209,6.25412,-75.42527,Entire home/apt,Entire cabin,6,152.38,Medellin
1184060832741569361,6.2565,-75.6141,Entire home/apt,Entire rental unit,8,145.75,Medellin
50998311,6.24037,-75.48267,Entire home/apt,Entire cabin,5,150.9,Medellin
1537152900714393345,6.2571,-75.5922,Private room,Room in hotel,0,182.18,Medellin
778285261744541266,6.21055,-75.56557,Entire home/apt,Entire rental unit,55,273.8,Medellin
1541270783353790590,6.212660727945263,-75.57386254488878,Entire home/apt,Entire home,0,317.15,Medellin
1508986628630008507,6.2439,-75.5945,Entire home/apt,Entire rental unit,13,163.25,Medellin
1447907788680528109,6.2071,-75.5735,Entire home/apt,Entire rental unit,1,187.38,Medellin
974165271736804311,6.2108,-75.5654,Entire home/apt,Entire condo,106,150.9,Medellin
39984324,6.2097,-75.5661,Entire home/apt,Entire serviced apartment,17,142.1,Medellin
1679176008712493926,6.19016,-75.56178,Entire home/apt,Entire rental unit,2,176.5,Medellin
11690580,6.2112,-75.5591,Entire home/apt,Entire rental unit,267,215.4,Medellin
1620354299594177968,6.1906,-75.562,Entire home/apt,Entire rental unit,9,144.92,Medellin
1062374125196610063,6.2132,-75.5719,Entire home/apt,Entire rental unit,99,177.84,Medellin
45309764,6.282,-75.4614,Entire home/apt,Entire chalet,132,80.19,Medellin
1146332918625680501,6.2374,-75.5915,Entire home/apt,Entire home,65,150.24,Medellin
1605832475757429325,6.2401,-75.5802,Entire home/apt,Entire rental unit,18,155.25,Medellin
18879378,6.20091,-75.56774,Entire home/apt,Entire rental unit,38,146.05,Medellin
53704335,6.2044,-75.5642,Entire home/apt,Entire rental unit,190,155.0,Medellin
1691656835149461021,6.164007466598223,-75.57232420600425,Entire home/apt,Entire rental unit,6,150.7,Medellin
1729921913158886834,6.2566,-75.5972,Entire home/apt,Entire rental unit,0,182.0,Medellin
1655499620565912771,6.25882,-75.58592,Entire home/apt,Entire rental unit,2,148.69,Medellin
995082228735506545,6.2139,-75.5732,Entire home/apt,Entire rental unit,119,148.7,Medellin
1649444703580919759,6.1742,-75.5914,Entire home/apt,Entire rental unit,7,158.4,Medellin
1275365006192490478,6.2144,-75.5719,Entire home/apt,Entire condo,25,127.43,Medellin
2935656,6.21263,-75.55987,Entire home/apt,Entire rental unit,266,146.79,Medellin
1408002308410147646,6.1886,-75.576,Entire home/apt,Entire rental unit,6,144.34,Medellin
902211842310256631,6.2111,-75.56777,Private room,Private room in rental unit,13,144.78,Medellin
1541400285862541202,6.1742,-75.5914,Entire home/apt,Entire rental unit,27,143.0,Medellin
1325414897137178461,6.21066,-75.57229,Entire home/apt,Entire rental unit,38,181.98,Medellin
1564087916073305199,6.24249,-75.59588,Entire home/apt,Entire rental unit,34,146.11,Medellin
1320322530281724126,6.24,-75.5966,Entire home/apt,Entire rental unit,0,169.27,Medellin
1587178448208171716,6.2135,-75.5734,Private room,Room in hotel,0,145.51,Medellin
1605014463403651717,6.208569075825082,-75.56574536796413,Private room,Room in hotel,0,148.79,Medellin
1339152388706967648,6.228517398146815,-75.59657602474876,Entire home/apt,Entire rental unit,2,147.96,Medellin
1563978523372025055,6.2434,-75.5948,Entire home/apt,Entire rental unit,0,180.78,Medellin
848590763684793815,6.2063,-75.5546,Entire home/apt,Entire rental unit,150,262.49,Medellin
13293021,6.20873,-75.5711,Entire home/apt,Entire loft,173,147.96,Medellin
1046522718974731916,6.241,-75.5818,Entire home/apt,Entire rental unit,95,224.6,Medellin
23611449,6.21131,-75.55882,Entire home/apt,Entire loft,71,226.91,Medellin
1559522999743360944,6.207955273913931,-75.56640023345722,Entire home/apt,Entire rental unit,10,249.28,Medellin
1298142391967062447,6.2215,-75.5791,Entire home/apt,Entire rental unit,12,145.75,Medellin
1678590607766956584,6.20444,-75.55914,Entire home/apt,Entire rental unit,6,245.68,Medellin
1517740751253673734,6.24528,-75.59705,Entire home/apt,Entire rental unit,11,148.46,Medellin
574821496525695699,6.2129,-75.57016,Entire home/apt,Entire rental unit,85,287.0,Medellin
1124664641656030241,6.2132,-75.5719,Entire home/apt,Entire rental unit,44,255.0,Medellin
935732563112101984,6.2108,-75.5676,Entire home/apt,Entire rental unit,122,277.8,Medellin
1309567161716959421,6.210307104425046,-75.5676335541026,Entire home/apt,Entire rental unit,52,264.29,Medellin
710987739621104300,6.21167,-75.56377,Entire home/apt,Entire vacation home,47,220.0,Medellin
1566005032056683736,6.2542,-75.585,Entire home/apt,Entire home,17,328.97,Medellin
1488555859470289006,6.2257,-75.5616,Entire home/apt,Entire rental unit,49,230.95,Medellin
1065859204089490401,6.2064,-75.56,Entire home/apt,Entire rental unit,92,228.03,Medellin
1511845795884974259,6.2024,-75.5572,Entire home/apt,Entire home,18,252.6,Medellin
53936265,6.2095,-75.49729,Entire home/apt,Entire cottage,0,183.08,Medellin
1476230123130879258,6.2123,-75.5631,Entire home/apt,Entire rental unit,30,221.14,Medellin
1104478893655632961,6.20356,-75.56374,Entire home/apt,Entire rental unit,25,250.0,Medellin
1001553400416472161,6.2435,-75.56,Entire home/apt,Entire rental unit,67,56.6,Medellin
33588514,6.2064,-75.5639,Entire home/apt,Entire rental unit,47,228.4,Medellin
19055637,6.2419,-75.6006,Entire home/apt,Entire rental unit,0,147.22,Medellin
1391466653659920171,6.1842,-75.5638,Entire home/apt,Entire serviced apartment,51,261.42,Medellin
1147357873267910489,6.2243,-75.562,Entire home/apt,Entire rental unit,33,223.63,Medellin
592239611128996721,6.213,-75.5591,Entire home/apt,Entire serviced apartment,111,243.53,Medellin
1364525200445055435,6.2082,-75.5673,Private room,Room in hotel,19,180.88,Medellin
1195616686371836941,6.2088,-75.5654,Entire home/apt,Entire rental unit,83,229.93,Medellin
1647144401145532432,6.2111,-75.5709,Private room,Room in boutique hotel,30,90.54,Medellin
1705255224822529511,6.205401550645939,-75.572073721932,Entire home/apt,Entire rental unit,3,103.24,Medellin
1504004049561314600,6.2446,-75.55931,Entire home/apt,Entire rental unit,18,41.86,Medellin
1608269657406484950,6.2428,-75.586,Entire home/apt,Entire rental unit,3,62.96,Medellin
1026250745770281001,6.24333,-75.58433,Private room,Private room in rental unit,23,40.34,Medellin
1709470675046575406,6.243401995984137,-75.55801421678437,Entire home/apt,Entire rental unit,1,40.61,Medellin
1440245963318982161,6.2383,-75.5699,Private room,Private room in rental unit,4,152.37,Medellin
858119732906514863,6.2391,-75.5885,Entire home/apt,Entire loft,190,40.6,Medellin
1145660550082224890,6.24324,-75.56037,Private room,Room in hotel,38,40.73,Medellin
1214798969783542680,6.2143,-75.5734,Entire home/apt,Entire rental unit,52,120.92,Medellin
772623355578300921,6.26381,-75.55918,Entire home/apt,Entire rental unit,76,35.45,Medellin
1633384249370314222,6.2516,-75.5871,Entire home/apt,Entire home,12,146.28,Medellin
1294922951676978538,6.2082,-75.5743,Entire home/apt,Entire rental unit,41,43.0,Medellin
1406659362170231092,6.2140536465725305,-75.57239355603663,Entire home/apt,Entire rental unit,1,258.0,Medellin
1334866379818544484,6.2559,-75.5968,Private room,Private room in home,11,21.5,Medellin
1040744211004301021,6.2293,-75.5362,Entire home/apt,Entire rental unit,61,57.78,Medellin
933765423123329187,6.2437,-75.5596,Entire home/apt,Entire rental unit,33,43.14,Medellin
1694484541824936429,6.245342180910747,-75.55931938093087,Entire home/apt,Entire rental unit,2,48.26,Medellin
53608676,6.2468,-75.5552,Entire home/apt,Entire loft,25,50.5,Medellin
640464598918507143,6.24915,-75.59045,Entire home/apt,Entire serviced apartment,627,105.03,Medellin
1438033981531551135,6.2458,-75.5847,Entire home/apt,Entire rental unit,16,61.8,Medellin
1508707278769276815,6.2416,-75.5591,Entire home/apt,Entire rental unit,35,35.86,Medellin
592125363941867002,6.2016,-75.5693,Entire home/apt,Entire loft,322,67.57,Medellin
53532889,6.24928,-75.5917,Entire home/apt,Entire loft,296,57.61,Medellin
781689628673916120,6.2507,-75.5965,Private room,Private room in home,53,21.61,Medellin
20455930,6.2442,-75.55896,Entire home/apt,Entire serviced apartment,150,41.22,Medellin
1371186530862655108,6.158930738012444,-75.60653326345205,Entire home/apt,Entire rental unit,53,62.39,Medellin
1681233114737866233,6.2076,-75.574,Entire home/apt,Entire rental unit,2,60.4,Medellin
53591803,6.28327,-75.56347,Entire home/apt,Entire loft,44,22.09,Medellin
32896008,6.2526,-75.5876,Private room,Private room in rental unit,136,23.41,Medellin
1206719477763321675,6.1994,-75.5641,Entire home/apt,Entire rental unit,51,60.6,Medellin
1156676254773752841,6.2328,-75.6005,Private room,Private room in home,18,21.8,Medellin
1606687535149169532,6.239775985735793,-75.57998405778693,Entire home/apt,Entire rental unit,23,62.32,Medellin
1512979753576205394,6.2687,-75.5576,Private room,Private room in guesthouse,11,25.8,Medellin
31809065,6.25147,-75.5933,Private room,Private room in home,66,25.14,Medellin
1266942657764565095,6.197939118950961,-75.56552614113468,Entire home/apt,Entire rental unit,53,44.8,Medellin
1536306675719500281,6.2524,-75.5942,Entire home/apt,Entire serviced apartment,13,60.4,Medellin
50173477,6.21308,-75.57726,Entire home/apt,Entire rental unit,225,62.0,Medellin
1515315824469298855,6.197745333369995,-75.57321861447332,Entire home/apt,Entire rental unit,30,220.12,Medellin
42755703,6.24835,-75.59715,Private room,Private room in townhouse,24,21.92,Medellin
1046447354139064304,6.2491,-75.5978,Private room,Private room in townhouse,7,21.86,Medellin
1543915648289009660,6.2233,-75.5975,Private room,Private room in guesthouse,2,22.16,Medellin
1250117755668088537,6.242716691355217,-75.5609961078164,Entire home/apt,Entire loft,29,62.32,Medellin
13550973,6.24481,-75.58437,Private room,Private room in home,28,21.79,Medellin
990035503386483591,6.24129,-75.58617,Private room,Private room in bed and breakfast,3,22.65,Medellin
40752380,6.1776,-75.5858,Private room,Private room in rental unit,68,22.21,Medellin
1117393802707927046,6.2082,-75.5743,Entire home/apt,Entire condo,109,260.37,Medellin
1634241394173335017,6.1748,-75.587,Private room,Private room in home,2,22.11,Medellin
40763619,6.1776,-75.5858,Private room,Private room in rental unit,42,20.3,Medellin
900830943763528030,6.2377,-75.6019,Private room,Private room in guesthouse,30,20.96,Medellin
1626410652337425287,6.24875,-75.60324,Private room,Private room in rental unit,0,22.33,Medellin
1622631778629042427,6.23108,-75.60354,Private room,Private room in rental unit,1,24.75,Medellin
1532624291965698623,6.26263,-75.5549,Private room,Private room in home,2,23.42,Medellin
18934746,6.1776,-75.5857,Private room,Private room in rental unit,76,21.61,Medellin
910244347324351186,6.17122,-75.61596,Entire home/apt,Entire rental unit,45,22.87,Medellin
934245626632711454,6.2352,-75.5935,Private room,Private room in home,16,20.98,Medellin
1343410445425599120,6.2554,-75.6224,Private room,Room in hotel,0,25.65,Medellin
54307690,6.2284,-75.6007,Private room,Private room in home,38,21.71,Medellin
1536990905421238520,6.1906,-75.5619,Entire home/apt,Entire condo,7,109.47,Medellin
842032643962824198,6.2507,-75.5874,Entire home/apt,Entire home,124,162.0,Medellin
1110126162144150989,6.23258,-75.5902,Entire home/apt,Entire villa,91,270.0,Medellin
50847716,6.24576,-75.59237,Private room,Private room in home,29,35.0,Medellin
1476875945509878854,6.20468,-75.55798,Entire home/apt,Entire rental unit,20,61.6,Medellin
1698686685509513646,6.2244,-75.5818,Entire home/apt,Entire loft,2,42.16,Medellin
1264116815138554437,6.24829608653145,-75.58791750400624,Entire home/apt,Entire loft,50,57.56,Medellin
1715623759942071162,6.2428,-75.5623,Entire home/apt,Entire loft,0,56.34,Medellin
1308214024643123231,6.2395,-75.5994,Entire home/apt,Entire rental unit,49,72.2,Medellin
1507670003880979539,6.2238,-75.5951,Entire home/apt,Entire rental unit,28,51.3,Medellin
1612514694665693312,6.2435,-75.5601,Entire home/apt,Entire rental unit,8,60.8,Medellin
1137125284787748958,6.2323,-75.6092,Entire home/apt,Entire rental unit,16,25.49,Medellin
800732027331697044,6.2322,-75.5407,Entire home/apt,Entire rental unit,54,56.9,Medellin
1438570470776190612,6.25023,-75.56858,Entire home/apt,Entire rental unit,7,69.72,Medellin
1259407073562927648,6.2278,-75.6005,Entire home/apt,Entire rental unit,81,29.17,Medellin
590700437534872733,6.227194367014108,-75.60380694640477,Private room,Room in boutique hotel,63,15.9,Medellin
943050682529104852,6.2256,-75.5955,Entire home/apt,Entire rental unit,149,54.0,Medellin
1734318585097650710,6.2238,-75.5932,Entire home/apt,Entire rental unit,0,37.37,Medellin
879573526781551971,6.20184,-75.58766,Entire home/apt,Entire home,54,56.98,Medellin
53403599,6.20761,-75.51724,Entire home/apt,Entire cabin,60,56.65,Medellin
859463930125740690,6.2349,-75.5985,Entire home/apt,Entire rental unit,105,29.74,Medellin
1060861114918864827,6.21455,-75.58495,Entire home/apt,Entire rental unit,73,74.93,Medellin
1184206523196331775,6.2003,-75.5918,Entire home/apt,Entire rental unit,27,22.09,Medellin
40251720,6.2208,-75.59725,Private room,Private room in home,38,21.27,Medellin
1666701417892584229,6.23013757438542,-75.60437112626096,Private room,Private room in home,12,30.58,Medellin
1196528137951876617,6.214,-75.5607,Entire home/apt,Entire rental unit,56,58.6,Medellin
1289108043837925782,6.205207104194372,-75.58903061066763,Private room,Private room in home,0,23.26,Medellin
1605209788605803724,6.208,-75.6006,Private room,Private room in home,0,21.79,Medellin
1604726250964916412,6.20751,-75.58647,Private room,Private room in guesthouse,2,22.11,Medellin
1235858931709862169,6.2435,-75.5599,Entire home/apt,Entire loft,19,50.15,Medellin
1579201478358605118,6.1590372637419035,-75.60577758574894,Entire home/apt,Entire rental unit,21,49.18,Medellin
1301022990583227339,6.231,-75.6059,Entire home/apt,Entire rental unit,34,28.56,Medellin
1420324922480795138,6.2429,-75.5563,Entire home/apt,Entire rental unit,9,51.13,Medellin
956188839324895739,6.2466,-75.5852,Private room,Private room in home,25,39.02,Medellin
593431755758761441,6.2016,-75.5693,Entire home/apt,Entire loft,290,55.82,Medellin
895694440036972888,6.20847,-75.55743,Private room,Private room in home,134,57.2,Medellin
1158883686984053368,6.2288230546247165,-75.60089407772763,Entire home/apt,Entire rental unit,97,29.17,Medellin
1686477165600769929,6.2309,-75.6059,Entire home/apt,Entire rental unit,1,36.12,Medellin
30509514,6.2044,-75.56359,Private room,Private room in rental unit,98,20.4,Medellin
1669511673528968877,6.26308,-75.54645,Entire home/apt,Entire rental unit,0,398.01,Medellin
1703889195760328096,6.1569,-75.5815,Private room,Private room in home,0,20.27,Medellin
1121865105217599203,6.24212,-75.557,Entire home/apt,Entire rental unit,44,50.76,Medellin
1558019584973000731,6.2509,-75.5628,Private room,Private room in condo,4,22.8,Medellin
850230288920252930,6.3283,-75.5686,Private room,Private room in rental unit,0,24.91,Medellin
1022720887058326665,6.2081,-75.5599,Entire home/apt,Entire rental unit,64,48.4,Medellin
1511816295813301108,6.18272,-75.57671,Entire home/apt,Entire rental unit,26,50.8,Medellin
1629760469225254016,6.25977,-75.59081,Private room,Room in hotel,2,22.82,Medellin
1071710361209818324,6.2158,-75.6014,Private room,Private room in rental unit,53,24.0,Medellin
773211665280088532,6.2085,-75.5596,Entire home/apt,Entire rental unit,170,50.03,Medellin
946501219503918280,6.22036,-75.58322,Private room,Private room in home,43,21.71,Medellin
1045769458986308380,6.25952,-75.61617,Entire home/apt,Entire rental unit,15,23.75,Medellin
866185575092749665,6.2433,-75.5602,Entire home/apt,Entire rental unit,19,49.32,Medellin
959654108987917086,6.24959,-75.58858,Private room,Private room in home,12,23.34,Medellin
999622054400230335,6.2432,-75.561,Entire home/apt,Entire serviced apartment,128,50.55,Medellin
1416877452459718369,6.15838,-75.58434,Private room,Private room in home,3,21.06,Medellin
947786895536821112,6.1577,-75.58044,Private room,Private room in home,12,21.79,Medellin
964633985210589699,6.24865,-75.58686,Private room,Room in hotel,1,26.69,Medellin
1137863404982801018,6.26216,-75.61076,Private room,Private room in rental unit,1,21.72,Medellin
1685810826748836868,6.2454,-75.607,Private room,Private room in rental unit,1,27.23,Medellin
1223363380933953584,6.24571,-75.6064,Private room,Private room in home,0,23.49,Medellin
1662368195916463451,6.2037,-75.5846,Entire home/apt,Tiny home,2,22.11,Medellin
760290815525660616,6.2116,-75.58372,Private room,Private room in home,25,22.09,Medellin
1645728273317310469,6.237350124133368,-75.58820013390864,Private room,Room in hotel,13,21.9,Medellin
16769154,6.20337,-75.59813,Shared room,Shared room in rental unit,201,23.85,Medellin
54028762,6.22501,-75.60047,Private room,Private room in home,9,22.68,Medellin
1465503394269971067,6.2431,-75.5598,Entire home/apt,Entire loft,18,58.6,Medellin
973264857935830270,6.22029,-75.61148,Private room,Private room in rental unit,0,20.98,Medellin
1373177732318760774,6.2394,-75.6073,Private room,Private room in guesthouse,4,21.45,Medellin
618454788526342762,6.25042,-75.59301,Private room,Private room in rental unit,3,22.45,Medellin
1563058049871234703,6.2385,-75.5974,Private room,Private room in home,20,26.04,Medellin
1379698567268280757,6.258282916138521,-75.61512895063788,Entire home/apt,Entire rental unit,11,20.0,Medellin
999509362169351805,6.25289,-75.58694,Entire home/apt,Entire rental unit,0,279.46,Medellin
52804151,6.25833,-75.62505,Entire home/apt,Entire guesthouse,43,22.01,Medellin
22066610,6.28165,-75.61323,Private room,Private room in condo,5,22.25,Medellin
701542646607750442,6.2314,-75.6037,Entire home/apt,Entire rental unit,0,22.25,Medellin
1457340196106765008,6.25038,-75.56095,Private room,Room in hotel,1,26.79,Medellin
1368255098826268273,6.195294443436654,-75.6001654185778,Private room,Private room in rental unit,9,21.9,Medellin
30509851,6.20357,-75.56304,Private room,Private room in rental unit,37,20.4,Medellin
1602314995634434627,6.240481766323334,-75.58496323310766,Entire home/apt,Entire home,4,22.09,Medellin
1592972822474762139,6.2592,-75.6154,Entire home/apt,Entire rental unit,2,21.38,Medellin
1691493446918590451,6.2473,-75.5903,Entire home/apt,Entire rental unit,1,22.09,Medellin
1167457598875373695,6.2461,-75.5851,Private room,Room in hotel,1,27.4,Medellin
1374574662869543226,6.2036,-75.5591,Entire home/apt,Entire rental unit,87,47.48,Medellin
1464126398869205854,6.2498,-75.5712,Private room,Room in hotel,1,20.54,Medellin
742682977114112993,6.25879,-75.55976,Private room,Private room in home,5,22.38,Medellin
1405817860296610705,6.24224,-75.60384,Private room,Private room in home,1,22.45,Medellin
1137905707825007595,6.26351,-75.6105,Private room,Private room in rental unit,3,21.28,Medellin
1272204673523262906,6.2432,-75.5571,Entire home/apt,Entire rental unit,51,45.37,Medellin
1653181710613608580,6.26568,-75.60164,Private room,Private room in rental unit,0,22.09,Medellin
1159406354350424369,6.2003,-75.5918,Entire home/apt,Entire rental unit,52,21.52,Medellin
1458012560406883530,6.24396,-75.55791,Entire home/apt,Entire rental unit,25,45.45,Medellin
1587287973744911870,6.2592,-75.6154,Private room,Private room in rental unit,0,26.54,Medellin
1162660323412496094,6.23871,-75.5938,Entire home/apt,Entire rental unit,0,26.69,Medellin
1657345644913788987,6.23854,-75.60138,Entire home/apt,Entire rental unit,3,307.11,Medellin
1556072973097882777,6.3415,-75.5406,Private room,Private room in guesthouse,1,28.11,Medellin
1670451444131355774,6.1906,-75.562,Entire home/apt,Entire rental unit,13,154.0,Medellin
1582652372856193113,6.2538,-75.603,Shared room,Shared room in home,1,28.18,Medellin
53942582,6.2106,-75.5679,Entire home/apt,Entire loft,339,61.74,Medellin
1730782100453422617,6.19178,-75.57078,Entire home/apt,Entire rental unit,0,176.28,Medellin
932482195633154562,6.24295,-75.58497,Entire home/apt,Entire serviced apartment,105,153.28,Medellin
1047252797653262194,6.25961,-75.61464,Entire home/apt,Entire rental unit,2,21.09,Medellin
745087634575721979,6.27184,-75.56237,Private room,Private room in guesthouse,26,31.32,Medellin
1309429974049696052,6.247905904796817,-75.55773769447728,Entire home/apt,Entire rental unit,42,26.87,Medellin
1130562114818253589,6.1991,-75.5653,Entire home/apt,Entire loft,155,52.2,Medellin
1425451626088445967,6.242249426254739,-75.56125087599277,Entire home/apt,Entire rental unit,32,44.25,Medellin
1453794028546492710,6.23049,-75.60487,Entire home/apt,Entire rental unit,19,49.0,Medellin
750930299007733372,6.24992,-75.59776,Private room,Private room in home,35,21.31,Medellin
1514035861633056796,6.2099,-75.5869,Private room,Private room in home,7,22.09,Medellin
905997832233618415,6.2442,-75.5915,Private room,Room in boutique hotel,50,24.13,Medellin
1516571103978823971,6.2495,-75.5936,Private room,Private room in rental unit,149,29.29,Medellin
1001530038827230522,6.26327,-75.5572,Entire home/apt,Entire rental unit,34,27.46,Medellin
1671924866009009876,6.26,-75.5643,Entire home/apt,Entire rental unit,2,20.98,Medellin
896146337418137828,6.20821,-75.55944,Private room,Private room in home,117,52.0,Medellin
1429906880367966515,6.2442,-75.5914,Private room,Room in hotel,45,24.1,Medellin
1396637622370705224,6.247708393448252,-75.56152254835284,Private room,Private room in guesthouse,4,23.0,Medellin
1438736828136683529,6.2383,-75.5699,Entire home/apt,Entire rental unit,17,47.94,Medellin
1611034240360806109,6.2313,-75.6007,Entire home/apt,Entire rental unit,5,54.66,Medellin
1214727029628027639,6.2312,-75.6031,Entire home/apt,Entire rental unit,117,57.52,Medellin
1694484390559954429,6.243383112856059,-75.55989740648863,Entire home/apt,Entire rental unit,4,60.08,Medellin
731135256814325272,6.2437,-75.5596,Entire home/apt,Entire rental unit,51,59.8,Medellin
1436314039409752890,6.22999,-75.60663,Entire home/apt,Entire rental unit,23,56.55,Medellin
932698795728424658,6.2556,-75.5587,Private room,Private room in home,1,22.3,Medellin
51350669,6.2412,-75.5991,Private room,Private room in home,99,26.35,Medellin
1705880386537770159,6.259566401576199,-75.56019965943406,Private room,Private room in rental unit,0,27.4,Medellin
1523952014281193186,6.2477,-75.5618,Private room,Room in hotel,1,22.28,Medellin
1512496094917293092,6.2308,-75.6038,Entire home/apt,Entire rental unit,0,56.62,Medellin
1710829998810408302,6.2418,-75.5822,Private room,Private room in rental unit,0,22.89,Medellin
907906496172529683,6.23894,-75.60318,Private room,Private room in home,62,22.07,Medellin
1603275954135364617,6.2609,-75.5928,Private room,Private room in loft,16,25.73,Medellin
1409020855521961697,6.2509,-75.5628,Private room,Private room in rental unit,7,22.8,Medellin
1692195786422765643,6.238870687103583,-75.57971054334405,Entire home/apt,Entire rental unit,1,45.64,Medellin
1321027243276321376,6.2435,-75.5598,Entire home/apt,Entire loft,40,46.5,Medellin
1136337241797826555,6.2432,-75.5558,Entire home/apt,Entire rental unit,111,56.46,Medellin
1640833507378108026,6.26527,-75.59633,Private room,Private room in guesthouse,1,27.3,Medellin
1304432829059672381,6.2419,-75.5922,Private room,Room in hotel,1,150.58,Medellin
25549051,6.2433,-75.5602,Entire home/apt,Entire rental unit,112,57.14,Medellin
1311594764043092904,6.255531428319437,-75.60004919190305,Private room,Private room in rental unit,0,26.46,Medellin
911812171676170733,6.2091,-75.5728,Private room,Room in hotel,1,148.08,Medellin
1640247769976651146,6.28196,-75.57308,Entire home/apt,Entire rental unit,4,25.76,Medellin
37367557,6.172499639271562,-75.57623628804505,Private room,Private room in cottage,120,20.58,Medellin
775998822816964315,6.2507,-75.5964,Private room,Private room in home,38,21.31,Medellin
32871399,6.2526,-75.5876,Private room,Private room in rental unit,110,23.41,Medellin
1707376318794461754,6.234652764620242,-75.54990949842227,Entire home/apt,Entire rental unit,0,54.09,Medellin
1302583139261306324,6.31463,-75.56508,Private room,Private room in rental unit,12,20.55,Medellin
52486588,6.16808,-75.61165,Private room,Private room in casa particular,58,20.33,Medellin
35843512,6.25153,-75.59452,Private room,Private room in home,53,23.36,Medellin
896125409648134449,6.20979,-75.55918,Private room,Private room in home,184,53.0,Medellin
1708859613921879102,6.2644,-75.5933,Entire home/apt,Entire rental unit,3,26.21,Medellin
1405368463147773522,6.24385,-75.60483,Private room,Private room in home,8,22.09,Medellin
1613932755292377531,6.24065,-75.59225,Entire home/apt,Entire rental unit,8,53.37,Medellin
1553795234253850096,6.23771,-75.59803,Private room,Private room in home,26,26.04,Medellin
908498453029533514,6.24531,-75.58287,Private room,Private room in rental unit,19,20.61,Medellin
1528320069700069776,6.2584,-75.5983,Private room,Private room in home,3,22.09,Medellin
1480738975420150012,6.2433,-75.5601,Entire home/apt,Entire condo,19,58.71,Medellin
1479159388713079792,6.330930604695262,-75.56075565209977,Private room,Private room in home,4,20.69,Medellin
667997120255172913,6.2086,-75.55292,Entire home/apt,Tiny home,59,55.21,Medellin
1528330512223744024,6.2584,-75.5983,Private room,Private room in home,32,20.98,Medellin
32871312,6.2526,-75.5876,Private room,Private room in rental unit,75,23.41,Medellin
1338450472485752381,6.1499,-75.6175,Entire home/apt,Entire rental unit,50,52.46,Medellin
1612015923919726441,6.2453,-75.5602,Entire home/apt,Entire rental unit,8,61.18,Medellin
24605454,6.2563,-75.5955,Private room,Private room in home,134,23.94,Medellin
1494618638001227877,6.2303,-75.5614,Entire home/apt,Entire rental unit,32,62.0,Medellin
48974261,6.2023,-75.5715,Entire home/apt,Entire serviced apartment,14,146.15,Medellin
1201549467726481575,6.18028,-75.5533,Entire home/apt,Entire rental unit,20,55.21,Medellin
40330508,6.2516,-75.59003,Private room,Private room in home,72,22.03,Medellin
908502595327437565,6.24723,-75.58393,Private room,Private room in rental unit,27,22.07,Medellin
38095042,6.20057,-75.56331,Entire home/apt,Entire rental unit,281,55.0,Medellin
939260154832251896,6.2315,-75.5991,Entire home/apt,Entire rental unit,1,20.8,Medellin
1555066834198028471,6.243628928276481,-75.59147656705078,Private room,Private room in rental unit,51,46.49,Medellin
1592225188422109831,6.2557,-75.5845,Entire home/apt,Entire home,6,201.45,Medellin
1508782336695664796,6.2438,-75.5836,Private room,Private room in rental unit,55,68.24,Medellin
1612526191805872202,6.24505,-75.60759,Private room,Private room in home,0,26.69,Medellin
52606476,6.25589,-75.55388,Entire home/apt,Entire guest suite,34,35.33,Medellin
1143561822369303629,6.1992,-75.5654,Entire home/apt,Entire loft,200,69.32,Medellin
1145954041870881102,6.1761,-75.5829,Private room,Private room in home,76,20.74,Medellin
808792461426871764,6.24061,-75.58739,Private room,Private room in home,13,21.49,Medellin
47979791,6.23967,-75.58696,Entire home/apt,Entire loft,161,60.44,Medellin
1672158840514700183,6.1527,-75.6219,Entire home/apt,Entire loft,7,61.44,Medellin
1421595492583850775,6.2472,-75.5914,Private room,Private room in rental unit,35,34.6,Medellin
508618914062587342,6.24826,-75.59233,Entire home/apt,Entire serviced apartment,96,34.47,Medellin
646509422636214332,6.24167,-75.56028,Entire home/apt,Entire rental unit,282,34.82,Medellin
1662651601520150834,6.2562,-75.5858,Entire home/apt,Entire rental unit,20,34.19,Medellin
1725101456985909420,6.2436,-75.5931,Entire home/apt,Entire rental unit,0,72.82,Medellin
1435567993943000503,6.15892,-75.60578,Entire home/apt,Entire rental unit,56,62.57,Medellin
32112730,6.26004,-75.59321,Private room,Private room in home,50,35.8,Medellin
1546590237178471302,6.1932,-75.5815,Entire home/apt,Entire rental unit,10,34.27,Medellin
1164806505497962135,6.244,-75.5824,Entire home/apt,Entire rental unit,101,75.4,Medellin
959561993939242038,6.234916801759491,-75.5938304876915,Private room,Private room in home,16,34.55,Medellin
1689291990815562049,6.24338,-75.55918,Entire home/apt,Entire rental unit,1,39.74,Medellin
1129933736783851438,6.2428,-75.5623,Entire home/apt,Entire rental unit,77,34.53,Medellin
1248663224722035151,6.2502,-75.5934,Private room,Room in hotel,43,34.42,Medellin
44125450,6.198,-75.5699,Entire home/apt,Entire loft,440,61.0,Medellin
1075665698804296738,6.21119,-75.56873,Private room,Private room in rental unit,85,34.88,Medellin
52970104,6.2082,-75.518,Entire home/apt,Entire cabin,32,61.0,Medellin
1523368652252857083,6.2435,-75.5601,Entire home/apt,Entire rental unit,7,74.8,Medellin
52132613,6.21237,-75.57267,Entire home/apt,Entire rental unit,246,61.6,Medellin
1184992600026647112,6.21377,-75.57483,Entire home/apt,Entire rental unit,18,148.03,Medellin
1477937672024185126,6.24922,-75.59424,Entire home/apt,Entire home,40,35.0,Medellin
34696295,6.22473,-75.56805,Entire home/apt,Entire condo,95,154.0,Medellin
1431318698672576179,6.247663103125695,-75.59104712560497,Private room,Private room in home,21,21.57,Medellin
1392708,6.25306,-75.58809,Private room,Private room in home,247,22.25,Medellin
1299216991015628525,6.203469447432188,-75.56303898510173,Private room,Private room in rental unit,4,20.4,Medellin
1319037368760046082,6.2057,-75.5654,Entire home/apt,Entire rental unit,56,237.8,Medellin
1209861113909800476,6.2433,-75.5602,Entire home/apt,Entire condo,80,32.88,Medellin
1637730418305157759,6.2295,-75.5922,Entire home/apt,Entire loft,9,32.01,Medellin
588380348844397838,6.245,-75.5913,Private room,Private room in home,96,35.0,Medellin
5946778,6.26196,-75.56175,Entire home/apt,Entire rental unit,130,32.6,Medellin
1532065109032082185,6.2522,-75.5892,Private room,Private room in guesthouse,13,28.7,Medellin
1137712299248567825,6.2571,-75.6003,Private room,Private room in home,22,34.32,Medellin
1626896204932812574,6.3325,-75.5598,Entire home/apt,Entire rental unit,7,33.12,Medellin
743983933230133806,6.2055,-75.58,Entire home/apt,Entire rental unit,182,44.0,Medellin
47770282,6.25593,-75.57902,Private room,Private room in rental unit,18,33.13,Medellin
1203830650432402504,6.245,-75.5941,Private room,Private room in rental unit,72,32.86,Medellin
49515079,6.24593,-75.58777,Entire home/apt,Entire rental unit,257,33.68,Medellin
1644280278692260481,6.242,-75.60159,Entire home/apt,Entire rental unit,3,47.0,Medellin
1613105374051794388,6.25,-75.5944,Entire home/apt,Entire rental unit,12,34.67,Medellin
1451565866071734661,6.2581,-75.5969,Private room,Private room in rental unit,26,35.83,Medellin
31514299,6.26765,-75.56486,Private room,Private room in bed and breakfast,44,34.74,Medellin
1006408354418468440,6.2517,-75.5918,Entire home/apt,Entire rental unit,128,32.68,Medellin
25281630,6.2447,-75.5913,Private room,Private room in home,113,33.2,Medellin
1695155857663967462,6.241562501256445,-75.59594586409722,Entire home/apt,Entire rental unit,0,221.11,Medellin
850055148231564618,6.23169,-75.54247,Entire home/apt,Entire rental unit,46,32.8,Medellin
611119746729561889,6.21255,-75.56441,Private room,Private room in condo,220,34.96,Medellin
41592248,6.17183,-75.59479,Entire home/apt,Entire rental unit,188,32.96,Medellin
1679875000355508832,6.2514,-75.5874,Entire home/apt,Entire rental unit,3,107.97,Medellin
1461940611197621348,6.2473,-75.592,Entire home/apt,Entire rental unit,46,28.76,Medellin
18007203,6.3661,-75.50457,Entire home/apt,Entire rental unit,51,30.2,Medellin
1605375900224572466,6.24025180724373,-75.5811223486451,Entire home/apt,Entire rental unit,0,282.91,Medellin
781241674308672696,6.2145,-75.5585,Private room,Room in hotel,36,239.23,Medellin
1606777734968262851,6.2385,-75.5974,Private room,Private room in home,6,24.57,Medellin
1584849831355466425,6.21662,-75.57046,Private room,Room in hotel,0,248.58,Medellin
1253027752990672109,6.2502,-75.5933,Private room,Room in hotel,20,36.63,Medellin
45456754,6.24362,-75.56329,Entire home/apt,Entire serviced apartment,137,40.55,Medellin
1162660602768645871,6.2103,-75.56992,Entire home/apt,Entire rental unit,2,237.88,Medellin
42470628,6.2671,-75.5655,Private room,Private room in bed and breakfast,33,34.02,Medellin
40224175,6.1579,-75.566,Entire home/apt,Entire cottage,12,244.0,Medellin
1451480032866203200,6.2588,-75.59715,Private room,Private room in rental unit,31,35.83,Medellin
1123933383360633334,6.2293,-75.5364,Entire home/apt,Entire rental unit,56,57.09,Medellin
40374994,6.24491,-75.5894,Entire home/apt,Entire rental unit,74,228.96,Medellin
1025346254946094311,6.24562,-75.60545,Entire home/apt,Entire rental unit,16,250.27,Medellin
1653302830054781254,6.239302891807373,-75.60346210681746,Entire home/apt,Entire rental unit,0,307.11,Medellin
36522244,6.26432,-75.56525,Private room,Private room in home,161,29.09,Medellin
1684040479066373006,6.25958,-75.60018,Entire home/apt,Entire home,0,289.67,Medellin
1501944886572420305,6.2432,-75.5601,Entire home/apt,Entire condo,34,49.05,Medellin
1249216079822389592,6.248567432791441,-75.59445280471178,Entire home/apt,Entire loft,39,48.63,Medellin
1659482303098262121,6.2064,-75.5748,Private room,Private room in rental unit,11,32.78,Medellin
700220834978374395,6.20915,-75.56866,Entire home/apt,Entire rental unit,46,120.0,Medellin
1488473678777221065,6.19163,-75.57294,Entire home/apt,Entire loft,0,292.0,Medellin
1689293667013134656,6.24379,-75.55975,Entire home/apt,Entire rental unit,3,48.73,Medellin
1429812548005114036,6.1824,-75.5733,Entire home/apt,Entire rental unit,29,240.72,Medellin
1466844879033943119,6.189848325013714,-75.56300906829718,Entire home/apt,Entire rental unit,46,111.52,Medellin
1534348787425755390,6.2507,-75.5908,Entire home/apt,Entire rental unit,27,34.12,Medellin
1563350681592821291,6.2378,-75.6024,Entire home/apt,Entire rental unit,0,300.36,Medellin
861919503667678163,6.25099,-75.61119,Entire home/apt,Entire home,16,244.76,Medellin
1343446117623418701,6.217405418329748,-75.6048707894831,Entire home/apt,Entire cabin,1,245.12,Medellin
1177019325484515553,6.21107,-75.57278,Entire home/apt,Entire rental unit,31,235.6,Medellin
1482980449909013593,6.208,-75.5651,Entire home/apt,Entire rental unit,20,108.65,Medellin
1137685915027259342,6.19599,-75.57723,Private room,Room in hotel,2,240.2,Medellin
1376870,6.2504,-75.5869,Entire home/apt,Entire rental unit,421,108.8,Medellin
40701148,6.20998,-75.58966,Entire home/apt,Entire home,61,185.27,Medellin
1204753563292208216,6.21429,-75.57411,Entire home/apt,Entire rental unit,7,231.0,Medellin
1461191955343825390,6.17443,-75.5678,Entire home/apt,Entire rental unit,1,230.39,Medellin
32061944,6.2049,-75.56516,Entire home/apt,Entire condo,219,253.0,Medellin
1181335335351922958,6.20898,-75.56853,Entire home/apt,Entire rental unit,3,240.2,Medellin
1633408344004262270,6.179609353597288,-75.57765143615609,Entire home/apt,Entire home,0,271.56,Medellin
1707433721125195647,6.195283957810384,-75.5622109647756,Private room,Private room in home,0,19.89,Medellin
1141245671254827328,6.194,-75.577,Private room,Room in hotel,1,224.4,Medellin
1579822389303456489,6.2393,-75.6043,Entire home/apt,Entire rental unit,3,245.25,Medellin
1457629961797919483,6.2487,-75.5622,Entire home/apt,Entire home,1,243.14,Medellin
786971943906975219,6.2141,-75.55875,Private room,Room in hotel,28,240.7,Medellin
1710446953421521057,6.2142,-75.5658,Entire home/apt,Entire rental unit,0,281.13,Medellin
1526269004945465684,6.2389,-75.586,Private room,Room in hotel,0,243.1,Medellin
1576419134141027115,6.2068,-75.564,Entire home/apt,Entire rental unit,1,233.1,Medellin
1203823333020486685,6.245,-75.5941,Private room,Private room in rental unit,90,32.98,Medellin
1531604874043399579,6.2432,-75.5599,Entire home/apt,Entire rental unit,22,38.93,Medellin
620314351216908539,6.2415,-75.5795,Private room,Room in aparthotel,26,235.43,Medellin
795621013852622733,6.2521,-75.5927,Entire home/apt,Entire home,78,205.76,Medellin
1602932058650082944,6.249727024598421,-75.594958528912,Entire home/apt,Entire rental unit,7,34.47,Medellin
1569222532030674513,6.2111,-75.5719,Entire home/apt,Entire rental unit,7,239.23,Medellin
555155828258295435,6.20838,-75.56913,Entire home/apt,Entire rental unit,7,224.72,Medellin
1390076202264222854,6.159049549304003,-75.58617185477978,Private room,Private room in home,1,16.34,Medellin
1242769587627588452,6.18518,-75.5948,Private room,Private room in home,1,19.22,Medellin
1461642170802327748,6.21005,-75.55964,Entire home/apt,Entire rental unit,13,159.41,Medellin
1096819912084962121,6.242,-75.5506,Private room,Private room in home,0,22.69,Medellin
918173037472151282,6.26132,-75.60037,Private room,Private room in guesthouse,0,18.41,Medellin
868708888527095855,6.2456,-75.6046,Private room,Private room in rental unit,0,18.78,Medellin
1645181066828972449,6.261331843013798,-75.56645729687041,Private room,Private room in rental unit,1,21.61,Medellin
761654611617317675,6.24519,-75.59689,Private room,Private room in serviced apartment,3,161.76,Medellin
1000959999503549520,6.24656,-75.59792,Entire home/apt,Entire rental unit,21,163.62,Medellin
1667480615425574780,6.20748,-75.56976,Entire home/apt,Entire rental unit,1,197.78,Medellin
46561879,6.20089,-75.57424,Entire home/apt,Entire rental unit,173,163.0,Medellin
31714403,6.19148,-75.56633,Entire home/apt,Room in aparthotel,93,161.57,Medellin
1620300087360666507,6.212293720382991,-75.57158620784008,Private room,Room in hotel,0,203.06,Medellin
19583191,6.20176,-75.56693,Entire home/apt,Entire rental unit,29,181.75,Medellin
1684954108302986208,6.209,-75.5665,Private room,Room in hotel,0,189.38,Medellin
1692221714105895597,6.21,-75.5691,Entire home/apt,Entire rental unit,2,162.2,Medellin
1628450273623849172,6.2147,-75.5716,Private room,Room in hotel,0,203.58,Medellin
1320283825550183059,6.2057,-75.5821,Shared room,Shared room in hostel,0,18.31,Medellin
1321211534021338391,6.2203,-75.6039,Private room,Private room in home,0,23.13,Medellin
1487846785083279639,6.24857,-75.48369,Entire home/apt,Plane,20,106.3,Medellin
1493170239468789557,6.24435,-75.59173,Entire home/apt,Entire rental unit,3,199.05,Medellin
1560725771730419272,6.2371,-75.5855,Entire home/apt,Entire rental unit,0,166.95,Medellin
1519101918362989796,6.172,-75.5839,Entire home/apt,Entire home,4,178.89,Medellin
1187149306649743490,6.2466,-75.589,Entire home/apt,Entire rental unit,8,159.69,Medellin
18737318,6.19903,-75.56869,Entire home/apt,Entire serviced apartment,53,164.99,Medellin
43300343,6.18635,-75.57009,Entire home/apt,Entire rental unit,75,204.01,Medellin
1604661763345621484,6.2226,-75.5938,Entire home/apt,Entire rental unit,0,197.15,Medellin
1690885185048229083,6.20289,-75.55987,Entire home/apt,Entire rental unit,3,192.53,Medellin
1024581946537439879,6.2647,-75.59685,Private room,Private room in guesthouse,1,18.36,Medellin
1587173961378147810,6.2135,-75.5733,Private room,Room in hotel,0,158.16,Medellin
1248111094730249875,6.2109722425983716,-75.56476594290181,Entire home/apt,Entire rental unit,61,164.52,Medellin
1624829617871139884,6.214099057732401,-75.5626839440269,Private room,Room in hotel,0,163.4,Medellin
878362198030764798,6.2146,-75.5621,Entire home/apt,Entire condo,34,163.8,Medellin
1527688369689363131,6.2278,-75.6005,Entire home/apt,Entire rental unit,23,27.95,Medellin
1340736669417976547,6.2415,-75.5732,Private room,Room in hotel,2,158.47,Medellin
1414146837945357573,6.204642919708003,-75.56283954127197,Private room,Room in hotel,1,189.88,Medellin
36477459,6.21919,-75.59719,Private room,Private room in home,26,20.54,Medellin
40307943,6.24575,-75.5892,Entire home/apt,Entire rental unit,40,161.93,Medellin
1147832743028202418,6.2389,-75.5897,Private room,Room in hotel,4,167.54,Medellin
24540813,6.2257,-75.5611,Entire home/apt,Entire serviced apartment,47,161.57,Medellin
1247937129891998903,6.205848046542195,-75.56464059178369,Private room,Room in hotel,2,160.31,Medellin
1536342122380411519,6.20919,-75.56556,Private room,Room in hotel,1,199.99,Medellin
39836151,6.2494,-75.59129,Private room,Private room in rental unit,6,22.09,Medellin
1137694944420962090,6.24098,-75.55181,Private room,Private room in home,3,18.41,Medellin
1320324796228330988,6.21944,-75.60468,Private room,Private room in home,0,23.21,Medellin
51904914,6.20751,-75.56843,Entire home/apt,Entire rental unit,5,159.0,Medellin
31903682,6.20816,-75.56129,Private room,Private room in rental unit,1,117.23,Medellin
1526257006111368679,6.2389,-75.586,Private room,Room in hotel,0,161.83,Medellin
1553951076157022170,6.26409,-75.59728,Entire home/apt,Entire rental unit,9,175.91,Medellin
1442421756303610673,6.2055,-75.5638,Private room,Room in hotel,3,195.37,Medellin
1604753587883440043,6.250912944112968,-75.60751421862616,Private room,Private room in home,0,162.99,Medellin
858606803262161220,6.2104,-75.5687,Private room,Room in hotel,47,207.3,Medellin
1626245990176582077,6.20548,-75.5553,Entire home/apt,Entire rental unit,0,200.24,Medellin
1125346480119735340,6.2758,-75.5004,Entire home/apt,Entire home,0,165.62,Medellin
1304533679286514041,6.2084,-75.5551,Private room,Room in hotel,0,161.46,Medellin
1927889,6.206589722424118,-75.57254845000237,Entire home/apt,Entire rental unit,33,196.7,Medellin
1671139158453795168,6.3635,-75.505,Entire home/apt,Entire cabin,1,129.53,Medellin
1674077509332288943,6.2092873749182,-75.56139872688476,Entire home/apt,Entire rental unit,0,161.8,Medellin
1639300629776531240,6.2063,-75.5546,Entire home/apt,Entire rental unit,5,161.7,Medellin
47744125,6.20923,-75.56794,Entire home/apt,Entire rental unit,236,159.0,Medellin
1125465268635218714,6.2603,-75.5908,Private room,Room in boutique hotel,1,198.39,Medellin
40204998,6.2448,-75.5889,Entire home/apt,Entire rental unit,105,160.06,Medellin
1224636760487613866,6.2466,-75.5889,Entire home/apt,Entire rental unit,14,159.69,Medellin
1573922028320555568,6.224707,-75.565666,Hotel room,Room in hotel,0,161.0,Medellin
1399414634934210232,6.255726709383373,-75.5836470181829,Entire home/apt,Entire home,2,165.71,Medellin
1489966953887761242,6.1905,-75.5623,Entire home/apt,Entire rental unit,4,160.4,Medellin
1498030014337506521,6.2395,-75.5848,Entire home/apt,Entire serviced apartment,10,231.19,Medellin
1145719754859556449,6.24174,-75.59125,Private room,Room in hotel,0,201.15,Medellin
53153605,6.19741,-75.57878,Entire home/apt,Entire rental unit,80,159.94,Medellin
1365382067690594355,6.1825,-75.5734,Private room,Private room in rental unit,23,236.96,Medellin
958877083965961583,6.2593,-75.5952,Private room,Private room in nature lodge,0,165.62,Medellin
1456095595367683419,6.2438,-75.5847,Entire home/apt,Entire rental unit,0,162.66,Medellin
620358345086945306,6.2415,-75.5795,Private room,Room in boutique hotel,5,160.21,Medellin
1498118560351352932,6.2396,-75.5848,Entire home/apt,Entire serviced apartment,6,231.19,Medellin
18345848,6.169,-75.58146,Private room,Private room in rental unit,6,17.56,Medellin
1539456322938563024,6.238540759783816,-75.60658630799686,Entire home/apt,Entire rental unit,24,165.55,Medellin
1579144636062857145,6.20661,-75.57408,Entire home/apt,Entire rental unit,23,158.61,Medellin
1573923954440829574,6.224707,-75.565666,Hotel room,Room in hotel,0,161.0,Medellin
1692969242221508119,6.214210887649836,-75.57151791322327,Entire home/apt,Entire rental unit,6,161.59,Medellin
1043685212940744765,6.2106,-75.5724,Entire home/apt,Entire rental unit,55,181.4,Medellin
53638785,6.19167,-75.56462,Entire home/apt,Entire rental unit,29,185.2,Medellin
1538140570036604145,6.2085,-75.5664,Entire home/apt,Entire rental unit,1,162.76,Medellin
1052290007048458505,6.20931,-75.57244,Entire home/apt,Entire rental unit,31,158.17,Medellin
1285059098021962312,6.2011,-75.5686,Entire home/apt,Entire rental unit,85,164.4,Medellin
1674907322219215631,6.2435,-75.5948,Entire home/apt,Entire home,8,159.63,Medellin
1232671959618164977,6.2424,-75.55488,Entire home/apt,Entire rental unit,31,37.92,Medellin
631175200818850246,6.24362,-75.56163,Entire home/apt,Entire rental unit,88,36.26,Medellin
1700808034740521658,6.2117,-75.573,Entire home/apt,Entire rental unit,0,160.0,Medellin
937142498548619528,6.2444,-75.5926,Entire home/apt,Entire rental unit,117,185.25,Medellin
18900212,6.20181,-75.56552,Entire home/apt,Entire serviced apartment,54,164.65,Medellin
18879222,6.20224,-75.56573,Entire home/apt,Entire serviced apartment,59,163.41,Medellin
1506253344956538241,6.2432,-75.5599,Entire home/apt,Entire condo,31,38.62,Medellin
978536304996901486,6.248,-75.5966,Entire home/apt,Entire rental unit,63,159.13,Medellin
892748930939789543,6.24219,-75.56206,Entire home/apt,Entire rental unit,69,37.05,Medellin
941368641833292834,6.2028,-75.5582,Entire home/apt,Entire home,35,191.22,Medellin
1558453908026091642,6.24268,-75.55953,Entire home/apt,Entire rental unit,24,38.62,Medellin
1725103662859787111,6.2337,-75.6013,Private room,Private room in rental unit,0,20.27,Medellin
1668381258166027681,6.2399,-75.5946,Entire home/apt,Entire rental unit,2,162.6,Medellin
1120529707837243301,6.20057,-75.566,Entire home/apt,Entire rental unit,9,223.2,Medellin
7840662,6.2065,-75.5638,Entire home/apt,Entire rental unit,66,243.0,Medellin
1381883549879757893,6.2432,-75.5558,Entire home/apt,Entire rental unit,5,51.14,Medellin
1080324220964037985,6.2538,-75.5863,Entire home/apt,Entire rental unit,14,158.06,Medellin
1331270415296419364,6.253070413768664,-75.60007885973667,Entire home/apt,Entire rental unit,40,44.03,Medellin
1710369671776689010,6.2437,-75.5632,Private room,Room in hotel,0,48.58,Medellin
1214625467910573485,6.2423,-75.5598,Entire home/apt,Entire serviced apartment,65,41.77,Medellin
1669058717688077581,6.21313,-75.5657,Private room,Room in hotel,0,202.29,Medellin
1427502649666164645,6.2326,-75.6031,Entire home/apt,Entire rental unit,40,42.63,Medellin
969529715027163958,6.209,-75.5653,Entire home/apt,Entire loft,37,162.14,Medellin
944159141845242836,6.2082,-75.5653,Private room,Private room in rental unit,22,196.82,Medellin
1335830859001478390,6.341373979636741,-75.54343235501315,Entire home/apt,Entire rental unit,13,43.43,Medellin
1511162924020146979,6.2432,-75.5599,Entire home/apt,Entire condo,25,38.62,Medellin
562383155659632498,6.19433,-75.56358,Entire home/apt,Entire rental unit,16,164.0,Medellin
1092869771517729507,6.24654,-75.59409,Entire home/apt,Entire rental unit,64,160.97,Medellin
1686540955569889348,6.2386,-75.5937,Entire home/apt,Entire loft,7,46.63,Medellin
873442346407597582,6.2116,-75.5609,Entire home/apt,Entire rental unit,153,220.2,Medellin
1420483649826305002,6.187,-75.5691,Entire home/apt,Entire rental unit,1,160.09,Medellin
1670981542059204187,6.2312,-75.6056,Entire home/apt,Entire rental unit,4,46.78,Medellin
42642753,6.24748,-75.59264,Entire home/apt,Entire serviced apartment,178,159.29,Medellin
1590020297446044808,6.25218,-75.59154,Entire home/apt,Entire rental unit,2,51.0,Medellin
1105831357930020790,6.24426,-75.5554,Entire home/apt,Entire rental unit,70,39.94,Medellin
1091440563745229521,6.339,-75.5606,Entire home/apt,Entire rental unit,12,40.18,Medellin
1632646730121067508,6.20323,-75.57096,Private room,Room in hotel,0,161.22,Medellin
1634512504743301845,6.2426,-75.6021,Entire home/apt,Entire rental unit,9,49.8,Medellin
1104525669845381984,6.2069,-75.4919,Entire home/apt,Tiny home,21,43.42,Medellin
1334918367989852377,6.239984117685941,-75.5870786385171,Entire home/apt,Entire loft,72,42.8,Medellin
1300651859414490381,6.2404,-75.5933,Entire home/apt,Entire condo,45,42.2,Medellin
1025614018239861194,6.23962,-75.56373,Entire home/apt,Entire rental unit,43,47.21,Medellin
1683555922875907948,6.2407,-75.6015,Entire home/apt,Entire rental unit,1,164.83,Medellin
53386313,6.16956,-75.61391,Entire home/apt,Entire serviced apartment,68,42.07,Medellin
1343544197601530441,6.3016,-75.64471,Entire home/apt,Entire home,12,159.69,Medellin
1533599337183135280,6.24175,-75.56163,Entire home/apt,Entire rental unit,21,33.91,Medellin
1331341619873289154,6.253983079894685,-75.59934321284034,Entire home/apt,Entire rental unit,114,47.29,Medellin
1524278239196170028,6.2455,-75.5888,Entire home/apt,Entire rental unit,13,159.0,Medellin
46225044,6.24288,-75.56059,Entire home/apt,Entire rental unit,43,37.54,Medellin
1370400582458203829,6.257087077284682,-75.58321179614344,Entire home/apt,Entire rental unit,46,44.07,Medellin
17378557,6.19806,-75.56595,Entire home/apt,Entire rental unit,62,178.04,Medellin
1603855597292162491,6.2009,-75.56025,Entire home/apt,Entire rental unit,3,162.26,Medellin
858141334162978905,6.2467,-75.5864,Entire home/apt,Entire rental unit,72,43.1,Medellin
1446432454535779516,6.24229,-75.55695,Entire home/apt,Entire rental unit,21,33.02,Medellin
1526467740700598850,6.2432,-75.5572,Entire home/apt,Entire rental unit,36,50.89,Medellin
938572123202186100,6.2584,-75.5938,Private room,Private room in home,97,20.33,Medellin
1087236258363123766,6.26,-75.5983,Entire home/apt,Entire rental unit,120,41.19,Medellin
1573935153308227579,6.2556,-75.559,Private room,Room in hotel,4,40.2,Medellin
1177791110724686277,6.2492,-75.5924,Entire home/apt,Entire rental unit,45,41.74,Medellin
40870644,6.331448595922703,-75.53765315793294,Entire home/apt,Entire home,57,40.09,Medellin
635679251270936465,6.2464,-75.5868,Private room,Private room in loft,120,40.3,Medellin
745095725846686646,6.2362,-75.59587,Entire home/apt,Entire rental unit,2,40.0,Medellin
1536196420647245804,6.2438,-75.592,Entire home/apt,Entire rental unit,31,49.11,Medellin
1564830270758439493,6.2379011586624085,-75.60330711258365,Entire home/apt,Entire condo,16,40.97,Medellin
1542798396172999830,6.18976,-75.56223,Entire home/apt,Entire rental unit,18,158.6,Medellin
1360283361238537758,6.2400763707003275,-75.58928764792735,Entire home/apt,Room in aparthotel,80,37.19,Medellin
1639438692355375570,6.1742,-75.5914,Entire home/apt,Entire rental unit,10,163.2,Medellin
1262471944785713910,6.248325914519946,-75.55783613355331,Entire home/apt,Entire rental unit,44,40.53,Medellin
1553168397523721407,6.258,-75.5925,Entire home/apt,Entire rental unit,2,40.85,Medellin
1583509712536158656,6.26109,-75.56314,Entire home/apt,Entire rental unit,9,40.72,Medellin
906051274127013726,6.2443,-75.5915,Private room,Private room in home,49,100.06,Medellin
1361667398860260852,6.24825595054961,-75.56481612081137,Private room,Room in hotel,1,18.49,Medellin
53499765,6.3505,-75.5638,Entire home/apt,Entire condo,33,41.96,Medellin
1402565723635655540,6.2488,-75.5621,Shared room,Shared room in guesthouse,3,16.0,Medellin
1538129598602333099,6.2085,-75.5664,Entire home/apt,Entire rental unit,2,162.76,Medellin
1728266453973799672,6.1648,-75.5879,Private room,Private room in rental unit,0,21.5,Medellin
1133211064256084977,6.24899,-75.56303,Shared room,Shared room in guesthouse,9,16.2,Medellin
1314606741646747832,6.206421209836254,-75.58320253719278,Shared room,Shared room in hotel,2,18.31,Medellin
51969266,6.22577,-75.60251,Private room,Room in boutique hotel,34,18.04,Medellin
1725102494640313439,6.2506,-75.5915,Entire home/apt,Entire rental unit,0,42.25,Medellin
1731279593832271256,6.2446,-75.5835,Entire home/apt,Entire rental unit,0,51.8,Medellin
1605302753148983076,6.26359,-75.56806,Private room,Private room in hostel,0,19.89,Medellin
1483561286616398482,6.2335,-75.5995,Private room,Private room in guesthouse,0,23.27,Medellin
853034947939834636,6.26088,-75.55978,Entire home/apt,Entire rental unit,19,40.53,Medellin
1404630857524658176,6.25195997503762,-75.60230232638685,Private room,Private room in home,2,18.4,Medellin
1151751218977702737,6.3305,-75.539,Private room,Private room in home,1,21.36,Medellin
1727009099997016218,6.2462,-75.5884,Private room,Private room in home,0,22.27,Medellin
1347379281961212941,6.233317088927395,-75.5404044336877,Entire home/apt,Entire rental unit,15,32.75,Medellin
1516928248564080116,6.257140066800828,-75.5762113118261,Private room,Private room in rental unit,0,23.6,Medellin
1386584311251305878,6.2029,-75.6042,Private room,Private room in condo,28,16.59,Medellin
1476852189832811624,6.261499508598869,-75.56162958563053,Private room,Private room in home,9,18.41,Medellin
1604737691278392404,6.206804109966795,-75.58553538294852,Private room,Private room in guesthouse,3,18.12,Medellin
1052081786605027798,6.2331,-75.5416,Entire home/apt,Entire rental unit,20,32.25,Medellin
1476000229015878490,6.261260298548205,-75.559796714202,Private room,Private room in home,9,18.41,Medellin
41575248,6.21623,-75.57134,Private room,Private room in hostel,26,18.86,Medellin
792003023355829249,6.2449,-75.5868,Private room,Private room in home,4,19.06,Medellin
1475997801170784908,6.262676967294462,-75.55937553118936,Private room,Private room in home,2,18.41,Medellin
1476013101254972392,6.262800698480201,-75.55957862458969,Private room,Private room in home,33,18.41,Medellin
1476849307311917099,6.261964249873708,-75.56003554085974,Private room,Private room in home,15,18.41,Medellin
1691639428160691809,6.281633861193739,-75.56460143067723,Private room,Private room in home,0,19.21,Medellin
1178475613235550681,6.2597,-75.5983,Entire home/apt,Entire rental unit,53,40.96,Medellin
41563889,6.2161,-75.57129,Private room,Private room in hostel,73,18.43,Medellin
782464826660346807,6.3383,-75.541,Entire home/apt,Entire rental unit,61,228.55,Medellin
1079809528897935427,6.3909,-75.4565,Entire home/apt,Entire cabin,54,295.49,Medellin
1645020022868585876,6.2474,-75.5906,Private room,Room in hotel,3,17.31,Medellin
41573320,6.21438,-75.5698,Private room,Private room in hostel,32,18.86,Medellin
1584973407767561996,6.3834,-75.4788,Entire home/apt,Entire home,27,253.95,Medellin
1514649253631449481,6.20489,-75.56462,Private room,Private room in rental unit,28,17.4,Medellin
827626379660800010,6.2487,-75.6001,Private room,Private room in rental unit,21,18.87,Medellin
876097957803389631,6.2487,-75.5991,Entire home/apt,Entire rental unit,171,40.0,Medellin
1476010755315612518,6.260689645863743,-75.55984760149008,Private room,Private room in home,3,18.41,Medellin
1356630652068876694,6.1775,-75.5858,Private room,Private room in rental unit,12,17.45,Medellin
1478427306605519988,6.171416044129675,-75.58573525221202,Private room,Private room in rental unit,10,19.14,Medellin
814610977479500798,6.1815,-75.6546,Entire home/apt,Entire cabin,4,163.4,Medellin
1699453390053653415,6.1909,-75.5657,Entire home/apt,Entire rental unit,0,202.69,Medellin
1119023039010294775,6.2079,-75.5868,Private room,Private room in home,57,16.65,Medellin
1439973564837888911,6.24953,-75.58981,Private room,Room in hotel,0,198.84,Medellin
1720120227907988337,6.205,-75.5813,Private room,Private room in guesthouse,0,18.12,Medellin
1581856532272192504,6.1581,-75.5854,Private room,Private room in home,5,18.13,Medellin
1402565017046265956,6.24781,-75.56257,Shared room,Shared room in guesthouse,0,16.0,Medellin
1603971654209596414,6.2111,-75.5851,Private room,Private room in rental unit,0,22.78,Medellin
555308173448949984,6.20373,-75.58255,Private room,Private room in rental unit,42,16.93,Medellin
1628357700818313934,6.2097,-75.5661,Private room,Room in hotel,0,301.59,Medellin
39632465,6.3327,-75.5568,Private room,Private room in condo,44,17.23,Medellin
1567386306078227094,6.2466,-75.5546,Private room,Private room in home,0,23.06,Medellin
598460486903229213,6.206605974695747,-75.56355764470169,Entire home/apt,Entire rental unit,33,221.99,Medellin
1336489328343743374,6.260955686323798,-75.56365167349023,Private room,Private room in rental unit,0,21.36,Medellin
743542697606027574,6.24886,-75.55871,Private room,Private room in home,1,17.1,Medellin
1693023049775996164,6.214546147254495,-75.5734728073287,Private room,Private room in rental unit,0,23.74,Medellin
1332673324857032389,6.3526,-75.4994,Private room,Private room in rental unit,0,22.89,Medellin
1358880627689467147,6.183019706530258,-75.57449701539556,Entire home/apt,Entire rental unit,24,241.63,Medellin
1275369998860283326,6.2144,-75.5719,Entire home/apt,Entire condo,28,209.86,Medellin
1357373566401592820,6.15873745536064,-75.5851020316273,Private room,Private room in home,22,16.48,Medellin
605011250853548888,6.20474,-75.60885,Private room,Private room in condo,0,19.14,Medellin
1095781824401904261,6.24526,-75.58718,Private room,Private room in home,0,18.72,Medellin
1171319600269153275,6.2125,-75.56994,Entire home/apt,Entire rental unit,10,223.2,Medellin
1405830114483159786,6.24,-75.5989,Entire home/apt,Entire loft,0,196.08,Medellin
1033512441278518015,6.24492,-75.58895,Private room,Private room in home,5,17.43,Medellin
1317437108239452693,6.2057,-75.5821,Shared room,Shared room in hotel,2,18.31,Medellin
1642857050509650577,6.2066,-75.5736,Entire home/apt,Entire rental unit,2,235.15,Medellin
1320286693912130760,6.2057,-75.5821,Shared room,Shared room in hotel,2,18.31,Medellin
1033581405994106741,6.208,-75.5869,Private room,Private room in rental unit,55,16.28,Medellin
858843068680508241,6.2774,-75.5663,Private room,Private room in home,0,21.42,Medellin
1099668965259031906,6.2413,-75.55071,Private room,Private room in home,0,23.01,Medellin
1630062718168887185,6.2113,-75.6013,Private room,Private room in rental unit,0,22.21,Medellin
1115336919524505033,6.1965,-75.5589,Private room,Private room in home,0,17.24,Medellin
37095493,6.22935,-75.58084,Private room,Private room in condo,22,19.36,Medellin
996515035564314592,6.31937,-75.55921,Private room,Private room in rental unit,0,23.13,Medellin
1581271789763315651,6.15839,-75.58477,Private room,Private room in home,2,17.43,Medellin
770929254936370615,6.21015,-75.56449,Shared room,Shared room in hostel,8,17.89,Medellin
583572073205964660,6.25256,-75.5754,Private room,Private room in casa particular,5,18.84,Medellin
1094999983400300712,6.20373,-75.58424,Private room,Private room in rental unit,19,18.04,Medellin
908620397942212808,6.21691,-75.57159,Private room,Room in hotel,2,18.43,Medellin
909752050104214188,6.23846,-75.60075,Private room,Private room in guesthouse,43,18.43,Medellin
939397759684148908,6.3313,-75.5426,Private room,Private room in rental unit,4,18.41,Medellin
1033589928136491644,6.20682,-75.58782,Private room,Private room in rental unit,75,16.28,Medellin
42618840,6.21454,-75.57134,Private room,Private room in hostel,3,18.86,Medellin
1481383847489065996,6.211009219901207,-75.56414975599566,Entire home/apt,Entire rental unit,36,248.8,Medellin
658585578901640125,6.2843,-75.4893,Entire home/apt,Entire vacation home,42,127.34,Medellin
1606448783745587040,6.20756,-75.58679,Private room,Private room in guesthouse,0,18.74,Medellin
1161778423138722694,6.2044,-75.5846,Entire home/apt,Entire home,6,222.96,Medellin
1608804028650676462,6.294057032825624,-75.62954962614312,Entire home/apt,Casa particular,0,277.81,Medellin
1644686704365662262,6.1905,-75.5627,Entire home/apt,Entire rental unit,14,134.23,Medellin
1032592122384836482,6.2063,-75.5546,Entire home/apt,Entire rental unit,68,224.4,Medellin
1317394494384368287,6.2057,-75.5821,Shared room,Shared room in hotel,0,18.31,Medellin
1705120350253107923,6.2063,-75.5546,Entire home/apt,Entire rental unit,0,227.05,Medellin
48263849,6.250321052129475,-75.51650594921803,Entire home/apt,Tiny home,158,160.73,Medellin
1679060228137410015,6.210867526004496,-75.57138658360539,Entire home/apt,Entire rental unit,0,278.12,Medellin
1517567389108787306,6.2062,-75.5649,Entire home/apt,Entire rental unit,46,181.13,Medellin
1067401462032465827,6.29482,-75.44538,Entire home/apt,Entire cottage,1,301.79,Medellin
1331575765439785993,6.242548510251312,-75.55743837163457,Entire home/apt,Entire rental unit,35,43.91,Medellin
1388092386992837868,6.3974,-75.6143,Entire home/apt,Entire cabin,32,117.85,Medellin
1480686135040416063,6.2608,-75.5961,Entire home/apt,Entire home,53,250.4,Medellin
46662545,6.2234,-75.5735,Entire home/apt,Entire serviced apartment,18,246.6,Medellin
827655516584236817,6.2877,-75.4308,Entire home/apt,Entire cabin,0,304.03,Medellin
1677798832674542307,6.24758,-75.60666,Private room,Private room in rental unit,5,17.62,Medellin
1548863872058374047,6.30744863119947,-75.45172593925787,Entire home/apt,Farm stay,5,294.45,Medellin
1627018293428941022,6.176179020042775,-75.55028275515328,Entire home/apt,Entire cabin,9,123.2,Medellin
1476863141439435006,6.2585,-75.6128,Entire home/apt,Entire home,14,56.7,Medellin
1304362822277784960,6.2399,-75.5967,Entire home/apt,Entire loft,100,115.91,Medellin
848651805530882207,6.2064,-75.5547,Entire home/apt,Entire condo,115,155.0,Medellin
1726053803630665470,6.238,-75.5878,Entire home/apt,Entire rental unit,0,110.56,Medellin
687004035172228590,6.2601,-75.6013,Entire home/apt,Entire rental unit,43,30.18,Medellin
821354261597309682,6.25104,-75.59222,Entire home/apt,Entire rental unit,71,160.0,Medellin
42092521,6.23772,-75.60137,Private room,Private room in home,74,22.5,Medellin
1364069296100008413,6.308872226317412,-75.55118205027952,Entire home/apt,Entire serviced apartment,10,50.97,Medellin
1491488539101713796,6.2365,-75.5872,Entire home/apt,Entire rental unit,35,90.22,Medellin
49191024,6.20035,-75.56385,Entire home/apt,Entire rental unit,230,86.0,Medellin
1699553482535085801,6.239816247471743,-75.59659583770816,Entire home/apt,Entire rental unit,1,118.77,Medellin
1705407837433262267,6.2428,-75.5971,Entire home/apt,Entire loft,2,103.6,Medellin
1458277529827977173,6.2398,-75.5965,Entire home/apt,Entire condo,39,106.56,Medellin
52772529,6.25119,-75.6085,Entire home/apt,Entire serviced apartment,51,139.89,Medellin
1722246482706894548,6.1905,-75.5627,Entire home/apt,Entire rental unit,1,118.62,Medellin
1468351153491633442,6.2108,-75.5722,Entire home/apt,Entire rental unit,54,111.79,Medellin
39986000,6.24433,-75.58821,Entire home/apt,Entire rental unit,95,239.77,Medellin
1668267182006282788,6.2454,-75.5661,Private room,Room in hotel,1,30.09,Medellin
1548325190363751746,6.092148052576133,-75.49724436149572,Entire home/apt,Entire rental unit,20,86.36,Medellin
1718936472452694851,6.2121,-75.5721,Entire home/apt,Entire loft,1,70.31,Medellin
1720450021031911515,6.2438,-75.5866,Entire home/apt,Entire rental unit,1,97.2,Medellin
1120452944184677129,6.2522,-75.5642,Entire home/apt,Entire rental unit,175,26.15,Medellin
1537240381624164095,6.2082,-75.5743,Entire home/apt,Entire rental unit,19,65.6,Medellin
1259542828656406280,6.2251,-75.5658,Entire home/apt,Entire condo,69,129.6,Medellin
1532774273218463952,6.2523,-75.5943,Entire home/apt,Entire serviced apartment,17,63.0,Medellin
684958382174869486,6.24285,-75.55539,Entire home/apt,Entire condo,95,74.4,Medellin
553635123150288184,6.19604,-75.57766,Entire home/apt,Entire rental unit,125,70.25,Medellin
1472051027882241563,6.2091,-75.5587,Entire home/apt,Entire rental unit,22,213.59,Medellin
1544323387474487040,6.209,-75.568,Entire home/apt,Entire loft,16,111.23,Medellin
23327287,6.20765,-75.56355,Entire home/apt,Entire rental unit,191,206.8,Medellin
1704588645317025319,6.2062,-75.5729,Entire home/apt,Entire rental unit,1,88.97,Medellin
1708770055983835717,6.2421,-75.5637,Entire home/apt,Entire rental unit,1,23.15,Medellin
1664723419922024984,6.2454,-75.5661,Private room,Room in hotel,8,23.89,Medellin
50804408,6.2081,-75.5599,Entire home/apt,Entire rental unit,321,72.4,Medellin
894845772480232597,6.2016,-75.5693,Entire home/apt,Entire loft,219,81.93,Medellin
42509844,6.20243,-75.56921,Entire home/apt,Entire rental unit,250,216.6,Medellin
1111750972581314080,6.21153,-75.57076,Entire home/apt,Entire rental unit,103,131.62,Medellin
1695875310027935827,6.213953222676959,-75.57110264265489,Private room,Room in hotel,1,114.64,Medellin
1316903161925487603,6.2076,-75.5627,Entire home/apt,Entire rental unit,12,132.3,Medellin
1646591672075307708,6.2111,-75.5709,Private room,Room in boutique hotel,4,122.63,Medellin
1061125518071925749,6.2089,-75.5652,Entire home/apt,Entire rental unit,83,218.37,Medellin
1727596165340129272,6.2436,-75.5931,Entire home/apt,Entire rental unit,0,77.7,Medellin
763859281244851843,6.2033,-75.5583,Entire home/apt,Entire home,63,218.06,Medellin
927604593691534738,6.2461,-75.5896,Entire home/apt,Entire serviced apartment,60,166.98,Medellin
1494915199375785857,6.118578318331835,-75.58552889358445,Entire home/apt,Tiny home,49,92.75,Medellin
710732393575412774,6.20977,-75.56378,Entire home/apt,Entire vacation home,71,219.0,Medellin
1603148736540052888,6.1905,-75.5627,Entire home/apt,Entire rental unit,17,116.02,Medellin
1456637713027003881,6.1844,-75.564,Entire home/apt,Entire serviced apartment,26,216.14,Medellin
1245060739067445704,6.2535,-75.5841,Entire home/apt,Entire serviced apartment,54,69.97,Medellin
1683427247126469414,6.2155,-75.5708,Entire home/apt,Entire condo,3,137.4,Medellin
1237959915255554302,6.2133,-75.5647,Entire home/apt,Entire rental unit,88,216.4,Medellin
1103927667847110080,6.2006,-75.5756,Entire home/apt,Entire serviced apartment,48,80.19,Medellin
46331142,6.21215,-75.5603,Entire home/apt,Entire rental unit,313,160.8,Medellin
47981850,6.24078,-75.58887,Entire home/apt,Entire loft,220,138.16,Medellin
1440478851409712072,6.1973,-75.5788,Entire home/apt,Entire rental unit,4,71.86,Medellin
1692470815196940076,6.208088518755862,-75.57408539154564,Entire home/apt,Entire rental unit,1,212.62,Medellin
1097923696275568338,6.2063,-75.5546,Entire home/apt,Entire rental unit,69,197.96,Medellin
1094346899209001196,6.2436,-75.56,Entire home/apt,Entire loft,82,75.44,Medellin
911752260091964219,6.2091,-75.5728,Private room,Room in hotel,3,162.89,Medellin
1545201861083087598,6.2242,-75.5619,Entire home/apt,Entire rental unit,4,217.06,Medellin
1707691149029142083,6.2418,-75.5506,Entire home/apt,Entire rental unit,0,79.85,Medellin
1706683731669895608,6.1964,-75.5566,Entire home/apt,Entire rental unit,2,212.36,Medellin
1361932603906404826,6.2154,-75.5709,Entire home/apt,Entire condo,35,216.6,Medellin
1070221630467433345,6.20306,-75.5857,Entire home/apt,Entire rental unit,100,81.55,Medellin
1194206436421608776,6.2135,-75.5627,Entire home/apt,Entire rental unit,44,127.58,Medellin
1665394516804897109,6.2094,-75.5664,Entire home/apt,Entire rental unit,7,132.5,Medellin
1025713242653912898,6.2094,-75.574,Entire home/apt,Entire rental unit,79,128.79,Medellin
989275134958121797,6.2095,-75.5728,Entire home/apt,Entire serviced apartment,104,128.26,Medellin
1268318674979743935,6.213,-75.5609,Entire home/apt,Entire rental unit,45,127.36,Medellin
1666997126311945697,6.2078,-75.564,Entire home/apt,Entire serviced apartment,12,133.7,Medellin
1667609923170631677,6.214046866244347,-75.5595275186356,Entire home/apt,Entire rental unit,3,200.68,Medellin
957417452504804654,6.213943930578438,-75.56870319106784,Entire home/apt,Entire loft,16,127.8,Medellin
1405242222609170251,6.2153,-75.5708,Entire home/apt,Entire rental unit,28,131.75,Medellin
1097052829255649512,6.2107,-75.5648,Entire home/apt,Entire rental unit,46,210.56,Medellin
1645041839931919944,6.23687,-75.58403,Private room,Room in hotel,9,18.59,Medellin
1228939786834686432,6.2131,-75.5597,Entire home/apt,Entire rental unit,42,208.4,Medellin
1529905708884106707,6.211,-75.5676,Entire home/apt,Entire rental unit,10,208.69,Medellin
1715281647514627423,6.2027,-75.558,Entire home/apt,Entire home,0,192.81,Medellin
851509641058582477,6.2027,-75.562,Entire home/apt,Entire rental unit,121,197.3,Medellin
48539931,6.2384,-75.5964,Entire home/apt,Entire rental unit,107,99.6,Medellin
1178305414115417259,6.2155,-75.5726,Private room,Room in hotel,288,100.61,Medellin
1602569007469810972,6.1906,-75.562,Entire home/apt,Entire rental unit,25,95.0,Medellin
1266978203765742363,6.156919313568367,-75.57896616812837,Entire home/apt,Entire condo,1,159.23,Medellin
1605275480860878242,6.220426331773308,-75.60826427589133,Entire home/apt,Entire rental unit,3,178.35,Medellin
1478235101672975467,6.2067,-75.5736,Entire home/apt,Entire condo,30,175.0,Medellin
1707522068657213434,6.1905,-75.5627,Entire home/apt,Entire rental unit,1,112.4,Medellin
729937459261034359,6.24598,-75.59725,Entire home/apt,Entire villa,68,185.12,Medellin
1435657469121639810,6.1905,-75.5627,Entire home/apt,Entire rental unit,54,139.34,Medellin
1529158024434704655,6.2071,-75.5735,Entire home/apt,Entire rental unit,29,218.43,Medellin
620273741518812579,6.2415,-75.5795,Private room,Room in aparthotel,3,258.27,Medellin
53513004,6.20833,-75.56595,Entire home/apt,Entire serviced apartment,207,217.9,Medellin
1467584478564952785,6.213,-75.5609,Entire home/apt,Entire rental unit,42,99.49,Medellin
976880962396483077,6.20851,-75.56414,Entire home/apt,Entire rental unit,106,263.0,Medellin
1247982038778332000,6.260042315201941,-75.60393839509315,Entire home/apt,Entire rental unit,88,45.45,Medellin
39868938,6.2076,-75.5667,Entire home/apt,Entire serviced apartment,166,143.7,Medellin
1184135173776319323,6.2066,-75.5639,Entire home/apt,Entire rental unit,53,184.2,Medellin
1651579889481407725,6.2408,-75.5836,Entire home/apt,Entire rental unit,6,182.55,Medellin
1184262264379432619,6.2107,-75.5648,Entire home/apt,Entire rental unit,86,108.23,Medellin
1275332978661214902,6.2144,-75.5719,Entire home/apt,Entire condo,40,186.2,Medellin
973776687811801470,6.2108,-75.5666,Entire home/apt,Entire loft,16,195.94,Medellin
786158278361358224,6.2843,-75.6072,Private room,Private room in rental unit,0,17.62,Medellin
18200381,6.26575,-75.59821,Private room,Private room in condo,10,14.72,Medellin
1583014212159802093,6.26079,-75.56263,Entire home/apt,Entire rental unit,8,77.62,Medellin
33097522,6.16309,-75.58362,Private room,Private room in rental unit,2,11.71,Medellin
1143696517909256269,6.24511,-75.58716,Private room,Private room in home,2,14.41,Medellin
1152325348143803636,6.2525,-75.5863,Entire home/apt,Entire loft,60,79.12,Medellin
880360436482363889,6.2442,-75.5553,Private room,Private room in home,0,18.04,Medellin
1687663562591142577,6.1581,-75.5854,Private room,Private room in home,0,17.0,Medellin
1285516173874558979,6.272,-75.6318,Private room,Private room in rental unit,0,15.12,Medellin
962822424541630209,6.25734,-75.58387,Private room,Room in hotel,0,14.23,Medellin
1557614934460614374,6.2475,-75.5951,Entire home/apt,Entire rental unit,20,172.11,Medellin
1495260534934819538,6.2372,-75.5902,Entire home/apt,Entire serviced apartment,7,184.23,Medellin
1521022413802003442,6.243873102422496,-75.59548233403162,Entire home/apt,Entire rental unit,26,174.46,Medellin
18346172,6.16296,-75.5812,Private room,Private room in rental unit,1,11.71,Medellin
50092171,6.21227,-75.57277,Entire home/apt,Entire rental unit,79,187.12,Medellin
832815876136232190,6.23918,-75.59178,Entire home/apt,Entire serviced apartment,129,79.17,Medellin
14111751,6.2139,-75.5612,Entire home/apt,Entire rental unit,12,85.0,Medellin
883459634173107210,6.24449,-75.58324,Entire home/apt,Entire rental unit,112,107.0,Medellin
1470433120614725404,6.2073,-75.573,Entire home/apt,Entire rental unit,60,123.0,Medellin
1731967303469436041,6.2111,-75.5711,Entire home/apt,Entire rental unit,1,179.66,Medellin
1194222457145240953,6.212889591017583,-75.56198825395859,Entire home/apt,Entire rental unit,44,104.63,Medellin
1604328955593562230,6.209,-75.568,Entire home/apt,Entire loft,3,84.06,Medellin
19289190,6.213,-75.5609,Entire home/apt,Entire rental unit,200,79.39,Medellin
1569012641953363499,6.20449,-75.56224,Private room,Room in boutique hotel,0,330.3,Medellin
1106903218797443267,6.24287,-75.54906,Private room,Private room in casa particular,0,17.36,Medellin
14154219,6.21336,-75.56801,Entire home/apt,Entire rental unit,19,82.8,Medellin
1565424426202299416,6.2584,-75.5983,Shared room,Shared room in home,0,13.62,Medellin
778922580565813653,6.20402,-75.58326,Private room,Private room in serviced apartment,17,16.89,Medellin
954674063969902816,6.2107,-75.5693,Entire home/apt,Entire rental unit,130,84.0,Medellin
945711936563134373,6.27674,-75.59727,Private room,Private room in home,0,14.72,Medellin
1132713897383909270,6.2476,-75.5895,Entire home/apt,Entire rental unit,64,84.53,Medellin
1461748330539572199,6.2069,-75.5734,Entire home/apt,Entire rental unit,12,95.0,Medellin
833377996973072860,6.25713,-75.5603,Private room,Private room in rental unit,49,12.88,Medellin
54035929,6.19698,-75.57772,Entire home/apt,Entire rental unit,85,160.38,Medellin
18200575,6.26463,-75.59973,Private room,Private room in condo,7,14.73,Medellin
1566221035417237332,6.2584,-75.5983,Shared room,Shared room in home,0,13.62,Medellin
1233500822516014059,6.20964,-75.57044,Entire home/apt,Entire rental unit,14,181.01,Medellin
675171527198861618,6.2071,-75.5742,Entire home/apt,Entire rental unit,152,191.4,Medellin
1620414519010637375,6.2397,-75.60483,Entire home/apt,Entire rental unit,40,171.71,Medellin
1163035417007723310,6.2432,-75.5558,Entire home/apt,Entire rental unit,79,52.43,Medellin
1524655703125430263,6.246539064602291,-75.58738691230317,Entire home/apt,Entire rental unit,31,94.2,Medellin
1360830907599074482,6.2139,-75.5173,Entire home/apt,Entire home,4,140.71,Medellin
947872490074074347,6.2437,-75.5596,Entire home/apt,Entire loft,73,133.43,Medellin
1551718164560724133,6.2114,-75.5691,Entire home/apt,Entire rental unit,5,217.08,Medellin
44465094,6.198,-75.5699,Entire home/apt,Entire rental unit,465,104.2,Medellin
1069151990105759766,6.2068,-75.614,Private room,Private room in rental unit,0,17.32,Medellin
738465623140529690,6.2154,-75.5709,Entire home/apt,Entire loft,122,105.84,Medellin
1729810073666372028,6.2455,-75.5907,Private room,Room in hotel,0,83.81,Medellin
1185745006971283856,6.2430405660341615,-75.58566857659196,Entire home/apt,Entire rental unit,67,87.0,Medellin
1567469446203161055,6.208833466686287,-75.5688321261545,Private room,Private room in rental unit,35,91.05,Medellin
1192233321648248751,6.17979,-75.59766,Entire home/apt,Entire rental unit,42,106.29,Medellin
1693678043375832541,6.2493,-75.591,Entire home/apt,Entire rental unit,2,205.0,Medellin
1671159378592277261,6.163,-75.5742,Entire home/apt,Entire rental unit,5,94.14,Medellin
999467633290197004,6.2139,-75.5732,Entire home/apt,Entire rental unit,115,105.37,Medellin
1390691727068047310,6.2488,-75.5962,Entire home/apt,Entire rental unit,35,91.72,Medellin
1557500422541978433,6.2084,-75.5679,Entire home/apt,Entire rental unit,40,131.18,Medellin
1649527504895229396,6.2416,-75.5926,Entire home/apt,Entire loft,6,92.49,Medellin
1259489525044735036,6.2251,-75.5658,Entire home/apt,Entire condo,57,93.76,Medellin
50179993,6.23991,-75.59447,Entire home/apt,Entire rental unit,362,91.2,Medellin
1565438593298039596,6.2584,-75.5983,Shared room,Shared room in home,1,13.62,Medellin
34476117,6.16304,-75.58282,Private room,Private room in home,39,14.05,Medellin
1182617887521410012,6.2481,-75.5906,Entire home/apt,Entire serviced apartment,74,202.86,Medellin
1222506635595025852,6.2503,-75.5889,Entire home/apt,Entire rental unit,46,94.96,Medellin
1532837625100337241,6.2063,-75.569,Entire home/apt,Entire rental unit,9,78.58,Medellin
1630506256371037888,6.2398,-75.5817,Entire home/apt,Entire condo,8,91.92,Medellin
1457254187056623618,6.2036,-75.5591,Entire home/apt,Entire rental unit,81,91.56,Medellin
1308748185066179549,6.1616,-75.5729,Entire home/apt,Entire rental unit,25,95.03,Medellin
742611595029214108,6.21288,-75.56336,Entire home/apt,Entire loft,136,98.57,Medellin
1623338840795409123,6.2434,-75.5599,Entire home/apt,Entire rental unit,5,65.72,Medellin
1649402498460811782,6.25012,-75.59648,Entire home/apt,Entire rental unit,12,91.33,Medellin
1476007969100276828,6.261224251273476,-75.55955239326305,Private room,Private room in home,4,18.41,Medellin
5099467,6.21226,-75.55974,Entire home/apt,Entire rental unit,111,93.35,Medellin
44156630,6.198,-75.5699,Entire home/apt,Entire rental unit,540,93.06,Medellin
53170179,6.24761,-75.58997,Entire home/apt,Entire rental unit,177,84.18,Medellin
1675686251681490435,6.24556,-75.60016,Shared room,Shared room in guesthouse,0,21.67,Medellin
1519876408845911871,6.2524,-75.592,Entire home/apt,Entire rental unit,10,40.32,Medellin
1704595440000126700,6.189856732344126,-75.56145369731472,Entire home/apt,Entire rental unit,7,93.05,Medellin
1424264546464897185,6.2425,-75.6023,Entire home/apt,Entire home,12,145.3,Medellin
1686203066902519668,6.1905,-75.5627,Entire home/apt,Entire rental unit,2,124.0,Medellin
1199941312681430139,6.2107,-75.5648,Entire home/apt,Entire rental unit,65,121.65,Medellin
1448513814092020196,6.20744,-75.56102,Entire home/apt,Entire rental unit,58,89.0,Medellin
1401506390296039487,6.2153,-75.5708,Entire home/apt,Entire rental unit,22,123.45,Medellin
1243790386073788394,6.247953654491952,-75.61448389605611,Private room,Private room in home,37,16.39,Medellin
1730721338497572685,6.2091,-75.4978,Entire home/apt,Entire cabin,0,148.64,Medellin
1326475438965709114,6.21165,-75.57322,Entire home/apt,Entire rental unit,38,147.42,Medellin
1132058473745897989,6.2078,-75.5757,Private room,Room in boutique hotel,5,146.21,Medellin
1119878810929023973,6.2524,-75.5863,Entire home/apt,Entire loft,137,88.7,Medellin
813706702127403636,6.2063,-75.5546,Entire home/apt,Entire rental unit,133,170.47,Medellin
886911583546136923,6.34322,-75.55221,Entire home/apt,Entire rental unit,0,246.59,Medellin
1268253698648978138,6.212,-75.5585,Entire home/apt,Entire rental unit,52,98.6,Medellin
1408722675130886778,6.2437,-75.5582,Entire home/apt,Entire rental unit,50,41.77,Medellin
661210562959659452,6.2128,-75.5614,Entire home/apt,Entire vacation home,234,119.0,Medellin
17609833,6.19862,-75.56578,Entire home/apt,Entire rental unit,34,157.56,Medellin
1676379634613589885,6.217448087232966,-75.55613820188857,Entire home/apt,Entire rental unit,3,112.63,Medellin
1558963825264718336,6.2105,-75.5724,Entire home/apt,Entire rental unit,28,89.43,Medellin
1425063864760355674,6.2122,-75.5589,Entire home/apt,Entire rental unit,34,90.0,Medellin
1231557850543687819,6.23372,-75.60833,Private room,Private room in home,61,152.37,Medellin
1603007873083290161,6.1906,-75.562,Entire home/apt,Entire rental unit,12,89.32,Medellin
1601740552935995302,6.19969,-75.56218,Entire home/apt,Entire rental unit,27,90.73,Medellin
1607625194321010011,6.2297,-75.5689,Entire home/apt,Entire rental unit,7,91.42,Medellin
961198177943358791,6.2107,-75.5693,Entire home/apt,Entire rental unit,165,87.0,Medellin
1545165707386790351,6.2084,-75.56,Entire home/apt,Entire rental unit,13,114.2,Medellin
1667584825812560552,6.1437,-75.6147,Entire home/apt,Entire rental unit,6,135.55,Medellin
629084579675695569,6.2379,-75.5477,Entire home/apt,Entire loft,12,29.27,Medellin
569410227896954210,6.24899,-75.59319,Entire home/apt,Entire rental unit,139,87.81,Medellin
53412087,6.20678,-75.5554,Entire home/apt,Entire condo,147,114.2,Medellin
954677114982780162,6.2107,-75.5693,Entire home/apt,Entire rental unit,146,87.0,Medellin
34415431,6.24275,-75.5596,Entire home/apt,Entire rental unit,79,30.18,Medellin
1553293792982812066,6.2132,-75.5685,Entire home/apt,Entire rental unit,13,98.2,Medellin
797025113130578467,6.1504,-75.5623,Entire home/apt,Entire rental unit,8,174.9,Medellin
1471210522037934342,6.2067,-75.5737,Entire home/apt,Entire rental unit,17,100.24,Medellin
1723493390936891104,6.2262,-75.5645,Entire home/apt,Entire rental unit,1,88.53,Medellin
1317736399210408798,6.212578472478042,-75.5740209629265,Private room,Private room in rental unit,17,58.35,Medellin
713016843778594521,6.24436,-75.55738,Entire home/apt,Entire serviced apartment,87,90.82,Medellin
45849556,6.21,-75.5711,Entire home/apt,Entire rental unit,160,113.61,Medellin
1531769697491827008,6.248604085216585,-75.55771313340024,Entire home/apt,Entire rental unit,17,29.17,Medellin
1184143771093919319,6.25,-75.5146,Entire home/apt,Entire cabin,36,86.67,Medellin
909460386749599943,6.20603,-75.60254,Private room,Private room in rental unit,13,17.74,Medellin
1207425662516589591,6.2105,-75.5723,Entire home/apt,Entire rental unit,31,99.0,Medellin
53585409,6.2099,-75.57198,Entire home/apt,Entire loft,141,119.63,Medellin
973270091004529304,6.2153,-75.5708,Entire home/apt,Entire condo,66,87.34,Medellin
1714758709192702980,6.239,-75.591,Private room,Private room in rental unit,0,30.71,Medellin
1684747033567002877,6.2048,-75.5808,Entire home/apt,Entire rental unit,5,28.8,Medellin
1730757563787303755,6.2362,-75.5912,Entire home/apt,Entire rental unit,0,37.39,Medellin
1113001473274313778,6.2063,-75.5546,Entire home/apt,Entire rental unit,73,270.48,Medellin
607769132585775539,6.2383,-75.589,Entire home/apt,Entire loft,98,24.95,Medellin
28698066,6.1824,-75.578,Private room,Private room in condo,69,29.1,Medellin
1571154664077462547,6.23695,-75.59486,Entire home/apt,Entire rental unit,29,58.4,Medellin
1361682711089031880,6.2406516218926535,-75.58762623350685,Private room,Private room in rental unit,33,25.49,Medellin
1094928813796974273,6.2437,-75.5596,Entire home/apt,Entire rental unit,28,87.83,Medellin
877674476478125249,6.21222,-75.55856,Entire home/apt,Entire rental unit,108,254.2,Medellin
1369590713757725256,6.1486,-75.5616,Entire home/apt,Entire home,0,233.28,Medellin
1366791744131759579,6.149431376645654,-75.58297858656404,Entire home/apt,Entire rental unit,0,295.36,Medellin
1340949166711177152,6.209559648511958,-75.56708933401083,Entire home/apt,Entire rental unit,25,212.6,Medellin
1512706043403518341,6.274350003777125,-75.58055892309334,Entire home/apt,Entire home,19,77.54,Medellin
1518850548164855375,6.250748663080677,-75.57963438255385,Entire home/apt,Entire rental unit,40,87.4,Medellin
1535437513662758310,6.2075,-75.5661,Entire home/apt,Entire rental unit,29,218.04,Medellin
1511186972218631712,6.2101,-75.5717,Entire home/apt,Entire rental unit,17,205.63,Medellin
27030250,6.2409,-75.5827,Private room,Private room in home,86,25.76,Medellin
1695456217580913858,6.2394,-75.6053,Entire home/apt,Entire rental unit,1,133.21,Medellin
1477563044264755110,6.20722,-75.56462,Entire home/apt,Entire rental unit,26,199.26,Medellin
1275352191873885003,6.2144,-75.5719,Entire home/apt,Entire condo,45,175.4,Medellin
42232102,6.1907,-75.5657,Entire home/apt,Entire rental unit,181,178.78,Medellin
934140042807024041,6.2382,-75.5858,Entire home/apt,Entire home,70,152.8,Medellin
17952927,6.2112,-75.5591,Entire home/apt,Entire rental unit,309,208.6,Medellin
40309146,6.18966,-75.56621,Entire home/apt,Entire rental unit,188,150.8,Medellin
1150925562335790532,6.2596,-75.5921,Private room,Private room in guesthouse,15,153.55,Medellin
1576839831409427726,6.2418,-75.5928,Entire home/apt,Entire rental unit,8,156.2,Medellin
899608459522208316,6.17746,-75.45272,Entire home/apt,Entire serviced apartment,112,153.5,Medellin
1706818884659619827,6.2063,-75.5546,Entire home/apt,Entire condo,5,190.0,Medellin
1559816723081991372,6.21182,-75.57158,Entire home/apt,Entire rental unit,23,152.02,Medellin
17268312,6.19979,-75.56585,Entire home/apt,Entire rental unit,49,156.62,Medellin
1527644408358210710,6.2106,-75.5667,Private room,Room in hotel,0,189.34,Medellin
1103153869610116932,6.23564,-75.47734,Entire home/apt,Entire cabin,2,152.51,Medellin
1443486551088681013,6.2071,-75.5735,Entire home/apt,Entire rental unit,38,159.73,Medellin
1599733257282908207,6.3402,-75.5411,Entire home/apt,Entire rental unit,2,155.4,Medellin
1275608502317458038,6.236440885757173,-75.59010510103168,Entire home/apt,Entire home,83,171.91,Medellin
47180006,6.2386,-75.5848,Entire home/apt,Entire home,33,216.53,Medellin
1377623987470035081,6.1496,-75.618,Private room,Private room in home,14,21.5,Medellin
1013818400548785825,6.2601,-75.5936,Entire home/apt,Entire home,93,154.58,Medellin
1092094964372281406,6.2461,-75.5977,Entire home/apt,Entire serviced apartment,36,153.85,Medellin
1013773788858831443,6.24743,-75.59709,Entire home/apt,Entire rental unit,50,152.46,Medellin
1581904809455495069,6.2063,-75.5546,Entire home/apt,Entire rental unit,8,155.76,Medellin
1372542791908025299,6.148,-75.6187,Private room,Private room in home,8,21.5,Medellin
1341344639486757664,6.20607,-75.46366,Private room,Private room in cabin,2,190.03,Medellin
53890707,6.19728,-75.57896,Entire home/apt,Entire rental unit,28,154.0,Medellin
1120913728472829828,6.2528,-75.4406,Entire home/apt,Entire cabin,14,154.34,Medellin
1379078007854380575,6.1822,-75.576,Entire home/apt,Entire rental unit,11,186.8,Medellin
1254323738812746843,6.390098393894368,-75.45656389094805,Entire home/apt,Entire cabin,0,154.58,Medellin
952379963805221033,6.1439,-75.6082,Private room,Private room in condo,39,22.95,Medellin
9660216,6.2137,-75.5736,Entire home/apt,Entire condo,366,153.84,Medellin
1278536149488767048,6.2216258428999405,-75.5786915176881,Entire home/apt,Entire rental unit,66,196.37,Medellin
861712588270233187,6.17943,-75.56207,Entire home/apt,Entire loft,15,156.18,Medellin
1607956173804509121,6.1983,-75.5674,Entire home/apt,Entire rental unit,8,163.38,Medellin
945593691650714736,6.2063,-75.5546,Entire home/apt,Entire rental unit,64,155.02,Medellin
1377615621946096024,6.1501,-75.6171,Private room,Private room in home,33,21.5,Medellin
1209663473129982158,6.2071,-75.5646,Entire home/apt,Entire rental unit,81,155.49,Medellin
1595129109708907411,6.1803,-75.57962,Entire home/apt,Entire rental unit,3,156.0,Medellin
857262977856486465,6.2504,-75.5984,Entire home/apt,Entire rental unit,3,153.55,Medellin
1628477138170709886,6.2147,-75.5716,Private room,Room in hotel,0,195.32,Medellin
34747993,6.26568,-75.59767,Private room,Private room in rental unit,0,10.57,Medellin
729696304129013658,6.1866,-75.5692,Entire home/apt,Entire rental unit,6,157.76,Medellin
1651486998259953245,6.24425,-75.60679,Entire home/apt,Entire home,2,188.82,Medellin
1474144425033942584,6.24027,-75.59626,Entire home/apt,Entire rental unit,0,189.71,Medellin
1528561614032979526,6.26369,-75.56589,Private room,Room in hotel,0,192.94,Medellin
1562338901203344507,6.2385,-75.5974,Private room,Private room in home,27,26.04,Medellin
1671998212350515243,6.26063897074093,-75.58747823785954,Entire home/apt,Entire rental unit,0,188.8,Medellin
973435492383578326,6.229,-75.5946,Entire home/apt,Entire rental unit,58,154.67,Medellin
749965585562033629,6.2593,-75.5952,Entire home/apt,Entire loft,0,189.31,Medellin
1658216602044148600,6.2173950943299605,-75.55728595579029,Entire home/apt,Entire rental unit,3,162.3,Medellin
1127009111970505795,6.20743,-75.57371,Entire home/apt,Entire rental unit,0,185.27,Medellin
1359481949815001863,6.2124,-75.5634,Private room,Room in hotel,0,190.32,Medellin
1532626567190106777,6.178872097711161,-75.5627405405606,Entire home/apt,Entire rental unit,6,156.2,Medellin
1610427847745117508,6.2523,-75.5882,Private room,Room in hotel,0,196.08,Medellin
1560514187419735487,6.2458,-75.6042,Entire home/apt,Entire rental unit,2,156.4,Medellin
1145230676266469040,6.2361,-75.5967,Entire home/apt,Entire home,7,155.3,Medellin
1534993594149374256,6.21299,-75.5628,Entire home/apt,Entire loft,0,188.87,Medellin
1513257404626912673,6.204363182511715,-75.56218902181205,Entire home/apt,Entire rental unit,0,189.54,Medellin
1332077226846388049,6.1822,-75.576,Entire home/apt,Entire rental unit,5,155.15,Medellin
920380289891491380,6.3224,-75.5245,Entire home/apt,Dome,4,158.26,Medellin
791234409829395850,6.2578,-75.4413,Entire home/apt,Entire home,19,160.1,Medellin
1361666150975074166,6.246263951389674,-75.56481352881445,Private room,Room in hotel,1,21.01,Medellin
1260288187769966080,6.2525,-75.5613,Entire home/apt,Tent,0,192.27,Medellin
1174776448168222101,6.2592,-75.5951,Private room,Room in hotel,0,191.95,Medellin
843678516443972076,6.19585,-75.51555,Entire home/apt,Entire cabin,0,156.05,Medellin
1233566188585161255,6.1827,-75.5812,Entire home/apt,Entire rental unit,1,110.41,Medellin
51958285,6.20898,-75.56718,Private room,Room in hotel,38,154.0,Medellin
1163072211902804923,6.2029,-75.6036,Private room,Private room in rental unit,0,154.58,Medellin
929788120702247161,6.2374,-75.4665,Entire home/apt,Entire cabin,96,58.1,Medellin
39984658,6.24581,-75.58786,Entire home/apt,Entire rental unit,68,171.19,Medellin
1564263934073536111,6.25725,-75.58543,Private room,Room in hotel,0,153.84,Medellin
54383949,6.254,-75.4999,Entire home/apt,Tiny home,70,95.82,Medellin
1616143594545149840,6.1905,-75.5627,Entire home/apt,Entire rental unit,6,95.6,Medellin
1496533585953304277,6.205757703152957,-75.56691320684534,Private room,Room in hotel,1,156.63,Medellin
1300188670070613015,6.2457,-75.5889,Private room,Room in hotel,2,153.69,Medellin
1078424188109064817,6.32478,-75.52026,Entire home/apt,Entire cabin,1,154.58,Medellin
1145110263505813309,6.2479,-75.5976,Entire home/apt,Entire loft,84,68.65,Medellin
18158399,6.19851,-75.5676,Entire home/apt,Entire rental unit,38,173.39,Medellin
655103707974393075,6.32,-75.5674,Entire home/apt,Entire condo,32,58.8,Medellin
1678998068187385807,6.2119,-75.5707,Entire home/apt,Entire rental unit,0,195.09,Medellin
1412619912001850652,6.25092646367625,-75.51579806871393,Entire home/apt,Entire cabin,15,71.9,Medellin
1528657110211045075,6.243987382382832,-75.59752588509426,Entire home/apt,Entire rental unit,4,156.38,Medellin
1524957946976944563,6.176886367495588,-75.44952696011384,Entire home/apt,Entire rental unit,26,152.9,Medellin
1674102781866841304,6.18937,-75.56381,Entire home/apt,Entire rental unit,1,190.64,Medellin
1262843558669537323,6.2545,-75.5855,Entire home/apt,Entire rental unit,18,156.06,Medellin
17590433,6.19802,-75.56574,Entire home/apt,Entire serviced apartment,50,156.62,Medellin
1496496905368184030,6.2751,-75.5828,Entire home/apt,Entire serviced apartment,24,56.51,Medellin
1697199131162001482,6.1692,-75.5814,Entire home/apt,Entire rental unit,0,153.21,Medellin
1350356843894803083,6.23662,-75.60178,Private room,Private room in casa particular,1,157.16,Medellin
1426298027973409742,6.260811937016589,-75.59233784635225,Entire home/apt,Entire condo,2,153.83,Medellin
1128283802915413823,6.2094,-75.56718,Entire home/apt,Entire rental unit,44,187.62,Medellin
1599369488460502570,6.2644,-75.5647,Entire home/apt,Entire rental unit,0,158.9,Medellin
52281130,6.2003,-75.5757,Entire home/apt,Entire rental unit,58,150.97,Medellin
1594422657619579732,6.2436,-75.5596,Entire home/apt,Entire rental unit,13,95.26,Medellin
1340146837310147082,6.2479,-75.5995,Entire home/apt,Entire home,6,154.58,Medellin
18432947,6.19806,-75.56599,Entire home/apt,Entire rental unit,19,150.49,Medellin
1021944294287863330,6.3504,-75.5149,Entire home/apt,Entire cottage,2,228.19,Medellin
1010322114649912131,6.2528,-75.5905,Entire home/apt,Entire serviced apartment,37,60.2,Medellin
1016726307740264122,6.1488,-75.6215,Private room,Private room in rental unit,39,21.34,Medellin
46965336,6.19916,-75.56377,Entire home/apt,Entire loft,240,73.0,Medellin
1203310848138095680,6.17927,-75.56179,Entire home/apt,Entire loft,2,155.68,Medellin
17956074,6.19853,-75.56596,Entire home/apt,Entire serviced apartment,62,158.53,Medellin
1555125802170409872,6.17615,-75.58165,Private room,Room in hotel,2,152.46,Medellin
1350145774337355465,6.2199996319281325,-75.57358937637605,Entire home/apt,Entire rental unit,3,156.42,Medellin
51341693,6.2131,-75.5739,Entire home/apt,Entire serviced apartment,68,151.79,Medellin
715415844261611396,6.31678,-75.51938,Private room,Private room in nature lodge,1,228.4,Medellin
857178688840433743,6.208972316757543,-75.56397532856056,Entire home/apt,Entire loft,123,155.72,Medellin
761774424532982116,6.2086,-75.5745,Entire home/apt,Entire rental unit,94,150.0,Medellin
1551620698352411327,6.2399,-75.5909,Private room,Room in hotel,5,154.08,Medellin
1714067303637556553,6.1888,-75.5672,Entire home/apt,Entire rental unit,0,157.65,Medellin
973181562710278493,6.24772,-75.5953,Entire home/apt,Entire rental unit,110,165.8,Medellin
1427436109661631768,6.2326,-75.6031,Entire home/apt,Entire rental unit,32,60.79,Medellin
34017811,6.2669,-75.59149,Entire home/apt,Entire serviced apartment,74,73.46,Medellin
963243684530735264,6.20618,-75.5631,Entire home/apt,Entire rental unit,60,155.0,Medellin
1605850090454603657,6.3245,-75.5597,Entire home/apt,Entire rental unit,0,191.63,Medellin
1216844074008922495,6.3836,-75.4992,Entire home/apt,Dome,0,154.58,Medellin
1518370823026004075,6.2426,-75.5973,Entire home/apt,Entire rental unit,9,150.66,Medellin
36699026,6.203,-75.5714,Entire home/apt,Entire serviced apartment,33,151.07,Medellin
1100831692197507873,6.3367,-75.5676,Entire home/apt,Entire rental unit,48,61.83,Medellin
1302257243658101735,6.212,-75.5585,Entire home/apt,Entire rental unit,39,87.81,Medellin
1139325994354724397,6.2405,-75.5922,Entire home/apt,Entire rental unit,48,151.96,Medellin
679513091966902713,6.20955,-75.56759,Private room,Room in hotel,40,195.69,Medellin
1073111091899013443,6.19745,-75.57789,Entire home/apt,Entire rental unit,46,154.4,Medellin
39984589,6.2097,-75.5661,Entire home/apt,Entire serviced apartment,4,155.78,Medellin
1597468916666371187,6.2561,-75.5835,Entire home/apt,Entire rental unit,12,60.19,Medellin
1723985128653338407,6.2613,-75.5933,Entire home/apt,Entire home,0,186.19,Medellin
42813509,6.24904,-75.59467,Entire home/apt,Entire serviced apartment,144,156.89,Medellin
52915199,6.19163,-75.56647,Entire home/apt,Entire rental unit,177,206.86,Medellin
1110365665347179529,6.2596,-75.5921,Private room,Room in hotel,48,154.16,Medellin
1013719392319329174,6.20038,-75.55885,Entire home/apt,Entire rental unit,5,150.36,Medellin
1342362912545103025,6.203056472342523,-75.55841732467898,Entire home/apt,Entire rental unit,6,155.69,Medellin
1515468408460316554,6.1743,-75.5909,Entire home/apt,Entire rental unit,19,159.92,Medellin
914799482839052578,6.2599,-75.592,Entire home/apt,Entire home,9,158.26,Medellin
1395612411795234993,6.24926,-75.59171,Private room,Room in hotel,5,154.69,Medellin
541186944928284561,6.21475,-75.57251,Private room,Private room in rental unit,88,35.76,Medellin
40024897,6.2446,-75.589,Entire home/apt,Entire rental unit,68,153.34,Medellin
897916791748272167,6.1983,-75.5674,Entire home/apt,Entire rental unit,28,167.73,Medellin
1706022173690700241,6.2095,-75.5716,Entire home/apt,Entire rental unit,0,152.07,Medellin
34620821,6.1636,-75.56136,Entire home/apt,Hut,8,93.05,Medellin
1103016440618695122,6.1742,-75.5914,Entire home/apt,Entire rental unit,90,151.0,Medellin
1677294453197414480,6.1787,-75.6578,Entire home/apt,Entire home,0,192.16,Medellin
785603939727092440,6.2579,-75.4885,Entire home/apt,Entire cabin,56,90.54,Medellin
5442597,6.21374,-75.562,Entire home/apt,Entire rental unit,244,153.23,Medellin
1418100255139606592,6.187,-75.5691,Entire home/apt,Entire rental unit,0,192.72,Medellin
1407957124169199516,6.2646,-75.597,Entire home/apt,Entire rental unit,36,166.38,Medellin
1711906024475192820,6.2544,-75.5963,Entire home/apt,Entire rental unit,4,62.48,Medellin
848940800721010170,6.27942,-75.57484,Entire home/apt,Entire rental unit,30,47.04,Medellin
1502888352801402948,6.2593,-75.5952,Entire home/apt,Entire rental unit,1,158.18,Medellin
1678761596287892995,6.204,-75.5826,Private room,Private room in rental unit,1,20.27,Medellin
1390626733989060721,6.211337629983305,-75.56423753534894,Entire home/apt,Entire rental unit,34,156.6,Medellin
1608917759453083229,6.2401,-75.5807,Entire home/apt,Entire rental unit,13,159.6,Medellin
908712110886317133,6.3264,-75.4972,Entire home/apt,Entire cabin,31,93.48,Medellin
1292690554725030028,6.205830189700201,-75.5651305797564,Entire home/apt,Entire rental unit,30,177.2,Medellin
1150973916416395191,6.2399,-75.5943,Entire home/apt,Entire loft,6,159.29,Medellin
961599136784981198,6.2445,-75.5986,Entire home/apt,Entire home,15,166.15,Medellin
1691507778777380628,6.24780303448608,-75.59215682461547,Private room,Room in hotel,0,196.24,Medellin
1542643246208265361,6.22643,-75.56096,Entire home/apt,Entire rental unit,35,184.99,Medellin
840821888878023812,6.2467,-75.5864,Entire home/apt,Entire condo,110,61.37,Medellin
1638527144857855107,6.26083,-75.59628,Entire home/apt,Entire home,8,153.89,Medellin
1157406233932108626,6.2477,-75.5882,Entire home/apt,Entire rental unit,33,154.46,Medellin
1430093477047085863,6.3909,-75.4566,Entire home/apt,Entire cabin,31,108.96,Medellin
927602106647049254,6.20551,-75.56316,Entire home/apt,Entire rental unit,71,113.2,Medellin
1032500474289554331,6.1991,-75.5584,Private room,Room in hotel,32,151.26,Medellin
1479997289739519300,6.3368,-75.549,Entire home/apt,Entire rental unit,2,155.71,Medellin
1719967329129630228,6.2117,-75.5882,Entire home/apt,Entire rental unit,0,186.47,Medellin
43115486,6.210821526988359,-75.56623767508789,Entire home/apt,Entire rental unit,145,151.6,Medellin
1695847076010545568,6.240448065847509,-75.59793371110659,Entire home/apt,Entire rental unit,1,155.7,Medellin
1438497442429718076,6.23177,-75.55993,Entire home/apt,Entire rental unit,2,152.51,Medellin
1724293707910491431,6.2092,-75.5657,Entire home/apt,Entire rental unit,0,189.6,Medellin
1056465104356995636,6.2089,-75.5666,Entire home/apt,Entire rental unit,86,151.61,Medellin
1721951966457003130,6.2099,-75.5667,Entire home/apt,Entire rental unit,0,151.22,Medellin
1439234812220952677,6.2153,-75.5708,Entire home/apt,Entire condo,30,186.2,Medellin
1526100752688906325,6.243833595977771,-75.59552495540623,Entire home/apt,Entire rental unit,20,187.4,Medellin
1578226927282038341,6.2132,-75.5711,Entire home/apt,Entire home,19,151.99,Medellin
1604777706585729170,6.23988,-75.58103,Entire home/apt,Entire rental unit,20,155.2,Medellin
1603152822949233837,6.1906,-75.5629,Entire home/apt,Entire rental unit,31,155.41,Medellin
1456002383438027164,6.2794,-75.4414,Entire home/apt,Entire home,2,157.67,Medellin
928330425167636115,6.2095,-75.5695,Private room,Room in hotel,6,154.58,Medellin
1289888719238709681,6.24565,-75.58815,Entire home/apt,Entire rental unit,50,150.2,Medellin
11676354,6.20833,-75.56339,Entire home/apt,Entire rental unit,222,156.19,Medellin
1623971016898104928,6.2075,-75.5737,Entire home/apt,Entire rental unit,3,156.22,Medellin
1558963005990308210,6.1786,-75.5811,Entire home/apt,Entire rental unit,4,163.37,Medellin
1694296027623526262,6.2092,-75.5657,Entire home/apt,Entire rental unit,1,191.4,Medellin
1728589236665705652,6.17454,-75.57149,Entire home/apt,Entire rental unit,0,188.1,Medellin
51990430,6.20587,-75.55519,Entire home/apt,Entire serviced apartment,137,162.0,Medellin
1383479125379088958,6.1787,-75.5805,Entire home/apt,Entire rental unit,33,156.79,Medellin
1590943891180005450,6.1972,-75.5725,Entire home/apt,Entire home,9,179.46,Medellin
972709277833164798,6.19018,-75.564,Entire home/apt,Entire rental unit,122,165.8,Medellin
1319673370345887591,6.2106,-75.5724,Entire home/apt,Entire serviced apartment,93,152.66,Medellin
51902468,6.2098,-75.5714,Entire home/apt,Entire rental unit,174,154.4,Medellin
951602909768166862,6.2411,-75.5855,Entire home/apt,Entire rental unit,111,155.72,Medellin
1684251388241139628,6.172226376643283,-75.58243857916497,Entire home/apt,Entire rental unit,0,17.08,Medellin
1673521940819503271,6.2363,-75.5883,Private room,Private room in casa particular,1,33.8,Medellin
989623923700989144,6.2343,-75.5842,Private room,Private room in home,142,20.94,Medellin
776822955361091303,6.31212,-75.61913,Entire home/apt,Dome,8,138.2,Medellin
1366100435497320705,6.2403,-75.5886,Private room,Private room in rental unit,51,25.49,Medellin
1037077768795388664,6.24723,-75.58377,Private room,Private room in home,29,39.34,Medellin
1236976789151819581,6.2063,-75.5546,Entire home/apt,Entire rental unit,57,135.13,Medellin
1536501827968916069,6.2353,-75.58735,Entire home/apt,Entire rental unit,22,29.86,Medellin
1221025356195179875,6.2337,-75.5577,Private room,Private room in bed and breakfast,22,21.72,Medellin
1565376109741612319,6.25753,-75.59925,Shared room,Shared room in home,0,13.62,Medellin
1576176650084486400,6.2423,-75.5956,Private room,Private room in home,12,28.87,Medellin
551686716941371134,6.22994,-75.55171,Private room,Private room in home,13,22.34,Medellin
1731355089431361116,6.2242,-75.5676,Private room,Private room in rental unit,0,17.93,Medellin
1046535184028359655,6.2141,-75.5732,Entire home/apt,Entire rental unit,75,140.28,Medellin
52194621,6.24078,-75.58709,Entire home/apt,Entire serviced apartment,10,150.2,Medellin
17435088,6.24571,-75.56522,Private room,Private room in rental unit,292,18.8,Medellin
1730092501260321119,6.2345,-75.5867,Entire home/apt,Entire loft,0,29.25,Medellin
687595056187796781,6.2127,-75.5615,Entire home/apt,Entire vacation home,180,119.0,Medellin
1440020464405366229,6.232901319501651,-75.59091314149607,Entire home/apt,Entire rental unit,38,26.93,Medellin
1427598452870880135,6.233029512066248,-75.60219999227468,Entire home/apt,Entire rental unit,35,58.35,Medellin
999193452525393015,6.23478,-75.58996,Private room,Private room in guesthouse,92,28.13,Medellin
1652623537146774622,6.2514,-75.5874,Entire home/apt,Entire rental unit,14,166.18,Medellin
1683437372597316344,6.1606,-75.5917,Private room,Private room in home,4,22.09,Medellin
2446576,6.2459,-75.5912,Entire home/apt,Entire loft,219,120.8,Medellin
1625819111003974831,6.2152,-75.5709,Entire home/apt,Entire condo,7,134.0,Medellin
885672070541577395,6.24491,-75.59157,Entire home/apt,Entire rental unit,94,134.06,Medellin
1426250118171755600,6.2418,-75.5802,Entire home/apt,Entire rental unit,45,122.81,Medellin
1525476337386012584,6.2778,-75.4425,Entire home/apt,Casa particular,13,124.92,Medellin
1419223696801360160,6.164084938921464,-75.59582584999757,Private room,Private room in rental unit,27,18.43,Medellin
954576110032367870,6.24341,-75.57964,Entire home/apt,Entire rental unit,69,139.4,Medellin
45891108,6.20924,-75.56632,Entire home/apt,Entire loft,100,227.0,Medellin
1179100152177371547,6.2154,-75.5726,Private room,Private room in rental unit,37,16.16,Medellin
1559580616069329133,6.265407501856533,-75.59901003813103,Entire home/apt,Entire home,4,245.12,Medellin
1038722082646177701,6.2117,-75.5717,Entire home/apt,Entire rental unit,51,120.0,Medellin
1302218546730850803,6.212346595427288,-75.5168313958793,Entire home/apt,Entire cabin,15,127.34,Medellin
45769389,6.19995,-75.56786,Entire home/apt,Entire rental unit,205,150.0,Medellin
772759157588595017,6.1737,-75.577,Private room,Private room in home,74,17.81,Medellin
27292241,6.31061,-75.59542,Entire home/apt,Entire home,14,97.14,Medellin
1173290112651430606,6.2154,-75.5727,Private room,Private room in condo,32,22.88,Medellin
41508600,6.22368,-75.58141,Entire home/apt,Entire rental unit,176,17.4,Medellin
1224807524449026520,6.20463,-75.55961,Entire home/apt,Entire rental unit,99,82.19,Medellin
907091465053887666,6.24028,-75.58438,Entire home/apt,Entire rental unit,194,121.77,Medellin
678462340870441909,6.15146,-75.5579,Entire home/apt,Entire cabin,12,265.06,Medellin
1567053376573736447,6.2155,-75.5707,Entire home/apt,Entire rental unit,22,122.94,Medellin
42901270,6.2138,-75.5732,Entire home/apt,Entire rental unit,61,136.99,Medellin
827002060494526422,6.2647,-75.5927,Private room,Private room in home,1,137.65,Medellin
1115299431876727640,6.2683,-75.5965,Entire home/apt,Entire serviced apartment,27,137.98,Medellin
1058013705273896592,6.2437,-75.56,Entire home/apt,Entire loft,44,58.88,Medellin
41324705,6.21202,-75.55839,Entire home/apt,Entire condo,144,138.6,Medellin
695728345580251742,6.2804,-75.4687,Entire home/apt,Entire guesthouse,18,93.64,Medellin
1689483743440992624,6.217618303625065,-75.57289804945358,Private room,Private room in rental unit,4,18.36,Medellin
1556913198006935313,6.236727433338242,-75.58646233847485,Entire home/apt,Entire rental unit,11,156.79,Medellin
1366741264691465851,6.2509,-75.5949,Entire home/apt,Entire rental unit,21,167.81,Medellin
1394172748270817527,6.2383,-75.5886,Private room,Room in hotel,263,25.18,Medellin
1628300730653672585,6.241,-75.6027,Entire home/apt,Entire rental unit,2,77.71,Medellin
1386629624771463014,6.2028,-75.6041,Private room,Private room in condo,4,18.49,Medellin
1558784601205716870,6.21295,-75.57089,Entire home/apt,Entire rental unit,9,119.87,Medellin
1702517446205605497,6.189423389831309,-75.5621483338817,Entire home/apt,Entire rental unit,1,76.17,Medellin
1524147368509624845,6.17804228787332,-75.4489043945435,Entire home/apt,Entire rental unit,34,152.9,Medellin
1349194150329522195,6.249,-75.5903,Entire home/apt,Entire rental unit,58,77.98,Medellin
47982200,6.23976,-75.58832,Entire home/apt,Entire serviced apartment,167,84.68,Medellin
1633540011535560928,6.2513,-75.5875,Entire home/apt,Entire rental unit,12,100.1,Medellin
1417784828700623426,6.164768703460975,-75.59577036024788,Private room,Private room in rental unit,38,18.43,Medellin
1184800187664178748,6.20939,-75.57146,Entire home/apt,Entire loft,129,117.32,Medellin
597825525752330567,6.2018,-75.5692,Private room,Private room in loft,252,130.85,Medellin
1662491221304111051,6.255459731991409,-75.5511715757518,Private room,Private room in home,0,22.23,Medellin
814366232630896397,6.2487,-75.5911,Entire home/apt,Entire serviced apartment,45,117.47,Medellin
1361734475965495623,6.229,-75.4913,Entire home/apt,Entire cabin,3,116.2,Medellin
1131333594754678311,6.2525,-75.5864,Entire home/apt,Entire loft,134,77.61,Medellin
1031782638431077889,6.2528,-75.5905,Entire home/apt,Entire serviced apartment,71,80.4,Medellin
958636862078877043,6.246,-75.5896,Entire home/apt,Entire rental unit,87,119.55,Medellin
1002903214767555169,6.2139,-75.5732,Entire home/apt,Entire rental unit,115,117.08,Medellin
45910719,6.198,-75.5702,Entire home/apt,Entire loft,365,76.47,Medellin
47981641,6.24128,-75.58757,Entire home/apt,Entire loft,300,125.8,Medellin
1650412354671657878,6.1861,-75.5109,Entire home/apt,Entire chalet,5,79.64,Medellin
1440636178259053035,6.2312,-75.6056,Entire home/apt,Entire rental unit,33,109.38,Medellin
1550471281996984758,6.2,-75.5971,Entire home/apt,Entire rental unit,56,138.82,Medellin
920453006582609793,6.214,-75.5607,Entire home/apt,Entire rental unit,115,115.2,Medellin
1394196383533344781,6.253287082001275,-75.59580588563189,Entire home/apt,Entire rental unit,21,75.6,Medellin
1506164373855106960,6.2444,-75.5893,Entire home/apt,Entire rental unit,18,135.58,Medellin
1557346686994252120,6.2083,-75.5678,Entire home/apt,Entire rental unit,31,100.54,Medellin
914623677976134699,6.1845,-75.5799,Entire home/apt,Entire rental unit,63,116.0,Medellin
1408892779289295591,6.2509,-75.5628,Private room,Private room in condo,10,22.8,Medellin
912553968633568541,6.1493,-75.5761,Private room,Private room in home,1,17.22,Medellin
572456302174157423,6.21205,-75.55954,Entire home/apt,Entire rental unit,5,141.0,Medellin
52191886,6.17208,-75.58999,Entire home/apt,Entire serviced apartment,156,113.6,Medellin
1103510314198353085,6.2524,-75.5863,Entire home/apt,Entire loft,133,76.06,Medellin
1411296686399731360,6.2345,-75.5927,Entire home/apt,Entire rental unit,16,117.57,Medellin
745860286940199776,6.21192,-75.56275,Entire home/apt,Entire loft,79,130.84,Medellin
1704624567175524425,6.203736907259061,-75.58376308491052,Private room,Private room in rental unit,1,18.06,Medellin
1386239597167297434,6.23985,-75.58279,Entire home/apt,Entire rental unit,42,122.6,Medellin
1457330085440060343,6.2449,-75.5833,Entire home/apt,Entire rental unit,24,115.68,Medellin
1549437849367497559,6.2074,-75.5737,Entire home/apt,Entire rental unit,25,113.08,Medellin
54148994,6.2408,-75.5846,Entire home/apt,Entire rental unit,113,79.13,Medellin
1627096057796347698,6.2133,-75.5737,Entire home/apt,Entire rental unit,12,115.49,Medellin
926239524732050599,6.287919972558298,-75.59983137523542,Entire home/apt,Entire rental unit,17,16.38,Medellin
50422020,6.24589,-75.58992,Entire home/apt,Entire condo,117,111.7,Medellin
44894659,6.1914,-75.5658,Entire home/apt,Entire rental unit,398,112.0,Medellin
935157807391781619,6.15288,-75.62488,Private room,Private room in rental unit,47,16.56,Medellin
1564115221841441159,6.175713582749255,-75.5863570912154,Entire home/apt,Entire rental unit,4,111.0,Medellin
1154606393116754910,6.28312,-75.57486,Private room,Private room in home,10,18.4,Medellin
24631840,6.2113,-75.5605,Entire home/apt,Entire serviced apartment,78,173.45,Medellin
1730776843224406860,6.2455,-75.593,Private room,Private room in guesthouse,0,42.0,Medellin
800732894082061227,6.1533,-75.533,Private room,Private room in home,2,18.93,Medellin
1676295871120022969,6.1522,-75.5998,Private room,Private room in rental unit,0,23.56,Medellin
886853967304364280,6.2104,-75.5687,Private room,Room in hotel,14,178.27,Medellin
1154544302044336616,6.2063,-75.5546,Entire home/apt,Entire rental unit,26,164.62,Medellin
1447322306504111126,6.228336107090885,-75.4915742643208,Entire home/apt,Entire cabin,1,116.2,Medellin
22627144,6.21079,-75.56008,Entire home/apt,Entire rental unit,210,160.94,Medellin
1484340293693834870,6.248798977594282,-75.59287093575807,Entire home/apt,Entire rental unit,11,113.52,Medellin
1195994015605963302,6.1969,-75.5779,Entire home/apt,Entire rental unit,44,137.0,Medellin
1579825218537582025,6.2494,-75.5996,Entire home/apt,Entire rental unit,13,145.45,Medellin
1264499725043415800,6.2406,-75.6015,Entire home/apt,Entire rental unit,43,134.12,Medellin
1445143870104110568,6.23845,-75.4747,Entire home/apt,Entire cabin,3,134.55,Medellin
1166905299815387929,6.3273,-75.5656,Entire home/apt,Entire rental unit,31,41.89,Medellin
1708945963557151543,6.2164,-75.5571,Entire home/apt,Entire rental unit,0,140.65,Medellin
50399126,6.24571,-75.57985,Entire home/apt,Entire rental unit,95,112.49,Medellin
648019254152530733,6.28288,-75.56451,Private room,Private room in casa particular,20,17.61,Medellin
1578593334868534903,6.2576,-75.5961,Private room,Private room in townhouse,38,51.81,Medellin
1486420583777749752,6.2124,-75.5634,Private room,Room in hotel,0,175.82,Medellin
1351367865200097680,6.2494,-75.606,Entire home/apt,Entire rental unit,1,137.66,Medellin
631831430684338329,6.25387,-75.58994,Entire home/apt,Entire home,107,142.13,Medellin
709488072941471553,6.2323,-75.49577,Entire home/apt,Entire serviced apartment,16,139.08,Medellin
1119062266804898065,6.2063,-75.5832,Private room,Private room in home,62,16.77,Medellin
1677060071275554146,6.24586,-75.5815,Entire home/apt,Entire rental unit,3,134.05,Medellin
1366670924686386758,6.151851416842841,-75.6008690338488,Private room,Private room in rental unit,0,23.01,Medellin
1602454627014568449,6.1905,-75.5629,Entire home/apt,Entire rental unit,12,143.46,Medellin
1516146757307781113,6.2073,-75.5736,Entire home/apt,Entire rental unit,11,137.2,Medellin
623759015905876515,6.2063,-75.5546,Entire home/apt,Entire condo,151,154.8,Medellin
1667001727619389919,6.222447303577304,-75.57144254675138,Entire home/apt,Entire rental unit,7,120.35,Medellin
1684218358461502787,6.191616228157868,-75.56157662624251,Entire home/apt,Entire rental unit,6,134.58,Medellin
1505968760135035722,6.2115,-75.5728,Entire home/apt,Entire rental unit,16,146.9,Medellin
1097240784066874381,6.2455,-75.5909,Entire home/apt,Entire rental unit,38,134.06,Medellin
29129392,6.2113,-75.5605,Entire home/apt,Entire serviced apartment,22,280.7,Medellin
1694523377822846002,6.24362,-75.55925,Entire home/apt,Entire rental unit,2,51.57,Medellin
1726113806640938031,6.1807,-75.4445,Private room,Room in hotel,0,142.5,Medellin
1350328526344690131,6.2021,-75.5582,Entire home/apt,Tiny home,4,235.85,Medellin
32614931,6.2355,-75.5978,Entire home/apt,Entire home,74,139.33,Medellin
1302950570604546367,6.21489,-75.57453,Entire home/apt,Entire rental unit,10,136.99,Medellin
900931831810941918,6.257825081581661,-75.59342688006889,Entire home/apt,Entire rental unit,40,115.4,Medellin
1714673674736567349,6.31984,-75.47345,Entire home/apt,Entire cabin,5,123.53,Medellin
610318860032158718,6.20726,-75.5538,Entire home/apt,Entire rental unit,50,140.27,Medellin
971180340400374337,6.2437,-75.5602,Private room,Private room in home,29,22.09,Medellin
762918431809842246,6.33931,-75.55014,Entire home/apt,Entire serviced apartment,29,78.03,Medellin
1475990864413998012,6.26294,-75.55987,Private room,Private room in home,24,18.41,Medellin
1458365432555264928,6.253,-75.5884,Entire home/apt,Entire rental unit,47,83.8,Medellin
1014872208656150143,6.2475,-75.595,Entire home/apt,Entire rental unit,65,120.8,Medellin
1162320207654697895,6.1992,-75.5654,Entire home/apt,Entire loft,123,85.71,Medellin
806549275295057398,6.31828,-75.56699,Entire home/apt,Entire serviced apartment,19,67.38,Medellin
1460927037483121377,6.2487,-75.5961,Entire home/apt,Entire rental unit,28,68.13,Medellin
1427448971786612227,6.2326,-75.6031,Entire home/apt,Entire rental unit,73,86.83,Medellin
606396542153924390,6.1967,-75.578,Entire home/apt,Entire rental unit,154,67.21,Medellin
1310157815739952582,6.2399,-75.5966,Entire home/apt,Entire rental unit,427,82.0,Medellin
1685606602054929330,6.2081,-75.5599,Entire home/apt,Entire rental unit,5,70.0,Medellin
560327386591136501,6.32007,-75.46588,Entire home/apt,Entire cabin,66,68.26,Medellin
1427492429811403778,6.2326,-75.6031,Entire home/apt,Entire rental unit,20,69.32,Medellin
1316808601225038997,6.2399,-75.5967,Entire home/apt,Entire loft,22,71.09,Medellin
1523457402248530360,6.3161,-75.5562,Entire home/apt,Entire rental unit,15,66.62,Medellin
1397955889571058564,6.33336,-75.53671,Entire home/apt,Entire rental unit,31,69.93,Medellin
1228463811749788028,6.2417,-75.5928,Entire home/apt,Entire rental unit,68,67.6,Medellin
48110434,6.2002,-75.5755,Entire home/apt,Entire rental unit,109,165.1,Medellin
1524745232816596150,6.2529,-75.5924,Entire home/apt,Entire rental unit,16,69.41,Medellin
768103537350154328,6.24224,-75.59159,Entire home/apt,Entire home,158,152.86,Medellin
1318152457957751572,6.240777868014328,-75.59761442833823,Entire home/apt,Entire rental unit,59,65.36,Medellin
1469650417115473120,6.2472,-75.5909,Entire home/apt,Entire rental unit,8,142.8,Medellin
1595778209392349741,6.203095457520713,-75.56031399675655,Entire home/apt,Entire rental unit,28,68.62,Medellin
878455382083950732,6.2013,-75.4727,Entire home/apt,Entire cabin,72,66.95,Medellin
1480547012095556109,6.23973,-75.59757,Entire home/apt,Entire rental unit,38,69.42,Medellin
1518282095122591329,6.3182,-75.5622,Entire home/apt,Entire rental unit,6,69.55,Medellin
742052055635118294,6.2111,-75.5651,Entire home/apt,Entire rental unit,93,145.75,Medellin
53771835,6.22548,-75.56223,Entire home/apt,Entire serviced apartment,24,249.54,Medellin
1232671527241322771,6.25847,-75.59358,Entire home/apt,Entire rental unit,65,67.89,Medellin
1426961609269537667,6.2326,-75.6031,Entire home/apt,Entire rental unit,55,68.03,Medellin
1519608542518959975,6.3179,-75.5601,Entire home/apt,Entire home,17,65.72,Medellin
1256070824721600265,6.32275678495829,-75.54753861656015,Entire home/apt,Entire rental unit,11,70.36,Medellin
20590459,6.1989,-75.5687,Entire home/apt,Entire condo,51,145.84,Medellin
1186373212741337083,6.1906,-75.5661,Entire home/apt,Entire rental unit,56,142.76,Medellin
52756024,6.19209,-75.56433,Entire home/apt,Entire rental unit,155,152.6,Medellin
1042156880746512053,6.197,-75.5785,Entire home/apt,Entire rental unit,21,142.6,Medellin
1426821668379411575,6.232134486172558,-75.60216438685447,Entire home/apt,Entire rental unit,37,67.19,Medellin
1209422858337440943,6.26034,-75.5959,Private room,Room in hotel,1,142.31,Medellin
1209415309727765458,6.25807,-75.59422,Private room,Room in hotel,0,142.31,Medellin
50633836,6.20903,-75.55459,Private room,Room in hotel,3,147.22,Medellin
1307295382057614361,6.2481,-75.5863,Private room,Private room in home,0,147.22,Medellin
1605325759032545824,6.3487,-75.5316,Entire home/apt,Entire rental unit,0,185.92,Medellin
923035040064048298,6.26072,-75.60048,Private room,Private room in home,7,150.9,Medellin
1544190924977825830,6.2487,-75.5622,Private room,Private room in rental unit,0,144.33,Medellin
1077826684850768195,6.21311,-75.59945,Entire home/apt,Entire rental unit,1,145.75,Medellin
1174771757030062443,6.2592,-75.5951,Private room,Room in hotel,1,142.31,Medellin
1344532783111304608,6.2068,-75.564,Entire home/apt,Entire rental unit,31,148.0,Medellin
821792438161074699,6.2481,-75.5718,Entire home/apt,Entire rental unit,0,147.22,Medellin
1676965470998299028,6.2487,-75.5621,Private room,Private room in rental unit,0,145.25,Medellin
1305060636351032656,6.239322630992546,-75.59753364662339,Entire home/apt,Entire rental unit,0,151.64,Medellin
766230136451176408,6.21853,-75.57042,Entire home/apt,Entire rental unit,1,143.0,Medellin
1242987481005522290,6.246922676935083,-75.61402176372445,Private room,Private room in home,60,16.39,Medellin
1513267042623639030,6.240725206949475,-75.48282500493096,Entire home/apt,Entire cabin,30,69.34,Medellin
826966717802338352,6.28682,-75.5978,Private room,Private room in serviced apartment,2,18.41,Medellin
1207309691947277427,6.2036,-75.5591,Entire home/apt,Entire rental unit,151,75.17,Medellin
1104465593103898514,6.235387839150612,-75.597411921922,Entire home/apt,Entire home,6,147.22,Medellin
1523900933246850959,6.20669447254986,-75.57314016566933,Entire home/apt,Entire rental unit,16,117.31,Medellin
1293511481139034252,6.239519780792609,-75.59691694432668,Entire home/apt,Entire loft,14,64.11,Medellin
548556525444415242,6.19778,-75.57883,Entire home/apt,Entire condo,190,113.42,Medellin
1441711991665056164,6.17817,-75.45834,Private room,Room in hotel,0,180.1,Medellin
1607947331361032180,6.1983,-75.5674,Entire home/apt,Entire rental unit,9,127.14,Medellin
1025648773300948748,6.2001,-75.5622,Entire home/apt,Entire rental unit,122,95.92,Medellin
1648196611491531529,6.2476,-75.5895,Entire home/apt,Entire rental unit,9,48.28,Medellin
651611180463408681,6.32521,-75.55739,Private room,Room in hotel,23,49.69,Medellin
1439999453309281255,6.2044,-75.5582,Entire home/apt,Entire rental unit,54,97.86,Medellin
1726399925494957522,6.2581,-75.5832,Entire home/apt,Entire rental unit,0,60.55,Medellin
1511017160681383381,6.2117,-75.5712,Private room,Room in hotel,3,142.5,Medellin
53699768,6.1978,-75.57,Entire home/apt,Entire loft,354,95.57,Medellin
1024746310602297140,6.20001,-75.56373,Entire home/apt,Entire rental unit,90,100.83,Medellin
1492236407621229606,6.1628,-75.5725,Entire home/apt,Entire serviced apartment,17,95.14,Medellin
14710776,6.21407,-75.5616,Entire home/apt,Entire rental unit,298,99.69,Medellin
559407491326680127,6.2386,-75.596,Entire home/apt,Entire loft,84,97.8,Medellin
1726832138687340764,6.2515,-75.6011,Entire home/apt,Entire rental unit,1,54.66,Medellin
824036043367311510,6.21178,-75.56148,Entire home/apt,Entire rental unit,121,104.19,Medellin
817032255533419510,6.2325,-75.59184,Entire home/apt,Entire rental unit,26,48.6,Medellin
276929,6.2106,-75.55775,Entire home/apt,Entire loft,526,96.71,Medellin
1222048801585046935,6.25204,-75.56784,Entire home/apt,Entire loft,16,48.79,Medellin
1276220145997990887,6.252180857323484,-75.58756071272465,Entire home/apt,Entire loft,93,97.62,Medellin
628999566771077619,6.2497,-75.5148,Entire home/apt,Tiny home,210,125.8,Medellin
1328941141149536908,6.25485,-75.59873,Entire home/apt,Entire rental unit,55,48.83,Medellin
1600012578619331366,6.238708789217161,-75.59587440876415,Entire home/apt,Entire rental unit,7,58.96,Medellin
963151913312038726,6.2112,-75.56567,Entire home/apt,Entire rental unit,106,110.78,Medellin
1056591615464215501,6.2089,-75.5666,Entire home/apt,Entire rental unit,56,96.65,Medellin
1266987312260169714,6.197944319169839,-75.5670182949638,Entire home/apt,Entire rental unit,45,52.4,Medellin
1536545145859663516,6.23781,-75.59142,Entire home/apt,Entire rental unit,12,48.0,Medellin
1684414935431644147,6.2392,-75.5794,Entire home/apt,Entire rental unit,4,99.62,Medellin
1694328770929045637,6.152845530954464,-75.56670849731162,Entire home/apt,Entire rental unit,1,95.08,Medellin
1680869847259701379,6.2543,-75.5964,Entire home/apt,Entire rental unit,3,50.13,Medellin
1433570482452407763,6.250345575641214,-75.5140597966312,Entire home/apt,Entire cabin,7,48.11,Medellin
1668387426327920279,6.2399,-75.5946,Entire home/apt,Entire rental unit,2,95.0,Medellin
1683378978556208958,6.1604,-75.60556,Entire home/apt,Entire rental unit,2,99.19,Medellin
1178588426036911636,6.25983,-75.59337,Entire home/apt,Entire rental unit,75,48.56,Medellin
1080405442630057888,6.25931,-75.59481,Entire home/apt,Entire rental unit,141,50.05,Medellin
1434091866055910648,6.2312,-75.6056,Entire home/apt,Entire rental unit,28,61.37,Medellin
852930955706323802,6.2447,-75.5806,Entire home/apt,Entire rental unit,84,99.51,Medellin
1524705022487860396,6.2308,-75.6038,Entire home/apt,Entire rental unit,0,48.46,Medellin
1049410378674421703,6.17669,-75.59004,Private room,Private room in guesthouse,41,58.37,Medellin
1212336651672304701,6.2492,-75.5675,Entire home/apt,Entire rental unit,31,119.75,Medellin
1602442060318133060,6.1906,-75.562,Entire home/apt,Entire rental unit,19,99.6,Medellin
1002851248034353790,6.2139,-75.5732,Entire home/apt,Entire rental unit,127,107.88,Medellin
1492824848876397022,6.20052,-75.56551,Private room,Room in hotel,2,103.35,Medellin
1710384785467798095,6.1905,-75.5627,Entire home/apt,Entire rental unit,1,97.58,Medellin
1049271029535223996,6.2386,-75.5958,Entire home/apt,Entire rental unit,35,100.2,Medellin
1624226312922365246,6.24559,-75.58341,Entire home/apt,Entire rental unit,4,48.71,Medellin
1187686900033191831,6.2067,-75.5651,Entire home/apt,Entire rental unit,73,99.38,Medellin
1202848267491952948,6.2897,-75.6651,Entire home/apt,Hut,41,101.58,Medellin
1619758182833590207,6.24265,-75.58116,Entire home/apt,Entire rental unit,22,115.6,Medellin
647886996821388736,6.26623,-75.5037,Entire home/apt,Entire cottage,27,99.94,Medellin
1067557202152490348,6.2107,-75.5648,Entire home/apt,Entire rental unit,60,101.86,Medellin
1604489854887659602,6.15278,-75.60475,Private room,Private room in rental unit,0,181.49,Medellin
1563356880663329112,6.24561,-75.58821,Entire home/apt,Entire rental unit,11,62.0,Medellin
731126810642788608,6.20167,-75.56243,Entire home/apt,Entire condo,119,101.0,Medellin
40091420,6.24503,-75.58869,Entire home/apt,Entire rental unit,87,157.34,Medellin
1553164872164250888,6.2582,-75.5925,Entire home/apt,Entire rental unit,5,53.19,Medellin
1710491098766108616,6.1742,-75.5914,Entire home/apt,Entire rental unit,5,143.0,Medellin
1253859238529818102,6.246593596912074,-75.59435742307836,Entire home/apt,Entire home,5,145.0,Medellin
731199974291921015,6.24636,-75.59595,Entire home/apt,Entire rental unit,41,210.0,Medellin
981137366407585422,6.25714,-75.59305,Entire home/apt,Entire rental unit,61,143.51,Medellin
1007147844767784000,6.2583,-75.493,Entire home/apt,Entire cabin,70,53.36,Medellin
1477041839836231034,6.24671,-75.58879,Entire home/apt,Entire rental unit,16,58.0,Medellin
855101393702465646,6.25539,-75.58443,Entire home/apt,Entire rental unit,67,57.43,Medellin
40865548,6.20864,-75.56887,Entire home/apt,Entire condo,104,146.35,Medellin
1552498578703855446,6.2488,-75.5962,Entire home/apt,Entire rental unit,17,143.27,Medellin
1199381871994133064,6.2605,-75.5556,Entire home/apt,Entire condo,73,53.92,Medellin
1670713426439022371,6.2513,-75.5874,Entire home/apt,Entire rental unit,9,53.72,Medellin
1172614707914975024,6.24351,-75.58352,Entire home/apt,Entire rental unit,72,153.28,Medellin
1658866041900853000,6.24328,-75.5922,Entire home/apt,Entire rental unit,7,146.23,Medellin
1350853870295183722,6.206022558097484,-75.57336518551136,Private room,Room in hotel,8,145.49,Medellin
1640218264698084710,6.2706,-75.5943,Entire home/apt,Entire home,5,150.61,Medellin
612191461071515694,6.242062346230623,-75.58459313505327,Entire home/apt,Entire rental unit,160,148.7,Medellin
1464648204146075018,6.23184,-75.60642,Entire home/apt,Entire rental unit,20,69.13,Medellin
923212324357995131,6.17,-75.6069,Entire home/apt,Entire loft,54,49.14,Medellin
1106807775251303928,6.19908,-75.5686,Entire home/apt,Entire serviced apartment,74,166.72,Medellin
1247854641214110970,6.2418,-75.5869,Entire home/apt,Entire loft,40,50.2,Medellin
1426130745509169713,6.231980373092599,-75.60237400032446,Entire home/apt,Entire rental unit,29,52.21,Medellin
1493713320872658490,6.2565,-75.55962,Private room,Room in hotel,12,52.18,Medellin
901415621072462611,6.2231,-75.593,Entire home/apt,Entire rental unit,133,55.4,Medellin
1009599082023373935,6.2528,-75.5905,Entire home/apt,Entire serviced apartment,49,52.4,Medellin
1636552902880074316,6.236816938944263,-75.6061599197961,Entire home/apt,Entire condo,5,143.8,Medellin
1378586844299576883,6.2441,-75.5868,Entire home/apt,Entire rental unit,16,52.69,Medellin
1476435298459176782,6.24833,-75.58851,Entire home/apt,Entire rental unit,21,64.2,Medellin
1650116112992371777,6.2382,-75.5955,Entire home/apt,Entire rental unit,3,52.32,Medellin
1234290642326460207,6.23147,-75.60411,Entire home/apt,Entire loft,103,52.22,Medellin
1347202314682703860,6.24533,-75.58342,Entire home/apt,Entire rental unit,41,52.12,Medellin
1217580078335920424,6.24,-75.5913,Entire home/apt,Entire rental unit,100,103.05,Medellin
1427430680181963766,6.233697882359295,-75.6026236515466,Entire home/apt,Entire rental unit,22,52.21,Medellin
1617539310589983174,6.23973,-75.59112,Entire home/apt,Entire rental unit,2,3553.74,Medellin
1351623972951959933,6.24,-75.5966,Entire home/apt,Entire rental unit,0,177.22,Medellin
1213752265507460380,6.25227,-75.56638,Entire home/apt,Entire loft,9,48.79,Medellin
53608329,6.2468,-75.5552,Entire home/apt,Entire serviced apartment,54,61.52,Medellin
1312555349036633356,6.2404,-75.5933,Entire home/apt,Entire condo,24,52.69,Medellin
51908122,6.20777,-75.56696,Entire home/apt,Entire rental unit,8,148.0,Medellin
1488477014226498135,6.23243,-75.59864,Entire home/apt,Entire rental unit,17,89.0,Medellin
1690195224055630548,6.1905,-75.5627,Entire home/apt,Entire rental unit,6,147.91,Medellin
673828678554811448,6.2524,-75.5919,Entire home/apt,Entire serviced apartment,60,53.0,Medellin
632558033081747220,6.34284,-75.56397,Entire home/apt,Entire rental unit,176,49.98,Medellin
1331069495348799427,6.2401,-75.5956,Entire home/apt,Entire rental unit,52,75.08,Medellin
1305270490160485446,6.2395,-75.5994,Entire home/apt,Entire rental unit,74,97.6,Medellin
1683422032814158194,6.2001,-75.5702,Entire home/apt,Entire loft,3,50.77,Medellin
1008043119192547901,6.23633,-75.59048,Private room,Private room in guesthouse,97,27.43,Medellin
1539854696649698779,6.2384,-75.6026,Entire home/apt,Entire condo,35,71.0,Medellin
683795109858844881,6.22238,-75.49372,Entire home/apt,Entire serviced apartment,135,55.21,Medellin
1632344853843473444,6.2117,-75.5584,Entire home/apt,Entire rental unit,1,148.13,Medellin
598586279193813343,6.2464,-75.5868,Private room,Private room in loft,91,52.54,Medellin
1639108069212186863,6.24079681276102,-75.6010357124188,Entire home/apt,Entire rental unit,2,52.61,Medellin
1552303806658518716,6.25705,-75.59313,Entire home/apt,Entire rental unit,7,50.37,Medellin
1651516198891345398,6.15011390913115,-75.56151068683303,Entire home/apt,Entire rental unit,11,59.2,Medellin
1694360725745458742,6.20277,-75.55819,Entire home/apt,Entire rental unit,3,60.53,Medellin
1321744807675792304,6.232881372913251,-75.60368739947688,Entire home/apt,Entire rental unit,83,72.86,Medellin
1023935647290089566,6.2683,-75.5965,Entire home/apt,Entire vacation home,66,72.62,Medellin
1632603428367180887,6.19663,-75.55714,Private room,Room in hotel,4,224.26,Medellin
1598153897295448219,6.189350671083849,-75.56387228923893,Entire home/apt,Entire rental unit,27,121.19,Medellin
1624979221644023920,6.24683,-75.59324,Entire home/apt,Entire rental unit,26,107.16,Medellin
1693360487860033368,6.2522664163617145,-75.59270684398395,Entire home/apt,Entire rental unit,2,50.51,Medellin
1062833262688435759,6.214,-75.5607,Entire home/apt,Entire rental unit,41,45.8,Medellin
1717373075106883313,6.2443,-75.5586,Entire home/apt,Entire rental unit,1,59.36,Medellin
827071464037488766,6.2136,-75.5716,Entire home/apt,Entire rental unit,191,62.6,Medellin
1166304257795776408,6.2145,-75.5729,Entire home/apt,Entire rental unit,153,251.4,Medellin
1147453586748162997,6.1992,-75.5654,Entire home/apt,Entire loft,172,63.2,Medellin
1119525431034042494,6.2522,-75.587,Entire home/apt,Entire rental unit,13,50.6,Medellin
25034051,6.23367,-75.54342,Entire home/apt,Entire rental unit,94,59.25,Medellin
1715389097183456949,6.2222,-75.6314,Entire home/apt,Entire rental unit,0,132.9,Medellin
1019109855815916860,6.1668,-75.5881,Entire home/apt,Entire loft,61,111.89,Medellin
1614682203417637586,6.2544,-75.5963,Entire home/apt,Entire rental unit,3,55.89,Medellin
1135736074982935212,6.2525,-75.5864,Entire home/apt,Entire loft,120,108.28,Medellin
1269894617857317725,6.246843980035605,-75.58524232203932,Entire home/apt,Entire loft,53,51.54,Medellin
1724702905991622060,6.2083,-75.5739,Entire home/apt,Entire rental unit,1,67.41,Medellin
557908553107033236,6.32432,-75.55783,Entire home/apt,Entire serviced apartment,53,52.85,Medellin
1130461338295055344,6.24384,-75.56165,Entire home/apt,Entire rental unit,67,68.02,Medellin
1377676758850658126,6.2281,-75.5665,Entire home/apt,Entire rental unit,41,110.95,Medellin
45723588,6.21612,-75.48903,Entire home/apt,Tiny home,221,73.61,Medellin
1585769192805563694,6.2063,-75.5546,Entire home/apt,Entire rental unit,25,233.38,Medellin
1685727558905775215,6.23683,-75.57747,Entire home/apt,Entire rental unit,3,57.03,Medellin
50178365,6.24154,-75.59555,Entire home/apt,Entire rental unit,321,109.4,Medellin
1131293330763133533,6.2524,-75.5864,Entire home/apt,Entire loft,153,72.11,Medellin
1204487301797780354,6.2143,-75.5734,Entire home/apt,Entire rental unit,70,105.88,Medellin
709481132026372593,6.21123,-75.56519,Entire home/apt,Entire vacation home,86,220.0,Medellin
1368207608755047649,6.1943881352679755,-75.54812861867228,Private room,Private room in home,0,42.7,Medellin
655262739158823187,6.25323,-75.56081,Entire home/apt,Entire rental unit,81,48.66,Medellin
961029248039766332,6.2036,-75.5593,Entire home/apt,Entire rental unit,57,52.79,Medellin
1640911813978360814,6.1897,-75.5815,Private room,Private room in rental unit,0,37.89,Medellin
1318096469022790389,6.2327,-75.6005,Private room,Private room in home,3,35.0,Medellin
1343501421022875007,6.148680700986955,-75.61700674908141,Entire home/apt,Entire rental unit,31,52.46,Medellin
791974709784559945,6.2378,-75.5477,Entire home/apt,Entire rental unit,0,34.98,Medellin
1118073148031970854,6.2435,-75.5599,Entire home/apt,Entire rental unit,55,52.85,Medellin
1668570559609257520,6.2254,-75.5811,Entire home/apt,Entire rental unit,1,34.13,Medellin
1152901912104541632,6.1992,-75.5654,Entire home/apt,Entire rental unit,119,68.7,Medellin
1016260823197331456,6.2647,-75.5894,Private room,Private room in rental unit,0,42.7,Medellin
1489491065955452911,6.17027,-75.59287,Shared room,Shared room in home,0,41.77,Medellin
1616793097239507527,6.1655,-75.5824,Entire home/apt,Entire rental unit,0,42.11,Medellin
1091369387587156027,6.16321,-75.58966,Private room,Private room in home,0,42.7,Medellin
46062178,6.2485,-75.6028,Entire home/apt,Entire rental unit,41,34.24,Medellin
1611021697524856526,6.2313,-75.6007,Entire home/apt,Entire rental unit,8,71.17,Medellin
1123103832161192911,6.20144,-75.56076,Entire home/apt,Entire rental unit,41,106.4,Medellin
1504371013911734695,6.24896,-75.5722,Private room,Room in hotel,0,35.09,Medellin
1705834530640594286,6.259901667056337,-75.56008670591362,Entire home/apt,Entire rental unit,0,42.0,Medellin
1566687976735138551,6.23218,-75.60441,Entire home/apt,Entire rental unit,14,64.63,Medellin
954562105481448922,6.24806,-75.58701,Private room,Private room in home,1,35.7,Medellin
15042378,6.24904,-75.59005,Entire home/apt,Entire rental unit,73,34.71,Medellin
1691399319925316321,6.165103148317149,-75.56281135766953,Entire home/apt,Entire home,1,270.8,Medellin
1419559980752069337,6.21255,-75.56241,Private room,Room in boutique hotel,37,53.73,Medellin
1086991268987212073,6.2054,-75.564,Private room,Room in hotel,13,68.17,Medellin
1401609116956137117,6.1808,-75.5836,Private room,Private room in rental unit,3,34.96,Medellin
54344628,6.1981,-75.58933,Entire home/apt,Entire loft,35,34.14,Medellin
985053799850159493,6.2106530370250494,-75.58833845028512,Entire home/apt,Entire rental unit,26,34.39,Medellin
1350819462498260357,6.259699694649409,-75.59318851258068,Private room,Private room in home,0,35.73,Medellin
1609572355871567874,6.1905,-75.5662,Private room,Private room in home,0,42.7,Medellin
767203828619324534,6.2139,-75.5729,Entire home/apt,Entire rental unit,178,67.35,Medellin
1660356533613417687,6.243166829163994,-75.60100633511593,Entire home/apt,Entire loft,0,34.96,Medellin
46800770,6.17776,-75.58023,Private room,Private room in rental unit,37,34.18,Medellin
1141344633932887515,6.2454,-75.5928,Entire home/apt,Entire rental unit,37,60.28,Medellin
1101500913925706797,6.23666,-75.58828,Private room,Private room in bed and breakfast,26,34.86,Medellin
1184997100036981338,6.2612,-75.59777,Entire home/apt,Entire rental unit,5,34.96,Medellin
1602249868655447594,6.2001,-75.5702,Entire home/apt,Entire rental unit,19,124.1,Medellin
625522846874429254,6.1995,-75.5645,Entire home/apt,Entire rental unit,111,74.4,Medellin
1375823274210065599,6.246583560423563,-75.55976525487961,Private room,Private room in rental unit,0,42.7,Medellin
1614111073128261381,6.19214,-75.58027,Entire home/apt,Entire rental unit,24,63.99,Medellin
1725412045290520855,6.2106,-75.5677,Private room,Room in hotel,0,76.36,Medellin
1529306277900490570,6.25664,-75.61113,Private room,Private room in rental unit,0,42.9,Medellin
1049228663068015587,6.17711,-75.58904,Private room,Private room in guesthouse,55,40.35,Medellin
23257795,6.20085,-75.56555,Entire home/apt,Entire loft,80,52.19,Medellin
1645711971352387554,6.2601,-75.6038,Private room,Private room in rental unit,0,43.27,Medellin
1725375443814181179,6.2106,-75.5677,Private room,Room in hotel,0,76.07,Medellin
1115419777709948322,6.20924,-75.56617,Entire home/apt,Entire rental unit,33,60.43,Medellin
1314698183521447976,6.24083661394554,-75.5963511326673,Entire home/apt,Entire rental unit,60,61.98,Medellin
1398684710165163506,6.2107,-75.5731,Private room,Private room in rental unit,13,34.4,Medellin
1661153977954992960,6.2535,-75.5936,Entire home/apt,Entire rental unit,9,77.94,Medellin
598551432696138706,6.2464,-75.5868,Private room,Private room in loft,140,61.0,Medellin
599437807455281353,6.238265268595249,-75.58560841402912,Entire home/apt,Entire serviced apartment,64,61.38,Medellin
1261079640417408003,6.239510563135378,-75.59739148114717,Entire home/apt,Entire rental unit,72,60.8,Medellin
1201878949314005551,6.3166,-75.55744,Entire home/apt,Entire rental unit,16,53.73,Medellin
1711222304999441209,6.2173,-75.556,Private room,Private room in condo,0,74.8,Medellin
1725371828103287997,6.2106,-75.5677,Private room,Room in hotel,0,76.36,Medellin
958138664294161340,6.2487,-75.6047,Entire home/apt,Entire loft,92,60.65,Medellin
935462110792537827,6.23264,-75.59299,Entire home/apt,Entire rental unit,21,61.26,Medellin
1248459157842053908,6.1911,-75.5811,Entire home/apt,Entire rental unit,68,63.75,Medellin
1169771982336527957,6.20928,-75.57112,Entire home/apt,Entire rental unit,5,60.29,Medellin
1610977147651501032,6.2034,-75.5594,Entire home/apt,Entire rental unit,3,62.91,Medellin
1587384968164765432,6.2471,-75.5619,Entire home/apt,Entire rental unit,29,73.9,Medellin
1531219842715758724,6.244250503837133,-75.59058504503213,Entire home/apt,Entire rental unit,3,61.5,Medellin
1512248809632657306,6.1516334750129005,-75.61792065886576,Entire home/apt,Entire rental unit,30,67.87,Medellin
1067603149732224199,6.2459,-75.5967,Entire home/apt,Entire rental unit,15,62.57,Medellin
1075668700762675317,6.2369,-75.602,Entire home/apt,Entire rental unit,68,152.24,Medellin
1609577250361363176,6.189659998841417,-75.56617849892613,Private room,Private room in home,0,42.7,Medellin
1478996089541758865,6.24983,-75.56104,Private room,Room in hotel,0,42.87,Medellin
1236655793356239062,6.2133,-75.5845,Private room,Room in hotel,0,43.06,Medellin
715337156554078095,6.16533,-75.58602,Private room,Private room in guesthouse,1,35.33,Medellin
1249414881380871521,6.2068,-75.5769,Entire home/apt,Entire condo,11,61.42,Medellin
1601750777898450925,6.1658,-75.5945,Private room,Private room in rental unit,1,34.64,Medellin
721191156794715935,6.2484,-75.5998,Entire home/apt,Entire loft,37,35.63,Medellin
841824280203812478,6.26756,-75.56321,Private room,Room in hotel,4,44.53,Medellin
1662037600365265326,6.245827102584879,-75.583947747845,Entire home/apt,Entire loft,4,44.15,Medellin
1136117435443359980,6.2449,-75.5913,Private room,Private room in home,24,35.0,Medellin
49544634,6.24355,-75.59071,Private room,Private room in home,112,35.0,Medellin
49092675,6.20298,-75.58654,Private room,Private room,199,35.29,Medellin
1477905621579848377,6.247220560953469,-75.43727645863531,Entire home/apt,Entire rental unit,45,44.96,Medellin
1575430583449955832,6.1724,-75.5872,Entire home/apt,Entire rental unit,47,61.42,Medellin
1321196287336875541,6.24703,-75.58274,Entire home/apt,Entire rental unit,47,62.56,Medellin
1277799933779707759,6.202,-75.5856,Entire home/apt,Entire rental unit,40,61.0,Medellin
1698658075768574322,6.2459,-75.5885,Entire home/apt,Entire rental unit,0,75.0,Medellin
1605167407708569042,6.20738,-75.57482,Entire home/apt,Entire rental unit,21,62.93,Medellin
47980542,6.23796,-75.59107,Entire home/apt,Entire rental unit,205,44.3,Medellin
1695146914297944948,6.240980042047415,-75.59795687759039,Entire home/apt,Entire rental unit,0,61.42,Medellin
1604832791179036898,6.251032478017958,-75.58714644155806,Entire home/apt,Entire rental unit,19,83.03,Medellin
1563401506819598669,6.250032745559681,-75.60115083466665,Private room,Private room in rental unit,3,60.27,Medellin
1049391166247963098,6.17703,-75.59062,Private room,Private room in guesthouse,70,40.96,Medellin
1640820459267302074,6.2523,-75.6009,Entire home/apt,Entire rental unit,6,50.4,Medellin
1629030101853415294,6.2427,-75.5988,Private room,Room in hotel,1,42.56,Medellin
1712841424253072161,6.2483,-75.5913,Entire home/apt,Entire rental unit,3,73.66,Medellin
30183664,6.24246,-75.60218,Entire home/apt,Entire loft,21,28.33,Medellin
1202928787444422697,6.2314,-75.6037,Entire home/apt,Entire loft,14,34.28,Medellin
1651562283893377744,6.24,-75.5967,Entire home/apt,Entire loft,3,61.43,Medellin
1267013343934451170,6.196071696779247,-75.56495362439505,Entire home/apt,Entire rental unit,54,47.4,Medellin
1690922868060630952,6.2534,-75.6086,Entire home/apt,Entire rental unit,0,41.71,Medellin
1247275124852937108,6.2315,-75.60366,Entire home/apt,Entire rental unit,44,44.41,Medellin
774043961873653428,6.24544,-75.59069,Private room,Private room in home,13,35.0,Medellin
570454043997111860,6.2412,-75.5991,Private room,Private room in home,37,34.28,Medellin
1732163304022615500,6.2446,-75.5835,Entire home/apt,Entire rental unit,0,54.04,Medellin
1507533660197869355,6.2395,-75.5883,Entire home/apt,Entire loft,35,34.2,Medellin
1705068289768834437,6.259201947405937,-75.58244796790724,Entire home/apt,Entire rental unit,2,44.84,Medellin
866599989655559499,6.2379,-75.5938,Entire home/apt,Entire loft,17,45.98,Medellin
1155327804717188942,6.26277,-75.59679,Private room,Room in hotel,60,36.24,Medellin
54038969,6.24839,-75.55666,Entire home/apt,Entire rental unit,9,34.96,Medellin
51350662,6.2413,-75.5991,Private room,Private room in home,101,35.66,Medellin
1709836557829878987,6.2362,-75.5912,Entire home/apt,Entire rental unit,0,42.31,Medellin
1604494512854422783,6.24054,-75.60139,Entire home/apt,Entire rental unit,2,44.35,Medellin
1542333440142952476,6.276992330179723,-75.65834322329533,Entire home/apt,Tiny home,25,118.89,Medellin
52030720,6.29244,-75.4733,Entire home/apt,Entire cabin,173,46.01,Medellin
1630495655068421842,6.2398,-75.5817,Private room,Private room in bed and breakfast,0,75.08,Medellin
26530816,6.24874,-75.59688,Private room,Private room in rental unit,173,35.0,Medellin
855266872811779694,6.17309,-75.58747,Entire home/apt,Entire rental unit,89,35.67,Medellin
1546612621851713658,6.1932,-75.5815,Entire home/apt,Entire rental unit,10,34.27,Medellin
28584510,6.24561,-75.59082,Private room,Private room in home,177,35.0,Medellin
45721890,6.23073,-75.59827,Entire home/apt,Entire rental unit,103,65.0,Medellin
43180088,6.24789,-75.58741,Entire home/apt,Entire serviced apartment,76,61.82,Medellin
715309519227389177,6.16569,-75.58707,Private room,Private room in guesthouse,3,35.7,Medellin
1624421952621738821,6.2543,-75.5964,Entire home/apt,Entire rental unit,2,45.51,Medellin
863045394429070791,6.2379,-75.5938,Entire home/apt,Entire rental unit,36,63.0,Medellin
53047871,6.25425,-75.58255,Entire home/apt,Entire loft,98,44.4,Medellin
24957158,6.2794,-75.5905,Entire home/apt,Entire rental unit,65,34.33,Medellin
1446375471323407263,6.17469,-75.58475,Private room,Private room in serviced apartment,19,56.38,Medellin
834878483520908552,6.21233,-75.57241,Private room,Private room in home,90,35.0,Medellin
1477079255262255372,6.24701,-75.59265,Entire home/apt,Entire rental unit,68,34.4,Medellin
880588163249876185,6.221,-75.5812,Entire home/apt,Entire rental unit,81,43.63,Medellin
1660466284269735377,6.2142,-75.572,Private room,Private room in rental unit,2,34.96,Medellin
1546564115713232187,6.1932,-75.5815,Entire home/apt,Entire rental unit,16,34.27,Medellin
1546625953077608697,6.1932,-75.5815,Entire home/apt,Entire rental unit,8,34.27,Medellin
628053733018275060,6.1996,-75.5643,Entire home/apt,Entire loft,131,61.6,Medellin
587895087098069120,6.29263,-75.56312,Entire home/apt,Entire condo,48,78.25,Medellin
1361715121034074579,6.2119,-75.5707,Entire home/apt,Entire rental unit,39,34.04,Medellin
1653741663092277620,6.2435,-75.60911,Entire home/apt,Entire rental unit,7,35.2,Medellin
1394319418476706408,6.239372622620041,-75.59412839111756,Entire home/apt,Entire rental unit,13,34.89,Medellin
1437886003056661971,6.1969,-75.5779,Entire home/apt,Entire rental unit,21,61.8,Medellin
1681415386019456562,6.24751,-75.55847,Entire home/apt,Entire rental unit,5,62.2,Medellin
1133609337791168572,6.231,-75.6059,Entire home/apt,Entire rental unit,36,34.81,Medellin
1327697221298568237,6.2399,-75.5966,Entire home/apt,Entire rental unit,22,71.88,Medellin
1106694429189194084,6.214,-75.5607,Entire home/apt,Entire rental unit,48,61.2,Medellin
1003601683447021566,6.24456,-75.56138,Private room,Private room in home,9,38.4,Medellin
27427502,6.2393,-75.5497,Private room,Private room in bed and breakfast,1,76.78,Medellin
1193036500263542599,6.2114,-75.5722,Private room,Private room in home,132,61.42,Medellin
1418801528885832997,6.21148,-75.56058,Private room,Room in boutique hotel,30,73.15,Medellin
1348926034158616041,6.249,-75.5903,Entire home/apt,Entire rental unit,21,60.64,Medellin
1427416743164086219,6.23219,-75.60401,Entire home/apt,Entire rental unit,17,60.07,Medellin
1112482546893779566,6.22417,-75.56832,Entire home/apt,Entire loft,18,70.7,Medellin
978280897026677985,6.2451,-75.59345,Entire home/apt,Entire rental unit,49,62.59,Medellin
1057333343542289542,6.23169,-75.55971,Entire home/apt,Entire rental unit,117,60.5,Medellin
1477082149512897468,6.24834,-75.58884,Entire home/apt,Entire rental unit,6,61.8,Medellin
1723077532416376661,6.1797,-75.5997,Entire home/apt,Entire rental unit,1,62.4,Medellin
1199986422295243061,6.2311,-75.5462,Entire home/apt,Entire rental unit,30,62.57,Medellin
1267463548542475308,6.2473,-75.5892,Entire home/apt,Entire loft,47,61.78,Medellin
753055187381727931,6.2459,-75.5815,Entire home/apt,Entire condo,28,61.4,Medellin
1709600711696752486,6.258612340686571,-75.58403196509092,Entire home/apt,Entire rental unit,3,61.18,Medellin
1128559300442360455,6.24724,-75.58828,Private room,Private room in rental unit,84,34.03,Medellin
735575579734224559,6.2432,-75.5823,Entire home/apt,Entire rental unit,62,34.96,Medellin
1181139724598304502,6.21404,-75.57111,Entire home/apt,Entire rental unit,124,61.16,Medellin
856567196007809034,6.24085,-75.58729,Entire home/apt,Entire rental unit,101,60.86,Medellin
1143570611519119472,6.1992,-75.5654,Entire home/apt,Entire loft,156,69.51,Medellin
52225069,6.24564,-75.58575,Entire home/apt,Entire rental unit,77,61.91,Medellin
1101578372004822898,6.2123,-75.5628,Entire home/apt,Entire rental unit,52,60.2,Medellin
573327721550338312,6.24813,-75.58759,Entire home/apt,Entire serviced apartment,81,62.57,Medellin
573366873606059154,6.24621,-75.58824,Entire home/apt,Entire serviced apartment,72,61.82,Medellin
1623402644284111518,6.2602,-75.5631,Entire home/apt,Entire guest suite,0,34.35,Medellin
15306763,6.21387,-75.57481,Private room,Private room in rental unit,61,34.5,Medellin
1321761846387854114,6.2395,-75.5994,Entire home/apt,Entire rental unit,62,81.2,Medellin
991917441164116228,6.23741,-75.59951,Entire home/apt,Entire home,86,60.0,Medellin
44076567,6.198,-75.5699,Entire home/apt,Entire loft,427,60.55,Medellin
944205260126414350,6.21349,-75.59809,Entire home/apt,Entire rental unit,101,34.93,Medellin
1546594904438012378,6.19245,-75.58031,Entire home/apt,Entire rental unit,4,34.27,Medellin
1432986804499182374,6.17471,-75.58556,Private room,Private room in serviced apartment,37,60.28,Medellin
1049500090302540971,6.17598,-75.58841,Private room,Private room in guesthouse,61,40.96,Medellin
1193538900900194449,6.1862,-75.4665,Private room,Private room in nature lodge,20,34.96,Medellin
16738434,6.24903,-75.58855,Entire home/apt,Entire rental unit,172,34.09,Medellin
883373477188295804,6.2583,-75.5829,Entire home/apt,Entire guesthouse,202,34.6,Medellin
1069661884780991854,6.33652,-75.55775,Private room,Room in hotel,1,45.68,Medellin
1683658375837089369,6.2464,-75.5921,Entire home/apt,Entire rental unit,0,42.85,Medellin
1637258233038463847,6.2437,-75.602,Entire home/apt,Entire rental unit,0,35.18,Medellin
1069657343561104140,6.33575,-75.55746,Private room,Room in hotel,3,45.68,Medellin
887571063765860900,6.248,-75.5905,Entire home/apt,Entire condo,14,42.04,Medellin
1680804945469195729,6.247148570177663,-75.59648899937761,Private room,Private room in rental unit,8,35.33,Medellin
43485936,6.2137,-75.6004,Entire home/apt,Entire serviced apartment,19,35.33,Medellin
53602744,6.20842,-75.56892,Private room,Private room in tower,41,61.91,Medellin
30929622,6.15936,-75.60492,Entire home/apt,Entire condo,122,34.19,Medellin
1410815747433562649,6.235242382892472,-75.59036839455611,Entire home/apt,Entire rental unit,12,41.39,Medellin
1725393139609664013,6.2106,-75.5677,Private room,Room in hotel,0,75.04,Medellin
1099450652997310375,6.1972,-75.5788,Entire home/apt,Entire loft,13,60.96,Medellin
1100274942156363273,6.2309,-75.6025,Entire home/apt,Entire rental unit,11,35.7,Medellin
1114677082603125064,6.2058,-75.5848,Entire home/apt,Entire rental unit,74,64.58,Medellin
51321413,6.2413,-75.5991,Private room,Private room in home,26,35.41,Medellin
1295289073169814807,6.24488861576711,-75.59163973278064,Entire home/apt,Entire rental unit,51,74.6,Medellin
42291169,6.2515,-75.59627,Entire home/apt,Entire rental unit,77,60.21,Medellin
1071842906741887461,6.22635,-75.60261,Private room,Private room in home,25,35.34,Medellin
1384043379371893368,6.2314,-75.6049,Private room,Private room in rental unit,3,35.7,Medellin
1537987798064927354,6.25307,-75.5901,Private room,Private room in guesthouse,7,35.26,Medellin
669023457005837689,6.2097,-75.5712,Entire home/apt,Entire loft,65,61.76,Medellin
1288730606937105437,6.205294033626063,-75.58768024449982,Private room,Private room in home,2,35.33,Medellin
1310853939986241544,6.1984857401370945,-75.56283282782474,Entire home/apt,Entire rental unit,21,63.31,Medellin
18272610,6.24974,-75.58894,Entire home/apt,Entire rental unit,106,34.09,Medellin
1368821035953561158,6.1434,-75.6138,Entire home/apt,Entire rental unit,45,61.6,Medellin
14800861,6.248,-75.5902,Entire home/apt,Entire rental unit,74,62.93,Medellin
1121364578784921852,6.25283,-75.61103,Private room,Private room in home,12,34.86,Medellin
1095825474055978171,6.1991,-75.5584,Private room,Room in hotel,74,60.77,Medellin
1671863946429154534,6.243482850478498,-75.60154615992,Entire home/apt,Entire rental unit,1,34.96,Medellin
50691758,6.2458,-75.6025,Private room,Room in boutique hotel,11,34.61,Medellin
1022646455979089123,6.2505,-75.5888,Private room,Room in hotel,58,38.28,Medellin
53007847,6.25985,-75.5632,Entire home/apt,Entire rental unit,12,34.54,Medellin
1629940704271025540,6.2646,-75.597,Private room,Private room in guesthouse,2,38.18,Medellin
1095842808486715558,6.1991,-75.5584,Private room,Room in hotel,63,61.71,Medellin
1537925791851004988,6.1838,-75.5772,Entire home/apt,Entire rental unit,12,60.2,Medellin
1322807130552101011,6.2429,-75.5861,Entire home/apt,Entire rental unit,13,61.6,Medellin
1095774739566560300,6.1991,-75.5584,Private room,Room in hotel,19,60.84,Medellin
1443413556742150578,6.1748,-75.6065,Entire home/apt,Entire serviced apartment,20,42.38,Medellin
943028988736265737,6.20251,-75.55843,Entire home/apt,Entire rental unit,28,60.81,Medellin
1554565418366799234,6.20643,-75.56549,Private room,Room in hotel,33,78.4,Medellin
1683529159659358454,6.2034,-75.5594,Entire home/apt,Entire rental unit,3,62.13,Medellin
1647337313986125564,6.2126,-75.5742,Entire home/apt,Entire rental unit,0,74.4,Medellin
46434289,6.2456,-75.5903,Entire home/apt,Entire rental unit,25,49.58,Medellin
21698678,6.2469,-75.5938,Entire home/apt,Entire serviced apartment,138,61.0,Medellin
1395623790153872268,6.248679544096661,-75.5906428571643,Private room,Room in hotel,0,76.99,Medellin
1094422076532140233,6.2035,-75.5591,Entire home/apt,Entire serviced apartment,18,60.81,Medellin
1725388685284581900,6.2106,-75.5677,Private room,Room in hotel,0,75.48,Medellin
1537351566812979773,6.1817,-75.6063,Entire home/apt,Entire home,18,60.5,Medellin
1261038431060565414,6.2384,-75.5969,Entire home/apt,Entire condo,67,62.0,Medellin
1689392491793345941,6.2014,-75.4966,Entire home/apt,Entire cabin,0,75.24,Medellin
1191560958524659966,6.24371,-75.59609,Private room,Room in hotel,53,93.51,Medellin
29100313,6.1865,-75.57855,Entire home/apt,Entire loft,95,60.0,Medellin
785355642998133540,6.20787,-75.56537,Private room,Private room in rental unit,16,60.19,Medellin
1381168990480538743,6.2405,-75.6029,Entire home/apt,Entire rental unit,24,76.41,Medellin
1187610991139328201,6.2496,-75.5987,Entire home/apt,Entire rental unit,47,62.57,Medellin
1725380289244432329,6.2106,-75.5677,Private room,Room in hotel,0,76.07,Medellin
1257359266722141244,6.2401,-75.5936,Entire home/apt,Entire rental unit,41,61.12,Medellin
1605233425603324797,6.19725125457863,-75.59619792008188,Private room,Private room in bed and breakfast,0,33.36,Medellin
1663447970173099543,6.231089197943891,-75.58960755970986,Entire home/apt,Entire rental unit,0,75.59,Medellin
644855569349214155,6.18269,-75.57589,Entire home/apt,Entire vacation home,31,62.57,Medellin
770477206325263728,6.26022,-75.5975,Entire home/apt,Entire loft,30,71.36,Medellin
1297462100493822532,6.2336,-75.5983,Private room,Private room in guesthouse,5,33.5,Medellin
53076927,6.1797,-75.55197,Entire home/apt,Entire serviced apartment,21,62.57,Medellin
53462790,6.24914,-75.60906,Entire home/apt,Entire rental unit,28,34.0,Medellin
1503869439361981925,6.24916,-75.57073,Private room,Room in hotel,0,32.9,Medellin
932569713608139750,6.2451,-75.5884,Entire home/apt,Entire rental unit,7,32.58,Medellin
1274673813230040275,6.2475,-75.58996,Entire home/apt,Entire rental unit,73,62.35,Medellin
1233307514993706853,6.143,-75.6141,Entire home/apt,Entire rental unit,42,63.31,Medellin
727634883079017424,6.2338,-75.5928,Entire home/apt,Entire rental unit,93,61.83,Medellin
979258226494379880,6.24783,-75.59101,Private room,Private room in home,2,32.76,Medellin
1440179290424515532,6.1741,-75.5828,Private room,Private room in home,0,33.57,Medellin
1629078637445093066,6.2313,-75.6034,Entire home/apt,Entire rental unit,4,32.41,Medellin
880397216936788220,6.2318,-75.6034,Entire home/apt,Entire loft,16,33.13,Medellin
1585146528277917971,6.1609,-75.5821,Entire home/apt,Entire rental unit,3,33.12,Medellin
45503728,6.23756,-75.59768,Entire home/apt,Entire rental unit,30,37.77,Medellin
48747619,6.22108,-75.56882,Private room,Private room in rental unit,7,32.4,Medellin
622602673663453669,6.2513,-75.593,Entire home/apt,Entire vacation home,9,33.12,Medellin
1622673573094942558,6.2427,-75.6022,Entire home/apt,Entire rental unit,3,37.75,Medellin
1627243837552818306,6.1713,-75.5922,Private room,Private room in home,4,32.61,Medellin
1505981450920519378,6.24962,-75.58782,Private room,Room in hotel,0,40.29,Medellin
1411527451923095544,6.25127,-75.59489,Entire home/apt,Entire rental unit,0,32.11,Medellin
1681257697095407031,6.172564078960858,-75.5948532957422,Entire home/apt,Entire rental unit,4,32.35,Medellin
1310409216391457651,6.2404,-75.5933,Entire home/apt,Entire condo,35,60.41,Medellin
893358307064656439,6.18162,-75.60005,Private room,Private room in home,2,33.64,Medellin
944194284630575826,6.2451,-75.5884,Entire home/apt,Entire rental unit,59,60.42,Medellin
1625368302941083794,6.2441,-75.5867,Private room,Room in hotel,0,33.01,Medellin
50099178,6.3831,-75.5951,Private room,Private room in farm stay,1,33.5,Medellin
1100684995371477917,6.1769,-75.5864,Entire home/apt,Entire rental unit,80,67.68,Medellin
1055792479758558599,6.2399,-75.5975,Entire home/apt,Entire loft,17,62.57,Medellin
1206646619762687915,6.20765,-75.56946,Entire home/apt,Entire rental unit,3,61.92,Medellin
771761898424217229,6.209,-75.5028,Private room,Room in hotel,14,33.16,Medellin
1097193957993776106,6.24437,-75.56113,Entire home/apt,Entire rental unit,41,32.31,Medellin
1652976399702645365,6.2513,-75.5683,Private room,Room in hotel,0,40.77,Medellin
1675669309888221016,6.2465,-75.5955,Entire home/apt,Entire rental unit,0,62.93,Medellin
1424131745440041862,6.24628,-75.60806,Private room,Private room in rental unit,0,33.12,Medellin
1121920750896111653,6.1526,-75.622,Entire home/apt,Entire rental unit,41,63.3,Medellin
1157239391574586601,6.241,-75.5929,Entire home/apt,Entire rental unit,14,33.49,Medellin
1289167045254026736,6.14489,-75.62177,Entire home/apt,Entire rental unit,20,61.43,Medellin
711802972089991790,6.1647,-75.5977,Entire home/apt,Entire rental unit,38,61.96,Medellin
700889118559515388,6.2547,-75.5807,Private room,Private room in rental unit,7,32.75,Medellin
806481634100744195,6.25838,-75.59391,Private room,Private room in home,35,32.57,Medellin
806483175322916523,6.25867,-75.5928,Private room,Private room in home,19,32.2,Medellin
1293655422228892882,6.1756497028221835,-75.57192962042359,Entire home/apt,Entire rental unit,1,67.89,Medellin
14472518,6.17563,-75.58147,Entire home/apt,Entire serviced apartment,42,48.59,Medellin
1421273318752173451,6.1664,-75.6157,Entire home/apt,Entire rental unit,20,61.45,Medellin
842036727288844124,6.2472,-75.5878,Private room,Room in hotel,18,68.77,Medellin
1194128665755905912,6.2524,-75.5907,Entire home/apt,Entire rental unit,34,62.35,Medellin
661552579504890288,6.24797,-75.55401,Entire home/apt,Entire serviced apartment,18,32.78,Medellin
1437267727683597897,6.2299,-75.6036,Entire home/apt,Entire serviced apartment,3,32.87,Medellin
1316971884222532978,6.1748,-75.5869,Entire home/apt,Entire rental unit,24,32.08,Medellin
1279266512458397925,6.234139222833512,-75.5977173750989,Private room,Private room in guesthouse,6,33.5,Medellin
1690301741539482558,6.2523,-75.6086,Entire home/apt,Entire rental unit,0,42.85,Medellin
38109997,6.246,-75.55781,Entire home/apt,Entire rental unit,32,33.0,Medellin
1540915389415656448,6.2063,-75.5533,Entire home/apt,Entire rental unit,10,33.12,Medellin
1702425540942465560,6.1554,-75.6054,Entire home/apt,Entire home,3,61.0,Medellin
1055220718983752946,6.26444,-75.59769,Private room,Private room in rental unit,0,33.12,Medellin
52547826,6.2557,-75.5982,Private room,Room in hotel,69,33.6,Medellin
40226557,6.17133,-75.58332,Entire home/apt,Entire rental unit,45,33.57,Medellin
1638706864902556383,6.260901966774527,-75.5974328491397,Entire home/apt,Entire home,3,63.07,Medellin
965521145613884243,6.23439,-75.59448,Private room,Private room in home,19,32.67,Medellin
42927255,6.24604,-75.55983,Entire home/apt,Entire rental unit,13,33.0,Medellin
795682791294580401,6.26348,-75.60618,Entire home/apt,Entire rental unit,3,33.12,Medellin
1359786429537387383,6.2314,-75.6049,Private room,Private room in rental unit,0,33.1,Medellin
1689449165286327920,6.242326656295831,-75.56290888800119,Entire home/apt,Entire rental unit,1,32.49,Medellin
1650065496704249972,6.263812457343563,-75.59813860048668,Private room,Private room in rental unit,4,32.63,Medellin
1336880822245227052,6.246508716854413,-75.55763316798331,Entire home/apt,Entire rental unit,19,32.86,Medellin
1044136564296963442,6.2464,-75.5915,Entire home/apt,Entire rental unit,1,86.28,Medellin
24314834,6.18197,-75.5645,Entire home/apt,Entire rental unit,16,32.35,Medellin
38107037,6.24586,-75.55914,Entire home/apt,Entire rental unit,11,33.0,Medellin
1184983650681819706,6.26254,-75.59771,Entire home/apt,Entire rental unit,11,32.76,Medellin
978740217519710705,6.248,-75.5966,Entire home/apt,Entire rental unit,20,34.5,Medellin
1652955159467931308,6.25038,-75.56888,Private room,Room in hotel,0,32.31,Medellin
1569883284182240757,6.2071,-75.5881,Entire home/apt,Entire rental unit,3,32.77,Medellin
1453200265893420432,6.2387,-75.601,Private room,Private room in townhouse,1,33.12,Medellin
30651214,6.2561,-75.5845,Private room,Private room in condo,6,32.86,Medellin
1087057171997538839,6.19511,-75.57544,Entire home/apt,Entire rental unit,11,32.26,Medellin
37106098,6.2297,-75.6079,Entire home/apt,Entire rental unit,55,33.27,Medellin
1312633688106685192,6.2336,-75.5983,Private room,Private room in guesthouse,1,33.5,Medellin
654959332682659127,6.21212,-75.57062,Private room,Private room in rental unit,53,32.6,Medellin
1391661380571474676,6.2314,-75.605,Private room,Private room in rental unit,4,33.12,Medellin
825340690495936305,6.262,-75.5964,Private room,Room in hotel,0,33.36,Medellin
54342365,6.19933,-75.58872,Entire home/apt,Entire loft,58,32.68,Medellin
34396953,6.24428,-75.59372,Private room,Room in hotel,0,33.12,Medellin
975256610108910682,6.17021,-75.58867,Entire home/apt,Entire rental unit,48,63.44,Medellin
46530142,6.23795,-75.59095,Private room,Private room in rental unit,49,37.84,Medellin
1173867404687891270,6.2086,-75.576,Entire home/apt,Entire rental unit,25,60.6,Medellin
1693048205426082791,6.1696,-75.59,Entire home/apt,Entire serviced apartment,0,68.88,Medellin
1364447802586645400,6.152444048098089,-75.61561363094545,Entire home/apt,Entire rental unit,33,60.8,Medellin
1331354899130262756,6.253040038389512,-75.59999766678033,Entire home/apt,Entire rental unit,85,49.75,Medellin
54345159,6.19804,-75.5907,Entire home/apt,Entire loft,38,32.68,Medellin
795610961974254295,6.2691,-75.5573,Entire home/apt,Entire home,123,63.31,Medellin
1671113202038739695,6.259469380387943,-75.59425780494297,Entire home/apt,Entire rental unit,6,63.3,Medellin
1567624838973485147,6.22868,-75.60738,Entire home/apt,Entire rental unit,5,32.81,Medellin
796457445762438460,6.17457,-75.58714,Entire home/apt,Entire home,68,61.0,Medellin
1471459497774129378,6.25215,-75.5919,Entire home/apt,Entire rental unit,27,32.25,Medellin
1460575924729921940,6.22145,-75.58093,Private room,Private room in rental unit,5,68.63,Medellin
1163902949932719274,6.236,-75.5933,Private room,Room in hotel,1,64.49,Medellin
1503462528710089364,6.2119,-75.5707,Entire home/apt,Entire rental unit,29,60.0,Medellin
1661171437667810132,6.2535,-75.5936,Private room,Private room in rental unit,0,39.97,Medellin
1671323681348418177,6.210797997994448,-75.57190083775832,Private room,Room in hotel,0,61.42,Medellin
39631472,6.21239,-75.57216,Private room,Private room in home,10,60.34,Medellin
1042797159501041197,6.2521,-75.5872,Private room,Room in hotel,1,81.98,Medellin
1305701568264014937,6.2399,-75.5966,Entire home/apt,Entire rental unit,18,61.0,Medellin
54382595,6.19525,-75.57729,Entire home/apt,Entire loft,23,61.0,Medellin
1470467683603668407,6.15069,-75.62002,Entire home/apt,Entire rental unit,12,60.25,Medellin
839083021861378958,6.2466,-75.5865,Entire home/apt,Entire vacation home,90,62.57,Medellin
1478141092575116355,6.143,-75.6141,Entire home/apt,Entire rental unit,10,63.26,Medellin
767397750435538084,6.2142,-75.5719,Entire home/apt,Entire rental unit,173,60.95,Medellin
1638597255125277867,6.259639364647805,-75.59561443166058,Entire home/apt,Entire home,4,63.07,Medellin
51019383,6.15334,-75.61173,Entire home/apt,Entire rental unit,81,60.8,Medellin
1642070487604056474,6.2566,-75.5845,Entire home/apt,Entire serviced apartment,0,61.42,Medellin
52898770,6.20896,-75.56385,Entire home/apt,Entire serviced apartment,12,60.81,Medellin
1093807696842342659,6.2577,-75.6007,Private room,Private room in home,41,34.32,Medellin
918569982393188653,6.25059,-75.59608,Entire home/apt,Entire rental unit,23,62.64,Medellin
1521300304992398900,6.3325,-75.56,Entire home/apt,Entire rental unit,27,32.89,Medellin
854541836632530664,6.2306,-75.6058,Entire home/apt,Entire rental unit,58,32.53,Medellin
1704578807834544533,6.2609,-75.5556,Private room,Room in hotel,0,60.72,Medellin
1019551131826595155,6.1742,-75.5707,Entire home/apt,Entire loft,28,64.71,Medellin
52584821,6.23236,-75.59312,Entire home/apt,Entire rental unit,74,60.4,Medellin
1005780311937271979,6.244871678433664,-75.58528338156096,Entire home/apt,Entire rental unit,43,61.18,Medellin
1574713807345455985,6.20796,-75.56519,Private room,Room in hotel,15,78.4,Medellin
1121366699569571998,6.16828,-75.61216,Entire home/apt,Entire rental unit,15,61.05,Medellin
1666772169933301352,6.229071255328229,-75.6037900050312,Private room,Private room in home,1,32.75,Medellin
1025667601575312593,6.2596,-75.6125,Entire home/apt,Entire home,129,61.73,Medellin
787603077320747329,6.2053,-75.583,Private room,Room in hotel,2,61.73,Medellin
45928173,6.2435,-75.56168,Entire home/apt,Entire serviced apartment,122,37.46,Medellin
38109245,6.24633,-75.55969,Entire home/apt,Entire rental unit,48,33.0,Medellin
684283600029337360,6.2527,-75.587,Private room,Private room in bed and breakfast,14,32.51,Medellin
1659489784427482207,6.2064,-75.5748,Private room,Private room in rental unit,9,32.78,Medellin
832066821710913694,6.2595,-75.5974,Entire home/apt,Entire rental unit,79,36.21,Medellin
1725808602860706567,6.2213,-75.608,Entire home/apt,Entire rental unit,0,33.24,Medellin
49089518,6.20182,-75.58559,Private room,Private room,266,33.09,Medellin
1575620070457172265,6.2507,-75.596,Private room,Private room in home,3,32.42,Medellin
1203834515055651660,6.245,-75.5941,Private room,Private room in rental unit,58,32.86,Medellin
802052951044622664,6.24355,-75.58099,Entire home/apt,Entire rental unit,74,32.74,Medellin
828363171171530221,6.23928,-75.59075,Private room,Room in hotel,0,33.12,Medellin
46408557,6.26612,-75.56624,Private room,Private room in bed and breakfast,20,34.74,Medellin
1436439689374576779,6.2581,-75.5969,Private room,Private room in rental unit,33,35.83,Medellin
1501067936269946332,6.23785,-75.58424,Entire home/apt,Entire rental unit,11,32.37,Medellin
1098732737453925612,6.2495,-75.598,Private room,Private room in rental unit,7,27.46,Medellin
1020252818917987971,6.2401,-75.5936,Entire home/apt,Entire rental unit,52,60.88,Medellin
1639532419203558453,6.16142,-75.59565,Private room,Private room in guesthouse,1,32.83,Medellin
1671948528717777375,6.232143311232191,-75.60506797133361,Private room,Private room in rental unit,2,32.13,Medellin
729492969613870684,6.2402,-75.5817,Private room,Private room in home,23,33.5,Medellin
1563099756319243728,6.2458,-75.5916,Private room,Private room in rental unit,5,32.2,Medellin
37973147,6.24475,-75.60721,Entire home/apt,Entire rental unit,39,62.57,Medellin
48844181,6.18038,-75.55328,Entire home/apt,Entire loft,13,62.57,Medellin
18892365,6.2589,-75.5639,Private room,Private room in hostel,6,32.25,Medellin
1443901718570715754,6.17498,-75.58619,Private room,Private room in rental unit,27,49.88,Medellin
1397505135083364193,6.2448,-75.6059,Private room,Private room in rental unit,46,47.91,Medellin
1649269746453425847,6.206931080537957,-75.56142860073494,Private room,Private room in rental unit,0,76.25,Medellin
1169545227483355642,6.24146,-75.60039,Entire home/apt,Entire home,0,33.12,Medellin
48904782,6.15928,-75.60521,Entire home/apt,Entire loft,219,63.4,Medellin
1639495226531819427,6.1608,-75.59531,Private room,Private room in guesthouse,1,32.83,Medellin
53120443,6.2538,-75.61643,Entire home/apt,Entire rental unit,27,25.45,Medellin
1118899592223982908,6.2081,-75.5599,Entire home/apt,Entire rental unit,21,60.6,Medellin
832066808120820446,6.2595,-75.5974,Entire home/apt,Entire rental unit,129,38.49,Medellin
914736772426400775,6.2564,-75.5992,Entire home/apt,Entire rental unit,45,37.0,Medellin
541138758723058956,6.21269,-75.57445,Private room,Private room in rental unit,68,32.94,Medellin
1695187099964627363,6.204660671127012,-75.5136875076442,Entire home/apt,Hut,2,44.4,Medellin
878482987070771961,6.24061,-75.58213,Private room,Private room in home,13,33.12,Medellin
50692349,6.2458,-75.6025,Private room,Room in boutique hotel,81,36.02,Medellin
1264014683313363050,6.232615552930005,-75.59346165651807,Entire home/apt,Entire rental unit,121,37.02,Medellin
1681224750100154098,6.2375,-75.5595,Entire home/apt,Entire rental unit,6,41.65,Medellin
1074626685494192097,6.23049,-75.60361,Private room,Private room in guesthouse,0,33.12,Medellin
1599615823626005887,6.25781,-75.59315,Private room,Room in hotel,3,34.81,Medellin
1716264870439740113,6.2774,-75.5952,Entire home/apt,Entire rental unit,0,47.25,Medellin
806482804437082953,6.25816,-75.59228,Private room,Private room in home,29,32.6,Medellin
1414741120866861219,6.245772013181149,-75.60502066013076,Private room,Private room in rental unit,51,49.75,Medellin
1577152319128539715,6.24943,-75.59139,Entire home/apt,Entire rental unit,22,36.2,Medellin
933228964536768839,6.255,-75.5554,Entire home/apt,Entire rental unit,72,38.62,Medellin
1344029758576598059,6.330859359640065,-75.55668427428162,Entire home/apt,Entire serviced apartment,61,36.85,Medellin
1033428538429851231,6.25258,-75.55954,Entire home/apt,Entire rental unit,19,33.13,Medellin
1387777577838232605,6.2392,-75.5889,Entire home/apt,Entire loft,62,36.4,Medellin
1507545090401480403,6.2395,-75.5883,Entire home/apt,Entire loft,51,38.4,Medellin
1095230734874890547,6.2569,-75.6021,Private room,Private room in home,22,34.32,Medellin
53608899,6.2468,-75.5552,Entire home/apt,Entire loft,82,39.17,Medellin
957901758754652878,6.24482,-75.59818,Private room,Private room in home,76,36.55,Medellin
6867074,6.29873,-75.57874,Entire home/apt,Entire home,14,36.4,Medellin
51394259,6.1693,-75.59287,Entire home/apt,Entire serviced apartment,217,38.94,Medellin
1477112103457029009,6.24733,-75.59423,Entire home/apt,Entire rental unit,40,36.2,Medellin
1689198239472967387,6.173404677024093,-75.56003620871579,Private room,Room in hotel,4,38.94,Medellin
53376250,6.3386,-75.55208,Entire home/apt,Entire serviced apartment,37,38.17,Medellin
808203014653094053,6.2573,-75.5621,Private room,Room in hotel,0,33.48,Medellin
776773296919423395,6.24176,-75.57814,Entire home/apt,Entire rental unit,4,33.06,Medellin
1728345233341045804,6.3464,-75.5066,Entire home/apt,Entire rental unit,0,38.52,Medellin
1405306248822755419,6.2391,-75.5885,Entire home/apt,Entire loft,188,38.6,Medellin
1075668762861881759,6.23797,-75.59926,Private room,Private room in home,69,38.44,Medellin
33433083,6.2471,-75.5906,Entire home/apt,Entire rental unit,171,39.01,Medellin
957905512008836845,6.24523,-75.59975,Private room,Private room in home,37,38.39,Medellin
1574625527600925756,6.2471,-75.5915,Private room,Private room in rental unit,21,37.0,Medellin
4244399,6.2505,-75.5871,Entire home/apt,Entire rental unit,200,36.4,Medellin
1131059238030187095,6.2432,-75.5558,Entire home/apt,Entire rental unit,38,60.42,Medellin
1384036584459949644,6.259810144931682,-75.5639103792592,Private room,Private room in home,2,21.79,Medellin
900878981923020478,6.2474,-75.591,Private room,Room in hotel,161,21.91,Medellin
1313216398962989907,6.2559,-75.5968,Private room,Private room in casa particular,3,21.5,Medellin
782740530835437163,6.24665,-75.58608,Entire home/apt,Entire rental unit,55,44.78,Medellin
903569308246919885,6.17181,-75.58346,Entire home/apt,Entire rental unit,2,33.12,Medellin
957268224167418247,6.2445,-75.5988,Private room,Private room in home,74,38.39,Medellin
1186292315816424358,6.2457,-75.588,Private room,Private room in serviced apartment,39,22.42,Medellin
1511682331127651150,6.2395,-75.5884,Entire home/apt,Entire loft,14,38.4,Medellin
1361679740507746443,6.248095506262418,-75.56507188878976,Private room,Room in hotel,2,21.01,Medellin
9415705,6.2145220062540325,-75.57270850163826,Private room,Private room in rental unit,59,32.42,Medellin
1677504514488337587,6.247,-75.6063,Private room,Private room in rental unit,2,20.91,Medellin
1713234178141146702,6.194,-75.5919,Entire home/apt,Entire serviced apartment,2,22.11,Medellin
1603912057514197468,6.220281741976944,-75.58190173548809,Private room,Private room in rental unit,3,68.63,Medellin
1037074197223363131,6.2468,-75.5846,Private room,Private room in home,18,37.3,Medellin
1478396177690241295,6.2339,-75.5983,Private room,Private room in guesthouse,1,33.12,Medellin
739328443608830946,6.23933,-75.58344,Private room,Private room in home,13,22.09,Medellin
1004366449751719455,6.33611,-75.55611,Private room,Room in hotel,9,45.68,Medellin
1020654308936226873,6.224332115882195,-75.59658199988637,Private room,Private room in guesthouse,9,22.09,Medellin
958999805296902218,6.2478,-75.58891,Private room,Private room in home,7,22.6,Medellin
1361680960518250622,6.246602416557041,-75.5645358268297,Private room,Room in hotel,0,21.01,Medellin
1201469790738216759,6.2523,-75.5921,Private room,Private room in rental unit,23,20.37,Medellin
1361678502435452930,6.246493369240509,-75.56315337098935,Private room,Room in hotel,3,21.01,Medellin
1705850835904877563,6.259857423830955,-75.56023688810404,Private room,Private room in rental unit,0,42.0,Medellin
817979394454695491,6.24064,-75.5811,Private room,Room in hotel,7,143.54,Medellin
1138678300417750979,6.2644,-75.569,Private room,Private room in home,2,21.34,Medellin
963888266031760967,6.16704,-75.57891,Private room,Private room in rental unit,43,22.09,Medellin
1721786937040206346,6.172105503885368,-75.42911287028895,Private room,Room in hotel,10,81.08,Medellin
1477229187860876473,6.2339,-75.5983,Private room,Private room in home,0,22.22,Medellin
1241422438091558916,6.22868,-75.60112,Private room,Private room in rental unit,16,21.71,Medellin
635275766680088995,6.23799,-75.58615,Private room,Private room in home,37,21.49,Medellin
17666041,6.24906,-75.58949,Private room,Private room in condo,12,21.71,Medellin
1308706803342207642,6.2558,-75.5968,Private room,Private room in guesthouse,0,21.5,Medellin
1571203261687517215,6.2177,-75.5655,Private room,Private room in condo,1,24.33,Medellin
796228288015211149,6.28053,-75.57887,Private room,Private room in rental unit,4,20.61,Medellin
1506892492959837154,6.31444735186491,-75.56500315426841,Private room,Private room in rental unit,1,20.61,Medellin
1405347357406001613,6.244249477208807,-75.60446438349975,Private room,Private room in home,9,22.16,Medellin
31050410,6.2573,-75.6028,Entire home/apt,Entire guesthouse,51,32.03,Medellin
1605464676406021326,6.258,-75.5777,Private room,Private room in rental unit,0,26.75,Medellin
53135876,6.22251,-75.56765,Private room,Private room in condo,16,20.16,Medellin
877568599134812492,6.23967,-75.58448,Private room,Private room in home,25,22.09,Medellin
1695812357872092520,6.2206,-75.6063,Entire home/apt,Entire rental unit,2,39.0,Medellin
1661054272030131194,6.2446,-75.6187,Private room,Private room in rental unit,0,27.6,Medellin
1361052272728367776,6.2529,-75.6256,Entire home/apt,Entire home,11,34.42,Medellin
897389685728291803,6.2233,-75.5974,Private room,Private room in guesthouse,24,22.16,Medellin
1460422910981909721,6.25385,-75.56453,Private room,Room in hotel,0,25.8,Medellin
1095833994030226248,6.1991,-75.5584,Private room,Room in hotel,40,61.71,Medellin
1516013157804303991,6.190006035915413,-75.58045717563994,Entire home/apt,Entire rental unit,1,60.15,Medellin
679770035145700895,6.24641,-75.55945,Entire home/apt,Entire rental unit,8,33.0,Medellin
1163768013417889432,6.2432,-75.5558,Entire home/apt,Entire rental unit,34,48.06,Medellin
1216982803326414439,6.23975,-75.58817,Entire home/apt,Entire rental unit,18,48.2,Medellin
1232827343405033702,6.1753,-75.58604,Private room,Private room in home,1,33.12,Medellin
1471016080183083745,6.23808,-75.60467,Entire home/apt,Entire rental unit,2,32.86,Medellin
669742411602234723,6.2319,-75.6051,Private room,Private room in condo,15,21.86,Medellin
1573978658235855544,6.2471,-75.5915,Entire home/apt,Entire rental unit,30,39.0,Medellin
20787383,6.17958,-75.58511,Private room,Private room in rental unit,9,22.25,Medellin
938983720197696778,6.23994,-75.60553,Entire home/apt,Entire loft,101,66.03,Medellin
1477104947892998220,6.24866,-75.59399,Entire home/apt,Entire rental unit,71,38.0,Medellin
681203113868078070,6.2144,-75.56204,Private room,Private room in rental unit,157,51.4,Medellin
1229773592041529121,6.2464,-75.5937,Private room,Room in hotel,2,62.57,Medellin
979100705029072294,6.2515,-75.591,Private room,Private room in rental unit,0,26.56,Medellin
46009101,6.24444,-75.56196,Entire home/apt,Entire rental unit,151,42.91,Medellin
1477048291726109653,6.24766,-75.59221,Entire home/apt,Entire rental unit,39,36.0,Medellin
54378471,6.2448,-75.592,Entire home/apt,Entire loft,56,60.82,Medellin
1217381737801113171,6.15926,-75.5953,Private room,Private room in guesthouse,7,24.57,Medellin
54329400,6.22953,-75.59982,Private room,Private room in home,86,23.87,Medellin
43541150,6.2137,-75.5717,Entire home/apt,Entire loft,441,51.4,Medellin
598673490056095251,6.2464,-75.5868,Private room,Private room in loft,119,36.22,Medellin
911890228052721819,6.23936,-75.58469,Private room,Private room in home,19,22.09,Medellin
1682857965602858643,6.2081,-75.5599,Entire home/apt,Entire rental unit,7,48.4,Medellin
997405837125983053,6.2322,-75.6091,Entire home/apt,Entire loft,90,25.49,Medellin
825499259370930197,6.23222,-75.59627,Entire home/apt,Entire rental unit,57,29.44,Medellin
1132711929361699871,6.2432,-75.5558,Entire home/apt,Entire rental unit,10,52.5,Medellin
1388615754527119503,6.235004919989835,-75.60783729018259,Private room,Private room in rental unit,52,20.7,Medellin
33161333,6.24197,-75.55561,Private room,Private room in home,0,21.24,Medellin
1693149576427543067,6.248,-75.5902,Entire home/apt,Entire rental unit,3,137.95,Medellin
1629919343527184838,6.2646,-75.597,Private room,Private room in guesthouse,3,42.66,Medellin
1645994794986337362,6.2454,-75.5872,Private room,Private room in home,0,26.31,Medellin
871992065813711228,6.2491,-75.5622,Private room,Private room in home,0,26.69,Medellin
1036362708024489907,6.2299,-75.5689,Entire home/apt,Entire rental unit,43,48.6,Medellin
1718919271846896209,6.205,-75.5813,Private room,Private room in guesthouse,0,20.27,Medellin
1638512652135756510,6.2501,-75.61,Private room,Private room in guesthouse,0,27.76,Medellin
908512368962835086,6.24567,-75.58439,Private room,Private room in rental unit,18,23.19,Medellin
17120590,6.23042,-75.60603,Private room,Private room in home,112,23.42,Medellin
1432915009839960726,6.2479,-75.59256,Private room,Private room in home,0,22.09,Medellin
46800640,6.17835,-75.57858,Private room,Private room in rental unit,41,22.12,Medellin
744317579587109617,6.24718,-75.55685,Private room,Private room in home,1,20.61,Medellin
1408898517283370317,6.3426,-75.5416,Entire home/apt,Entire rental unit,0,26.34,Medellin
845534668182363889,6.23846,-75.58726,Private room,Private room in loft,297,48.31,Medellin
1584940745407316749,6.2311861631407455,-75.6136718419294,Private room,Private room in home,2,21.05,Medellin
1160181260644272958,6.2134,-75.6079,Private room,Private room in rental unit,1,21.56,Medellin
53609817,6.2468,-75.5552,Entire home/apt,Entire loft,17,58.05,Medellin
1605366331454264340,6.2418,-75.5964,Entire home/apt,Entire rental unit,6,182.48,Medellin
1238615713588743719,6.16029,-75.60013,Private room,Private room in condo,10,22.64,Medellin
1608845264165902026,6.1905,-75.5627,Entire home/apt,Entire rental unit,8,143.43,Medellin
1227707742673479858,6.2131,-75.5597,Entire home/apt,Entire rental unit,12,148.0,Medellin
1511566744705673223,6.158616711563801,-75.5851765891625,Private room,Private room in home,4,21.52,Medellin
48199664,6.2427627649781385,-75.5872403444229,Entire home/apt,Entire rental unit,65,77.8,Medellin
620235342352237420,6.178,-75.5796,Private room,Private room in rental unit,32,22.12,Medellin
1607375055133945772,6.20915,-75.57338,Entire home/apt,Entire rental unit,13,50.05,Medellin
1350857316521334567,6.24,-75.5966,Entire home/apt,Entire rental unit,0,178.64,Medellin
1560704987444316515,6.23629,-75.58468,Entire home/apt,Entire rental unit,5,147.96,Medellin
35803802,6.2823,-75.4611,Entire home/apt,Entire cabin,110,123.83,Medellin
921716470981445229,6.2142,-75.5726,Entire home/apt,Tiny home,59,167.0,Medellin
1179917750331896751,6.24303,-75.59969,Entire home/apt,Entire rental unit,7,185.22,Medellin
984187942561208785,6.25781,-75.59201,Entire home/apt,Entire rental unit,66,146.97,Medellin
1460209206321391865,6.2472,-75.5909,Entire home/apt,Entire rental unit,7,149.0,Medellin
18158728,6.19816,-75.56791,Entire home/apt,Entire serviced apartment,7,162.21,Medellin
1361664709568479920,6.2474,-75.5643,Private room,Room in hotel,1,18.49,Medellin
1002919678791569940,6.2509,-75.5878,Private room,Room in hotel,6,146.38,Medellin
1373285235405379137,6.1568,-75.6037,Private room,Private room in rental unit,8,19.14,Medellin
928243477793064971,6.2234,-75.5968,Private room,Private room,17,16.71,Medellin
1616049790258202953,6.2455,-75.611,Private room,Private room in home,0,21.36,Medellin
1119050979218711521,6.2063,-75.5832,Private room,Private room in home,49,16.59,Medellin
1320289940075382530,6.2057,-75.5821,Shared room,Shared room in hotel,12,18.31,Medellin
1241462019965723683,6.22661,-75.60098,Private room,Private room in rental unit,14,17.3,Medellin
1233548298669733960,6.1965,-75.57441,Entire home/apt,Entire rental unit,1,151.86,Medellin
1497881701755007286,6.1905,-75.5627,Entire home/apt,Entire rental unit,26,108.02,Medellin
53006004,6.24933,-75.59941,Entire home/apt,Entire rental unit,60,40.8,Medellin
1396714957989280469,6.3167,-75.5597,Entire home/apt,Entire rental unit,11,131.78,Medellin
1051056568816299198,6.2497,-75.59095,Entire home/apt,Entire rental unit,37,40.57,Medellin
1233415625713868384,6.254,-75.6106,Entire home/apt,Entire rental unit,53,40.37,Medellin
992323935244736859,6.3167,-75.5596,Entire home/apt,Entire rental unit,25,109.65,Medellin
914425028201900449,6.2698,-75.5437,Entire home/apt,Entire rental unit,0,49.6,Medellin
1301712594197907939,6.2406,-75.5851,Entire home/apt,Entire rental unit,20,40.74,Medellin
1034992941664342650,6.24345,-75.58663,Entire home/apt,Entire rental unit,54,40.23,Medellin
1104911871007842156,6.2437,-75.6055,Entire home/apt,Entire rental unit,17,40.17,Medellin
987661101435288425,6.17276,-75.5822,Entire home/apt,Entire rental unit,15,41.22,Medellin
1305208004766234483,6.2404,-75.5933,Entire home/apt,Entire condo,45,41.0,Medellin
1441407197778189973,6.24381,-75.58236,Entire home/apt,Entire loft,36,40.96,Medellin
1665353109441129304,6.2613,-75.5598,Private room,Private room in home,0,40.53,Medellin
1691699544432805025,6.2534,-75.6086,Entire home/apt,Entire rental unit,0,48.83,Medellin
1606913334411906612,6.2418,-75.5802,Entire home/apt,Entire rental unit,7,130.04,Medellin
1680762343613918764,6.248514043953399,-75.59618953155216,Private room,Private room in rental unit,3,41.89,Medellin
846589588174188511,6.2425,-75.56137,Entire home/apt,Entire rental unit,8,41.22,Medellin
1134056637190087425,6.2605,-75.5996,Entire home/apt,Entire rental unit,95,40.95,Medellin
50088720,6.24825,-75.59206,Entire home/apt,Entire rental unit,75,51.17,Medellin
1445737572221712496,6.21334,-75.57173,Private room,Room in hotel,14,40.26,Medellin
1247902533992764014,6.247613393187109,-75.44033484536371,Entire home/apt,Entire cabin,8,130.0,Medellin
1216768835098305041,6.2428,-75.5623,Entire home/apt,Entire rental unit,13,40.4,Medellin
1272572585345506718,6.213,-75.5591,Entire home/apt,Entire rental unit,55,156.22,Medellin
934797410593455402,6.246,-75.5896,Entire home/apt,Entire rental unit,83,133.97,Medellin
705312667768260340,6.17003,-75.60738,Entire home/apt,Entire rental unit,41,41.0,Medellin
1051455175718061973,6.24504,-75.58594,Entire home/apt,Entire rental unit,13,40.23,Medellin
1578958879492844417,6.2495,-75.5995,Entire home/apt,Entire rental unit,8,110.46,Medellin
1213988681305343534,6.1701,-75.6085,Entire home/apt,Entire loft,73,43.5,Medellin
1061826555902902954,6.2814,-75.5925,Entire home/apt,Entire rental unit,21,110.41,Medellin
53325438,6.25824,-75.59819,Entire home/apt,Entire rental unit,40,40.67,Medellin
52246875,6.22507,-75.60206,Private room,Room in boutique hotel,43,18.41,Medellin
49988724,6.17043,-75.60818,Entire home/apt,Entire rental unit,59,41.59,Medellin
1371141174864946376,6.2096,-75.573,Entire home/apt,Entire rental unit,16,134.11,Medellin
1725659080926313235,6.214,-75.5726,Private room,Room in hotel,0,131.4,Medellin
1683433546650298049,6.201284434625681,-75.58688513590111,Entire home/apt,Entire rental unit,3,41.37,Medellin
1534903846695269227,6.241,-75.6011,Entire home/apt,Entire rental unit,2,43.24,Medellin
795040999747813171,6.2667,-75.58527,Private room,Private room in home,2,17.84,Medellin
982556866396888539,6.2581,-75.5927,Entire home/apt,Entire rental unit,81,131.27,Medellin
1699443862459639540,6.2448,-75.5832,Entire home/apt,Entire rental unit,4,162.72,Medellin
923824376928891806,6.2063,-75.5546,Entire home/apt,Entire rental unit,191,130.91,Medellin
1314853530694282952,6.241728702859393,-75.59257401982025,Private room,Room in hotel,2,61.0,Medellin
1390084222425385734,6.2263494977595055,-75.56034220477467,Entire home/apt,Entire rental unit,14,133.97,Medellin
1221928731860047170,6.2498,-75.5893,Entire home/apt,Entire rental unit,29,130.44,Medellin
1472552649039581116,6.2402,-75.553,Private room,Room in hotel,1,43.94,Medellin
1669101717084194384,6.2631432837553485,-75.54664179792525,Entire home/apt,Entire rental unit,0,254.28,Medellin
26206745,6.2452,-75.591,Private room,Room in aparthotel,111,40.54,Medellin
46949668,6.24493,-75.58912,Entire home/apt,Entire loft,160,33.68,Medellin
1022525133753552240,6.24456,-75.58531,Entire home/apt,Entire rental unit,35,40.23,Medellin
52152696,6.21023,-75.57227,Private room,Private room in hostel,4,44.08,Medellin
1653744460435517072,6.149906532898662,-75.61823783299424,Private room,Private room in rental unit,1,33.05,Medellin
900164636749626659,6.2443,-75.5915,Private room,Room in boutique hotel,74,99.45,Medellin
784240946608480861,6.25743,-75.56565,Entire home/apt,Entire vacation home,19,40.82,Medellin
1412995026789006505,6.2485,-75.5914,Entire home/apt,Entire rental unit,13,40.0,Medellin
1559822382075820472,6.2401,-75.5936,Entire home/apt,Entire rental unit,13,40.28,Medellin
52203475,6.23596,-75.59727,Entire home/apt,Entire serviced apartment,118,41.22,Medellin
1679928927000371500,6.24022,-75.60302,Entire home/apt,Entire rental unit,0,40.43,Medellin
46644213,6.163,-75.5686,Private room,Private room in home,39,40.98,Medellin
1140803122675174847,6.2475,-75.5962,Private room,Private room in home,28,32.66,Medellin
690648072033817697,6.23816,-75.60165,Entire home/apt,Entire serviced apartment,36,40.98,Medellin
32353872,6.1832,-75.57797,Entire home/apt,Entire rental unit,123,40.65,Medellin
566499288802506855,6.249,-75.6067,Entire home/apt,Entire rental unit,21,41.0,Medellin
1592373883433913920,6.2071,-75.5879,Entire home/apt,Entire rental unit,2,40.33,Medellin
2862965,6.2472,-75.59112,Entire home/apt,Entire rental unit,42,43.61,Medellin
903158098104732815,6.2136,-75.5727,Entire home/apt,Entire loft,37,52.4,Medellin
1472572173625755040,6.2402,-75.553,Private room,Room in hotel,1,43.94,Medellin
1197815960859926502,6.2597,-75.5983,Entire home/apt,Entire rental unit,12,62.88,Medellin
1206614219113202024,6.24274,-75.6031,Entire home/apt,Entire rental unit,4,40.19,Medellin
1541964699371213196,6.2702,-75.5958,Private room,Private room in rental unit,0,49.2,Medellin
1227464550987237170,6.2119,-75.5878,Entire home/apt,Entire rental unit,3,40.84,Medellin
1142776050232411943,6.2157,-75.6079,Entire home/apt,Entire rental unit,13,41.59,Medellin
1404479938932609699,6.171,-75.5936,Entire home/apt,Entire rental unit,35,40.52,Medellin
1653227530173115110,6.21353,-75.57129,Private room,Private room in rental unit,0,45.48,Medellin
1665342738477516211,6.244227597687767,-75.58313616745022,Private room,Private room in serviced apartment,0,60.83,Medellin
1026017566222834873,6.15371,-75.61092,Entire home/apt,Entire rental unit,27,61.94,Medellin
1482066481354181723,6.2418,-75.5594,Entire home/apt,Entire serviced apartment,3,40.32,Medellin
54201161,6.23565,-75.59841,Entire home/apt,Entire loft,114,40.18,Medellin
997168528929593494,6.2322,-75.6091,Entire home/apt,Entire rental unit,44,32.74,Medellin
1049464780837512052,6.17545,-75.58989,Private room,Private room in guesthouse,71,47.9,Medellin
1107435216931004992,6.2574,-75.6023,Private room,Private room in home,35,34.32,Medellin
1367018612216648634,6.2447,-75.5836,Entire home/apt,Entire rental unit,11,40.63,Medellin
1620470784078210950,6.23166,-75.60478,Entire home/apt,Entire rental unit,1,40.84,Medellin
785636735704724430,6.2503,-75.5934,Private room,Room in hotel,91,42.26,Medellin
1625562706326370836,6.246,-75.5905,Entire home/apt,Entire rental unit,2,42.16,Medellin
1534047198384998915,6.24718,-75.5943,Entire home/apt,Entire rental unit,63,42.8,Medellin
1406014363469055813,6.240334262682779,-75.58395471739925,Entire home/apt,Entire rental unit,59,110.06,Medellin
1573601244102355544,6.2145,-75.5729,Entire home/apt,Entire rental unit,39,153.0,Medellin
37426717,6.25202,-75.58987,Entire home/apt,Entire rental unit,166,40.17,Medellin
1010124596579891967,6.2528,-75.5905,Entire home/apt,Entire serviced apartment,56,50.2,Medellin
1227775986136311663,6.2602,-75.59391,Entire home/apt,Entire rental unit,47,42.6,Medellin
52722597,6.20402,-75.55797,Entire home/apt,Entire rental unit,44,78.2,Medellin
1054388409350604994,6.171,-75.5917,Entire home/apt,Entire loft,44,48.94,Medellin
1367002923445072120,6.2115,-75.5724,Entire home/apt,Entire rental unit,75,40.54,Medellin
1155212342968265574,6.23019,-75.6092,Entire home/apt,Entire rental unit,49,91.0,Medellin
52151809,6.20997,-75.57253,Private room,Private room in hostel,46,45.33,Medellin
1216793550903567146,6.2306,-75.60377,Entire home/apt,Entire rental unit,70,50.12,Medellin
1239854729590053587,6.2417,-75.5928,Entire home/apt,Entire rental unit,32,50.8,Medellin
1499457007925392399,6.2288276141240235,-75.56043039830563,Entire home/apt,Entire serviced apartment,17,50.93,Medellin
1392664420267961718,6.2401,-75.5936,Entire home/apt,Entire rental unit,28,42.62,Medellin
1054556659668207273,6.16999,-75.59073,Entire home/apt,Entire loft,29,47.17,Medellin
594865870926659184,6.2018,-75.5692,Entire home/apt,Entire loft,334,55.7,Medellin
1536326165437951918,6.2371,-75.5855,Entire home/apt,Entire rental unit,9,51.96,Medellin
1587725044239081535,6.2223,-75.6062,Entire home/apt,Entire rental unit,38,42.9,Medellin
27339485,6.2471,-75.5906,Entire home/apt,Entire rental unit,191,43.79,Medellin
1597182289324398386,6.2491,-75.5584,Entire home/apt,Entire rental unit,23,50.64,Medellin
817287908850267631,6.2038,-75.5591,Entire home/apt,Entire rental unit,146,50.6,Medellin
1668293723914237141,6.2069,-75.5528,Private room,Private room in home,4,50.11,Medellin
53215999,6.21088,-75.57171,Entire home/apt,Entire condo,117,42.01,Medellin
1461587112468991266,6.1838,-75.5771,Entire home/apt,Entire loft,33,67.18,Medellin
1180490600673505054,6.2139,-75.5721,Entire home/apt,Entire rental unit,44,50.34,Medellin
1524795852813444327,6.2308,-75.6038,Entire home/apt,Entire rental unit,0,50.15,Medellin
1096583422452665190,6.2507,-75.5871,Private room,Private room in home,1,42.38,Medellin
1729246989523574162,6.176,-75.5898,Private room,Private room in rental unit,2,52.82,Medellin
1089333712898110223,6.2384,-75.5645,Entire home/apt,Entire rental unit,34,43.42,Medellin
1338763833712026229,6.202,-75.5861,Entire home/apt,Entire rental unit,48,42.79,Medellin
1516842361405445963,6.21108,-75.56395,Entire home/apt,Entire rental unit,13,130.9,Medellin
969805694560270133,6.2065,-75.5647,Private room,Private room in rental unit,22,42.77,Medellin
1656071805420432890,6.2476,-75.605,Entire home/apt,Entire rental unit,3,43.06,Medellin
1516197120399824193,6.2419,-75.5997,Entire home/apt,Entire rental unit,13,43.23,Medellin
53334644,6.2428416522246915,-75.58751959636544,Entire home/apt,Entire rental unit,46,112.0,Medellin
1108218001032815754,6.24669,-75.58466,Entire home/apt,Entire rental unit,34,50.27,Medellin
46901514,6.19103,-75.58113,Entire home/apt,Entire rental unit,182,52.12,Medellin
867391043048892212,6.19972,-75.58569,Entire home/apt,Entire rental unit,99,42.72,Medellin
54056544,6.33993,-75.55951,Entire home/apt,Entire vacation home,24,42.77,Medellin
853814058202386199,6.15973,-75.60718,Entire home/apt,Entire loft,59,62.6,Medellin
1329859464827392527,6.2513,-75.5897,Entire home/apt,Entire rental unit,40,42.23,Medellin
1684937039829998705,6.233704138426169,-75.59179537150322,Entire home/apt,Entire rental unit,0,50.22,Medellin
1481771893708320771,6.2174404622396,-75.56184958326205,Private room,Private room in home,4,52.87,Medellin
1684999225392491754,6.2469,-75.5917,Private room,Room in hotel,0,53.62,Medellin
7515033,6.26255,-75.59628,Entire home/apt,Entire rental unit,40,51.97,Medellin
1456539681362618077,6.212579309439199,-75.57004884263817,Entire home/apt,Entire rental unit,29,43.0,Medellin
1447361196930732049,6.236,-75.5987,Entire home/apt,Entire rental unit,4,43.69,Medellin
943572218330675475,6.2482,-75.58,Private room,Private room in condo,1,42.62,Medellin
1394577151442964501,6.2445,-75.6008,Entire home/apt,Entire rental unit,32,47.56,Medellin
1472587744968850440,6.2402,-75.553,Private room,Room in hotel,5,46.63,Medellin
1669060972527147479,6.23881,-75.60343,Entire home/apt,Entire rental unit,1,49.75,Medellin
1683590070091635518,6.207382923775251,-75.57388865769333,Private room,Private room in home,0,43.51,Medellin
1239288395973816035,6.17105,-75.59118,Entire home/apt,Entire loft,48,46.38,Medellin
1462599580985891900,6.1789,-75.6002,Entire home/apt,Entire home,34,43.06,Medellin
720242262215510057,6.241846271355782,-75.58580669165195,Private room,Private room in home,8,43.06,Medellin
826214904023077104,6.2298,-75.5689,Entire home/apt,Entire rental unit,51,50.0,Medellin
763714091811442995,6.3202,-75.5644,Entire home/apt,Entire rental unit,0,42.68,Medellin
1472803673191246608,6.26605,-75.55622,Entire home/apt,Entire serviced apartment,33,42.38,Medellin
1472498674260377788,6.257,-75.613,Entire home/apt,Entire rental unit,8,46.0,Medellin
925303502896012636,6.20408,-75.58136,Private room,Room in hotel,2,42.18,Medellin
1460347155970628797,6.2361,-75.5913,Entire home/apt,Entire rental unit,5,42.18,Medellin
795600548521901349,6.3769,-75.4179,Private room,Room in hotel,0,42.89,Medellin
1164703010611964502,6.254,-75.5852,Entire home/apt,Entire rental unit,0,43.43,Medellin
52152074,6.2082,-75.57078,Private room,Private room in hostel,31,45.88,Medellin
1723574287044270476,6.2581,-75.5832,Entire home/apt,Entire rental unit,0,53.13,Medellin
1665662523850748151,6.2099,-75.5716,Entire home/apt,Entire rental unit,5,42.75,Medellin
1336187229541230445,6.248304269936844,-75.56121137646991,Private room,Room in hotel,2,42.71,Medellin
1133213652259556513,6.23005,-75.60487,Entire home/apt,Entire rental unit,2,43.43,Medellin
37152816,6.23148,-75.60044,Entire home/apt,Entire rental unit,19,42.91,Medellin
1602443759597436947,6.1732,-75.5786,Entire home/apt,Casa particular,0,43.8,Medellin
28204086,6.23146,-75.60541,Entire home/apt,Entire rental unit,50,71.0,Medellin
28081637,6.1953,-75.5788,Private room,Private room in home,34,42.56,Medellin
1562439519300462093,6.2529,-75.5924,Entire home/apt,Entire rental unit,35,162.52,Medellin
1128279568388866964,6.2428,-75.5623,Entire home/apt,Entire rental unit,38,42.53,Medellin
52638442,6.18816,-75.50662,Entire home/apt,Entire cottage,143,194.33,Medellin
1705231008134748499,6.205552848446718,-75.57245330910004,Entire home/apt,Entire rental unit,1,103.24,Medellin
1347098573289691720,6.376835955207035,-75.45047892723427,Entire home/apt,Entire cottage,5,205.74,Medellin
1329912917522877022,6.252895132344973,-75.60027539698228,Entire home/apt,Entire rental unit,59,47.29,Medellin
751563031661742232,6.25577,-75.61799,Entire home/apt,Entire vacation home,3,43.43,Medellin
1684884044063262523,6.1905,-75.5627,Entire home/apt,Entire rental unit,12,103.46,Medellin
1535765267965029090,6.2567,-75.4216,Private room,Private room in cabin,30,103.7,Medellin
942291854932346491,6.2106,-75.5679,Entire home/apt,Entire rental unit,243,38.0,Medellin
26080922,6.19532,-75.57965,Private room,Private room in home,26,42.84,Medellin
1593579809831954061,6.2107,-75.5648,Entire home/apt,Entire rental unit,9,112.07,Medellin
1006156548159445072,6.2475,-75.595,Entire home/apt,Entire rental unit,83,104.0,Medellin
1476575809727244959,6.2433,-75.5601,Entire home/apt,Entire condo,36,41.2,Medellin
1141581617342418742,6.1989,-75.5693,Entire home/apt,Entire rental unit,53,117.17,Medellin
1136956035985631575,6.2475,-75.598,Private room,Private room in rental unit,83,20.61,Medellin
47746562,6.18995,-75.56492,Entire home/apt,Entire serviced apartment,115,110.0,Medellin
904964348271091589,6.2441,-75.5881,Private room,Private room in bed and breakfast,1,21.86,Medellin
751988478902298191,6.25666,-75.55992,Private room,Private room in casa particular,13,21.75,Medellin
54409434,6.2467,-75.5551,Entire home/apt,Entire loft,75,48.59,Medellin
1295811188302392098,6.21234,-75.5621,Entire home/apt,Entire rental unit,57,115.6,Medellin
48303356,6.2214,-75.56843,Private room,Private room in condo,35,21.43,Medellin
1729482738761334649,6.205,-75.5813,Private room,Private room in guesthouse,0,20.27,Medellin
46775700,6.178,-75.5796,Private room,Private room in rental unit,39,22.12,Medellin
593665933614650758,6.2284,-75.6008,Private room,Private room in home,38,20.27,Medellin
31021511,6.2299,-75.6033,Entire home/apt,Entire rental unit,62,42.15,Medellin
1699748719490038679,6.165811061311158,-75.59057944708212,Entire home/apt,Entire rental unit,2,49.22,Medellin
1331334375325265431,6.254470508843661,-75.60082990861952,Entire home/apt,Entire rental unit,30,42.81,Medellin
1199189156563660120,6.202,-75.5856,Entire home/apt,Entire rental unit,61,46.47,Medellin
1263263590417284648,6.2444192246959185,-75.5837260687345,Entire home/apt,Entire rental unit,9,42.56,Medellin
711459334848995544,6.2612496163839,-75.56257620523081,Entire home/apt,Entire loft,10,42.84,Medellin
1600861844443976595,6.2617,-75.5958,Entire home/apt,Entire loft,5,42.38,Medellin
37802904,6.22133,-75.58756,Entire home/apt,Entire rental unit,43,40.16,Medellin
1108893365545907288,6.23488,-75.6008,Entire home/apt,Entire rental unit,3,40.47,Medellin
629091189523326667,6.23862,-75.54746,Entire home/apt,Entire home,1,42.38,Medellin
1106468398875360971,6.1965,-75.5799,Private room,Room in hotel,69,42.85,Medellin
45936990,6.24605860127155,-75.56546369238275,Entire home/apt,Entire rental unit,64,43.25,Medellin
1203692003315619956,6.26542,-75.59512,Entire home/apt,Entire serviced apartment,79,40.18,Medellin
732551505180425876,6.17414,-75.58168,Entire home/apt,Entire serviced apartment,39,43.8,Medellin
53442115,6.16627,-75.59012,Entire home/apt,Entire rental unit,57,43.8,Medellin
631825529877392556,6.23509,-75.59156,Entire home/apt,Entire guest suite,75,42.15,Medellin
52458564,6.2557,-75.5982,Private room,Room in hotel,97,44.8,Medellin
1302833348488911371,6.2249,-75.6037,Entire home/apt,Entire rental unit,20,43.6,Medellin
1078270511578571270,6.17199,-75.59273,Entire home/apt,Entire loft,60,47.18,Medellin
594889496514515271,6.23624,-75.58762,Private room,Private room in serviced apartment,14,42.77,Medellin
1142058830632110982,6.19545,-75.57923,Private room,Room in hotel,33,42.85,Medellin
1533294792544933527,6.2543,-75.5964,Entire home/apt,Entire rental unit,9,42.5,Medellin
1687175684941232805,6.241720123349471,-75.60145951526837,Entire home/apt,Entire loft,0,42.44,Medellin
26982779,6.213763,-75.571373,Hotel room,Room in boutique hotel,68,45.51,Medellin
836956146081771963,6.1704,-75.6169,Entire home/apt,Entire rental unit,25,42.48,Medellin
52858753,6.2114,-75.5723,Private room,Private room in condo,68,42.67,Medellin
1690293733706576312,6.233178799937656,-75.5929306497131,Private room,Private room in home,4,42.9,Medellin
1127461655643431784,6.19709,-75.57932,Private room,Room in hotel,44,42.85,Medellin
897208073736438401,6.20388,-75.58285,Private room,Room in hotel,21,42.18,Medellin
53458290,6.2114,-75.5723,Private room,Private room in condo,76,42.54,Medellin
1343502440934413628,6.2415,-75.6032,Private room,Room in hotel,0,42.46,Medellin
964345577544576912,6.25678,-75.56181,Entire home/apt,Entire loft,5,43.43,Medellin
1601847411392964217,6.2412,-75.602,Entire home/apt,Entire rental unit,6,41.06,Medellin
1499442396651555795,6.203627477145302,-75.58441864727702,Entire home/apt,Entire rental unit,29,41.96,Medellin
1643370028861554355,6.252908929039579,-75.5926384382377,Entire home/apt,Entire rental unit,7,40.67,Medellin
968952923663470451,6.24415,-75.58173,Entire home/apt,Entire rental unit,75,40.93,Medellin
551532899134272543,6.22215,-75.58176,Private room,Room in boutique hotel,57,42.44,Medellin
965894874156878259,6.25658,-75.56258,Entire home/apt,Entire loft,3,43.43,Medellin
1015540055548082408,6.2466,-75.5889,Entire home/apt,Entire home,85,212.18,Medellin
1624023434554032693,6.2324,-75.5926,Entire home/apt,Entire rental unit,5,42.66,Medellin
915291060314903513,6.23689,-75.58736,Private room,Private room in serviced apartment,14,42.48,Medellin
1591582475624787292,6.1781,-75.5994,Entire home/apt,Entire rental unit,4,41.0,Medellin
52152315,6.21038,-75.57192,Private room,Private room in hostel,40,45.88,Medellin
1255857937042411143,6.23151,-75.60285,Entire home/apt,Entire rental unit,23,42.57,Medellin
16303234,6.24867,-75.58817,Entire home/apt,Entire rental unit,83,40.31,Medellin
1129950642374817413,6.25621,-75.58339,Entire home/apt,Entire rental unit,62,40.57,Medellin
1101514843001002657,6.23701,-75.58683,Private room,Private room in bed and breakfast,21,40.08,Medellin
1144279508438242440,6.256244435415329,-75.59817242432847,Entire home/apt,Entire rental unit,0,41.22,Medellin
1156815389352273107,6.2411,-75.58614,Entire home/apt,Entire loft,4,42.4,Medellin
47735217,6.23341,-75.59337,Entire home/apt,Entire rental unit,105,40.8,Medellin
1705891939175990233,6.171428517708271,-75.59191599509874,Entire home/apt,Entire rental unit,2,40.06,Medellin
1669952595769135639,6.255937587717817,-75.46755897142212,Private room,Private room in home,0,50.53,Medellin
1446683095516865258,6.2312,-75.6056,Entire home/apt,Entire rental unit,19,59.35,Medellin
648334099148776649,6.21053,-75.5721,Private room,Private room in rental unit,78,40.8,Medellin
1442742596451899603,6.2312,-75.6056,Entire home/apt,Entire rental unit,17,50.66,Medellin
1705021618183471699,6.260887378572585,-75.55848557148234,Private room,Private room in rental unit,0,53.0,Medellin
1122478507979283027,6.2584,-75.5648,Entire home/apt,Entire rental unit,9,40.65,Medellin
53609520,6.2468,-75.5552,Entire home/apt,Entire loft,26,50.72,Medellin
1168234298837481285,6.22486,-75.48913,Entire home/apt,Entire cottage,10,67.95,Medellin
23589619,6.25792,-75.5992,Entire home/apt,Entire rental unit,92,43.8,Medellin
22960217,6.20023,-75.56582,Entire home/apt,Entire loft,119,40.32,Medellin
1088166356952561563,6.21383,-75.57139,Private room,Private room in home,0,40.39,Medellin
1584850887599203957,6.2048,-75.5808,Entire home/apt,Entire rental unit,8,40.6,Medellin
995916203743135039,6.25445,-75.62321,Private room,Private room in rental unit,0,41.59,Medellin
26163846,6.2434,-75.5602,Entire home/apt,Entire condo,172,41.22,Medellin
1579079593084997127,6.246,-75.5905,Entire home/apt,Entire rental unit,3,42.89,Medellin
984719932640012810,6.34084,-75.54407,Entire home/apt,Entire rental unit,34,40.98,Medellin
1694276822392836792,6.2534,-75.6086,Entire home/apt,Entire rental unit,0,49.45,Medellin
900172061481413368,6.2442,-75.5915,Entire home/apt,Entire serviced apartment,77,40.92,Medellin
781371380169135608,6.2451,-75.5926,Entire home/apt,Entire loft,160,40.4,Medellin
17736268,6.2186,-75.5758,Private room,Private room in hostel,99,40.08,Medellin
1223177942435608408,6.2201,-75.5823,Entire home/apt,Entire loft,68,47.12,Medellin
1452293700457183723,6.2085,-75.5664,Private room,Private room in home,0,40.48,Medellin
974029755280712190,6.2329,-75.59143,Entire home/apt,Entire rental unit,40,41.85,Medellin
951428985152248925,6.25205,-75.55656,Entire home/apt,Entire guesthouse,3,41.07,Medellin
1223511022927442506,6.22,-75.5823,Entire home/apt,Entire loft,47,47.12,Medellin
1524628165850150306,6.1898,-75.5916,Private room,Room in hotel,2,40.35,Medellin
1567120003101355084,6.2401,-75.5936,Entire home/apt,Entire rental unit,17,40.28,Medellin
1696634227707787157,6.2807,-75.5746,Entire home/apt,Entire rental unit,0,48.9,Medellin
1419839860652627503,6.258999356929296,-75.59331898630316,Entire home/apt,Entire rental unit,31,41.07,Medellin
27167811,6.25786,-75.6089,Entire home/apt,Entire rental unit,59,40.51,Medellin
1245120170279101027,6.1967,-75.5669,Entire home/apt,Entire rental unit,3,41.59,Medellin
1508231510593114890,6.2394,-75.5883,Entire home/apt,Entire loft,29,40.4,Medellin
708832284948515965,6.2491,-75.5899,Entire home/apt,Entire serviced apartment,92,41.59,Medellin
1521911271755884109,6.14948,-75.62003,Private room,Private room in rental unit,14,35.41,Medellin
751625344825094108,6.23061,-75.60295,Entire home/apt,Entire loft,2,40.98,Medellin
1010748207132279812,6.247,-75.6033,Entire home/apt,Entire rental unit,76,40.12,Medellin
711575681438035742,6.1662,-75.5898,Entire home/apt,Entire vacation home,16,51.24,Medellin
1630009271548313370,6.17049,-75.60761,Entire home/apt,Entire rental unit,8,41.23,Medellin
1609025999467736225,6.240100275637087,-75.60021615901394,Private room,Private room in condo,2,41.96,Medellin
928328358641391147,6.1707,-75.6168,Entire home/apt,Entire rental unit,32,40.18,Medellin
869929577638541843,6.23978,-75.58238,Private room,Private room in rental unit,17,22.09,Medellin
1618151714075107919,6.244746693043015,-75.56446569399203,Private room,Room in hotel,0,34.34,Medellin
1454600435121419212,6.2474,-75.5983,Private room,Room in boutique hotel,0,49.82,Medellin
21718675,6.23063,-75.59125,Private room,Private room in home,13,19.14,Medellin
1216772561769614734,6.22043,-75.60481,Entire home/apt,Entire rental unit,0,41.23,Medellin
1349382647870112435,6.251336951405481,-75.5900951482106,Entire home/apt,Entire rental unit,0,41.15,Medellin
1541324325438493251,6.2524,-75.5942,Entire home/apt,Entire serviced apartment,18,127.4,Medellin
1040069937902762927,6.2433,-75.5602,Entire home/apt,Entire rental unit,75,41.59,Medellin
671120415146658974,6.177293294706426,-75.58599984231358,Entire home/apt,Entire rental unit,91,128.0,Medellin
567309189922995211,6.29703,-75.6371,Private room,Private room in nature lodge,48,131.03,Medellin
1213171506548588482,6.24164,-75.58334,Entire home/apt,Entire rental unit,29,127.97,Medellin
1015591581827769858,6.24727,-75.59796,Entire home/apt,Entire rental unit,77,144.54,Medellin
1563277859990089660,6.2475,-75.5646,Private room,Room in hotel,1,50.98,Medellin
1612545236233068241,6.2282,-75.6016,Entire home/apt,Entire home,3,131.02,Medellin
971750326025538265,6.25334,-75.58587,Private room,Private room in guesthouse,0,49.82,Medellin
1060303274626628211,6.26319,-75.55764,Entire home/apt,Entire rental unit,12,27.46,Medellin
1601704869838969230,6.24513,-75.59732,Entire home/apt,Entire rental unit,9,128.98,Medellin
1711647045579862955,6.23969,-75.598,Private room,Private room in home,2,30.71,Medellin
999053803585317864,6.23593,-75.59136,Entire home/apt,Entire guesthouse,89,26.9,Medellin
1326385088165997436,6.2096,-75.573,Entire home/apt,Entire rental unit,37,128.0,Medellin
827082279206810441,6.3471,-75.5678,Entire home/apt,Entire loft,15,27.6,Medellin
1380577419357605422,6.1915,-75.5927,Private room,Room in hotel,6,40.54,Medellin
1594464486668460330,6.24327,-75.58135,Entire home/apt,Entire rental unit,12,127.4,Medellin
47514324,6.26229,-75.59394,Private room,Private room in home,51,27.31,Medellin
37019522,6.2053,-75.5946,Private room,Private room in rental unit,1,41.22,Medellin
909551405481935472,6.24,-75.5822,Private room,Private room in home,35,27.6,Medellin
964446728383466640,6.2136,-75.572,Private room,Private room in home,0,50.17,Medellin
1645716058537733832,6.238026065974652,-75.58805055119517,Private room,Room in hotel,35,18.77,Medellin
1056539438130693129,6.2089,-75.5666,Entire home/apt,Entire rental unit,75,127.52,Medellin
1472038175924183044,6.244007098856018,-75.60376073869438,Private room,Private room in home,7,19.07,Medellin
50179099,6.24036,-75.59457,Entire home/apt,Entire rental unit,255,127.6,Medellin
1420661238524607245,6.2374,-75.5828,Private room,Private room in home,31,30.92,Medellin
1100612987543220474,6.2135,-75.5719,Private room,Private room in home,0,50.17,Medellin
1633540729515126076,6.25011014301824,-75.59205933205989,Private room,Private room in home,2,27.2,Medellin
1146488272134142712,6.25001,-75.58659,Entire home/apt,Entire rental unit,32,27.0,Medellin
949564404922898726,6.24833,-75.58937,Entire home/apt,Entire loft,340,26.31,Medellin
949912318008704990,6.24799,-75.59025,Entire home/apt,Entire loft,16,26.31,Medellin
52492999,6.2559,-75.5983,Private room,Room in hotel,55,28.28,Medellin
908505909772266445,6.24545,-75.58318,Private room,Private room in rental unit,22,27.48,Medellin
1543589374689406097,6.238,-75.6023,Entire home/apt,Entire rental unit,4,26.44,Medellin
1140911644422126490,6.2475,-75.5962,Private room,Private room in home,32,26.21,Medellin
1110881184199654848,6.2476,-75.598,Private room,Private room in rental unit,43,18.28,Medellin
1338373288912416541,6.2432,-75.5558,Private room,Private room in rental unit,10,30.55,Medellin
866802885640118329,6.2442,-75.5823,Entire home/apt,Entire rental unit,119,158.6,Medellin
596430549271442557,6.21338,-75.57259,Private room,Private room in rental unit,99,28.59,Medellin
758494683756130024,6.23114,-75.60456,Entire home/apt,Entire loft,1,41.22,Medellin
1485658794206893336,6.2409,-75.5609,Private room,Private room in guesthouse,5,27.23,Medellin
1481309073910507989,6.2075,-75.5737,Entire home/apt,Entire rental unit,20,126.28,Medellin
711007118903345521,6.224,-75.5923,Private room,Private room in home,6,18.41,Medellin
1490597191744114850,6.20649,-75.56466,Entire home/apt,Entire rental unit,24,127.6,Medellin
805670340031148296,6.2136,-75.5733,Private room,Private room in rental unit,86,26.96,Medellin
1675671137307685959,6.24512,-75.60187,Shared room,Shared room in guesthouse,0,22.87,Medellin
1685727217314381465,6.24284,-75.58252,Entire home/apt,Entire rental unit,11,26.69,Medellin
1629872687420805959,6.2226,-75.5683,Private room,Private room in rental unit,4,18.0,Medellin
1173910645008461508,6.2383,-75.589,Entire home/apt,Entire loft,212,26.33,Medellin
1142105541088692860,6.2134,-75.5725,Private room,Private room in home,113,26.0,Medellin
1435002987241546600,6.2459,-75.5908,Shared room,Shared room in hotel,1,16.7,Medellin
1476834639652698817,6.262295472720969,-75.56165502361746,Private room,Private room in home,0,18.41,Medellin
1729498482739030464,6.205,-75.5813,Private room,Private room in guesthouse,1,17.81,Medellin
1244296908180621062,6.239240081514221,-75.58419417471653,Private room,Room in hotel,297,26.78,Medellin
1650746623344773333,6.2404,-75.5614,Private room,Private room in rental unit,0,20.55,Medellin
1695746888952756168,6.26138051277887,-75.560845103636,Entire home/apt,Entire rental unit,0,32.86,Medellin
1573315805754933940,6.21065,-75.57239,Entire home/apt,Entire rental unit,30,49.5,Medellin
37839924,6.2054,-75.6085,Private room,Private room in condo,116,19.15,Medellin
909735355176376074,6.23787,-75.60252,Private room,Private room in guesthouse,67,18.43,Medellin
848672028669346168,6.1835,-75.5988,Entire home/apt,Entire rental unit,23,42.36,Medellin
1119059197009782366,6.20658,-75.58285,Private room,Private room in home,65,16.59,Medellin
1036526174051351981,6.225409695542846,-75.60417231893186,Private room,Room in boutique hotel,49,17.55,Medellin
1705908995324242161,6.25989,-75.55872,Private room,Private room in home,0,27.4,Medellin
41566930,6.21584,-75.57182,Private room,Private room in hostel,90,18.86,Medellin
1701145367277403589,6.1718398541004476,-75.58896213524676,Private room,Private room in rental unit,2,22.09,Medellin
1625484641414993753,6.241,-75.602,Entire home/apt,Entire rental unit,1,108.96,Medellin
1633013797282206808,6.2164,-75.5569,Entire home/apt,Entire condo,16,135.01,Medellin
785605542536518291,6.2503,-75.5934,Private room,Room in hotel,101,43.0,Medellin
1698538277833643949,6.2644,-75.5936,Private room,Private room in rental unit,0,41.0,Medellin
1658873073415201200,6.195007764510751,-75.56966129516438,Private room,Private room in rental unit,1,41.22,Medellin
4331179,6.21381,-75.56201,Entire home/apt,Entire rental unit,206,97.31,Medellin
1695817195987658245,6.2206,-75.6063,Entire home/apt,Entire rental unit,1,40.27,Medellin
1101528029020643823,6.2363,-75.5872,Entire home/apt,Entire rental unit,13,47.21,Medellin
1491639816664697941,6.243,-75.5836,Entire home/apt,Entire serviced apartment,69,69.6,Medellin
1537149343112898223,6.2571,-75.5922,Private room,Room in hotel,0,197.98,Medellin
945106744209435030,6.22039,-75.57402,Entire home/apt,Entire rental unit,17,132.3,Medellin
1660239960541523859,6.1905,-75.5627,Entire home/apt,Entire rental unit,7,80.58,Medellin
1411317034276069926,6.2345,-75.5927,Entire home/apt,Entire rental unit,16,128.36,Medellin
1393694531524019610,6.246083255720162,-75.60223590470432,Entire home/apt,Entire rental unit,33,184.26,Medellin
48064324,6.21392,-75.57368,Private room,Room in boutique hotel,120,157.36,Medellin
50198657,6.21255,-75.57343,Entire home/apt,Entire loft,335,79.0,Medellin
679417311891229014,6.2095,-75.5728,Entire home/apt,Entire rental unit,90,132.4,Medellin
1628622678046488480,6.1962,-75.5955,Entire home/apt,Entire rental unit,28,119.62,Medellin
1022515086582072475,6.3894,-75.6162,Entire home/apt,Entire cottage,0,242.91,Medellin
1679804794262329613,6.211718531744245,-75.56210818125258,Entire home/apt,Entire rental unit,3,80.6,Medellin
1375564450246641559,6.2401,-75.5967,Entire home/apt,Entire condo,59,72.2,Medellin
1111562268862988161,6.2658,-75.474,Entire home/apt,Entire home,6,241.44,Medellin
1731240875680821239,6.1905,-75.5627,Entire home/apt,Entire rental unit,0,126.77,Medellin
1694474847688641249,6.1504,-75.5623,Entire home/apt,Entire rental unit,0,162.0,Medellin
896130209656059637,6.20778,-75.55939,Private room,Private room in home,164,66.0,Medellin
1475318654752183832,6.21589965938563,-75.57141558328259,Entire home/apt,Entire rental unit,45,120.2,Medellin
1686432420878213298,6.1899,-75.565,Entire home/apt,Entire rental unit,3,124.02,Medellin
1384331573692367773,6.24063,-75.59736,Entire home/apt,Entire rental unit,17,122.53,Medellin
1600874032475705525,6.208553820722004,-75.56052801819358,Entire home/apt,Entire rental unit,25,80.0,Medellin
1492059437421522167,6.2123,-75.5628,Entire home/apt,Entire rental unit,18,63.4,Medellin
1571086380686688799,6.23813,-75.59525,Entire home/apt,Entire rental unit,44,80.8,Medellin
1013930301779378598,6.2082,-75.5743,Entire home/apt,Entire loft,112,79.68,Medellin
1042270057717268208,6.2657,-75.474,Entire home/apt,Entire cabin,5,232.6,Medellin
1223497924367481867,6.24528,-75.5894,Entire home/apt,Entire rental unit,46,152.1,Medellin
1589329128987804036,6.086093361828802,-75.49431020019281,Entire home/apt,Entire condo,11,139.07,Medellin
1604376281804919460,6.1906,-75.562,Entire home/apt,Entire rental unit,16,79.76,Medellin
1712800840425463970,6.2483,-75.5913,Entire home/apt,Entire rental unit,4,85.85,Medellin
53483183,6.36748,-75.45395,Entire home/apt,Entire cottage,0,225.98,Medellin
1462309363248686237,6.244929823843092,-75.58228314355212,Entire home/apt,Entire rental unit,20,80.68,Medellin
53981603,6.21182,-75.57386,Entire home/apt,Entire loft,73,127.0,Medellin
1469125775244516478,6.2375,-75.5672,Entire home/apt,Entire rental unit,21,80.97,Medellin
1416229295896669044,6.24,-75.5966,Entire home/apt,Entire rental unit,11,82.08,Medellin
1183365792489370505,6.24904,-75.59466,Entire home/apt,Entire rental unit,82,144.53,Medellin
1587732196755788533,6.2485,-75.5991,Entire home/apt,Entire rental unit,0,108.79,Medellin
1668393417299623415,6.2399,-75.5946,Entire home/apt,Entire rental unit,5,123.0,Medellin
592766253157845872,6.2016,-75.5693,Entire home/apt,Entire loft,275,88.78,Medellin
17653884,6.39113,-75.48869,Entire home/apt,Entire bed and breakfast,65,253.22,Medellin
37054985,6.2635,-75.5951,Entire home/apt,Entire rental unit,125,117.67,Medellin
1470308537912116897,6.24,-75.5966,Entire home/apt,Entire loft,15,101.53,Medellin
1644419418517916405,6.2499,-75.5958,Entire home/apt,Entire rental unit,15,101.17,Medellin
1321670442764026217,6.24982,-75.61203,Entire home/apt,Entire home,13,114.09,Medellin
1209785958670237526,6.17828,-75.45991,Entire home/apt,Entire home,0,282.41,Medellin
1715555583148215815,6.3018,-75.4321,Entire home/apt,Entire home,0,277.57,Medellin
1299445166909166547,6.2434,-75.6004,Entire home/apt,Entire home,16,101.25,Medellin
775332123092286330,6.24876,-75.43899,Entire home/apt,Entire home,21,227.45,Medellin
54083593,6.1967,-75.5784,Entire home/apt,Entire serviced apartment,161,114.4,Medellin
50179769,6.24149,-75.59424,Entire home/apt,Entire rental unit,272,98.4,Medellin
1196622966804527504,6.2066,-75.565,Entire home/apt,Entire rental unit,55,63.13,Medellin
1366314990072639470,6.2866,-75.4603,Entire home/apt,Entire home,4,222.6,Medellin
1411171231725701002,6.275,-75.4658,Entire home/apt,Entire home,2,241.44,Medellin
1142813192834979475,6.1764,-75.4521,Entire home/apt,Entire rental unit,13,244.38,Medellin
705828045714111532,6.28091,-75.43426,Private room,Private room in tiny home,2,245.68,Medellin
1690713597393833053,6.1905,-75.5627,Entire home/apt,Entire rental unit,1,79.95,Medellin
1169661715420742992,6.19934,-75.56319,Entire home/apt,Entire rental unit,42,127.08,Medellin
1493090066568170735,6.2105,-75.568,Private room,Room in hotel,32,128.75,Medellin
1481215202720306344,6.2075,-75.5737,Entire home/apt,Entire rental unit,12,126.28,Medellin
845534640165584240,6.23988,-75.58868,Private room,Private room in loft,104,79.13,Medellin
992937410003992996,6.2063,-75.5546,Entire home/apt,Entire rental unit,64,131.6,Medellin
1623450391812730646,6.2457,-75.5814,Entire home/apt,Entire rental unit,23,96.34,Medellin
1458048432991064311,6.253,-75.5884,Entire home/apt,Entire rental unit,25,79.6,Medellin
47030416,6.24617,-75.59156,Entire home/apt,Tiny home,108,50.73,Medellin
1256707777347796055,6.230579681831195,-75.60378436715561,Entire home/apt,Entire rental unit,53,50.12,Medellin
918172012760111927,6.2332,-75.5872,Entire home/apt,Entire rental unit,135,87.88,Medellin
1733724389403161784,6.2418,-75.5593,Entire home/apt,Entire rental unit,0,97.61,Medellin
979974959892893504,6.23730509412239,-75.595884266668,Entire home/apt,Entire rental unit,9,115.0,Medellin
1198751092608826664,6.2518,-75.5897,Entire home/apt,Entire rental unit,63,79.38,Medellin
826178257925017479,6.1986,-75.5621,Private room,Room in hotel,97,137.37,Medellin
24603074,6.23947,-75.51804,Entire home/apt,Entire guest suite,107,80.97,Medellin
1344290410812554916,6.382645414895847,-75.48465377362247,Private room,Room in hotel,0,231.84,Medellin
1282270917071583753,6.145691374221494,-75.60694700698949,Entire home/apt,Entire rental unit,12,139.86,Medellin
1699497298541688402,6.20765,-75.567,Entire home/apt,Entire rental unit,0,173.78,Medellin
1603931703590581192,6.2166,-75.5569,Entire home/apt,Entire rental unit,5,82.8,Medellin
1669007375888126005,6.20042597779454,-75.56907009699917,Private room,Room in hotel,0,170.76,Medellin
1524083305833004269,6.2074,-75.5736,Entire home/apt,Entire rental unit,21,85.38,Medellin
53254210,6.2072,-75.5215,Entire home/apt,Entire cabin,240,85.61,Medellin
1096396653029074405,6.14884,-75.56275,Entire home/apt,Entire rental unit,0,139.86,Medellin
1655173482756902692,6.1594,-75.6063,Entire home/apt,Entire rental unit,5,142.51,Medellin
1605078443756781697,6.238717741524059,-75.58110234747328,Entire home/apt,Entire rental unit,11,172.25,Medellin
24176441,6.2113,-75.5605,Entire home/apt,Entire serviced apartment,12,167.16,Medellin
1333286176111583816,6.2399,-75.5966,Entire home/apt,Entire rental unit,27,134.26,Medellin
1547195287815642774,6.147,-75.5747,Entire home/apt,Entire rental unit,0,102.66,Medellin
1040132913316626778,6.2461,-75.59682,Entire home/apt,Entire rental unit,30,112.0,Medellin
1612487747524892900,6.152953331832006,-75.61056625689388,Entire home/apt,Entire rental unit,0,137.98,Medellin
20783456,6.20724,-75.56473,Entire home/apt,Entire condo,291,137.4,Medellin
984226825536267766,6.2572,-75.59342,Entire home/apt,Entire rental unit,57,139.22,Medellin
1631993196076655020,6.1456,-75.6151,Entire home/apt,Entire rental unit,0,137.98,Medellin
19237426,6.24349,-75.6042,Entire home/apt,Entire condo,120,117.4,Medellin
992066726891853136,6.1519,-75.6137,Entire home/apt,Entire rental unit,46,140.29,Medellin
1632712275432282581,6.1456,-75.6151,Entire home/apt,Entire rental unit,0,137.98,Medellin
1020449280401930440,6.2556,-75.5988,Entire home/apt,Entire rental unit,39,114.16,Medellin
1362331983422882704,6.1489,-75.6092,Entire home/apt,Entire rental unit,12,138.38,Medellin
938726012540385149,6.23183,-75.44998,Entire home/apt,Entire cabin,19,283.17,Medellin
990671434901251713,6.20992,-75.5662,Entire home/apt,Entire rental unit,118,181.92,Medellin
1557608000855472957,6.24647,-75.59443,Entire home/apt,Entire rental unit,25,109.36,Medellin
994936682965726692,6.24639,-75.59719,Entire home/apt,Entire rental unit,47,119.86,Medellin
923903757802032133,6.2082,-75.5653,Private room,Room in hotel,197,101.35,Medellin
1425071038765280002,6.2122,-75.5589,Entire home/apt,Entire rental unit,26,99.62,Medellin
1725624870847912268,6.2649,-75.6002,Entire home/apt,Entire home,0,142.59,Medellin
1521820504430204720,6.209422652740801,-75.57060800273334,Entire home/apt,Entire rental unit,22,104.54,Medellin
980573175250148019,6.2477,-75.6143,Entire home/apt,Entire home,19,121.45,Medellin
903844737894521232,6.252,-75.5964,Entire home/apt,Entire home,59,114.09,Medellin
902912629661868190,6.212,-75.5585,Entire home/apt,Entire rental unit,120,108.89,Medellin
1478293488977604484,6.2108,-75.5699,Entire home/apt,Entire rental unit,18,121.2,Medellin
951413288933668355,6.2435,-75.5601,Entire home/apt,Entire loft,24,124.33,Medellin
1598168126610754009,6.247142124326372,-75.59211143121715,Entire home/apt,Entire rental unit,28,123.05,Medellin
926843876475269371,6.22193,-75.56742,Entire home/apt,Entire rental unit,80,123.49,Medellin
24474677,6.2113,-75.5605,Entire home/apt,Entire serviced apartment,62,153.58,Medellin
1141553748111823158,6.1994,-75.5689,Entire home/apt,Entire home,39,122.4,Medellin
1562424621638501980,6.2143,-75.5733,Entire home/apt,Entire rental unit,16,149.89,Medellin
1360987737716651060,6.2455,-75.5873,Entire home/apt,Entire rental unit,28,120.13,Medellin
1646815519875231771,6.2418,-75.5802,Entire home/apt,Entire rental unit,17,115.6,Medellin
37715686,6.24194,-75.58406,Entire home/apt,Entire rental unit,100,119.16,Medellin
1579848386086461996,6.2147,-75.5716,Private room,Room in boutique hotel,0,150.05,Medellin
671021090066710201,6.22709,-75.48971,Entire home/apt,Treehouse,42,88.0,Medellin
17860262,6.2079,-75.5672,Entire home/apt,Entire rental unit,323,123.8,Medellin
911809466622953238,6.2091,-75.5728,Private room,Room in hotel,0,135.74,Medellin
1337057049436443284,6.209842386957217,-75.56625236547097,Private room,Room in hotel,5,124.34,Medellin
1365413365031483120,6.17495,-75.58697,Entire home/apt,Entire rental unit,20,140.69,Medellin
1696703891751959912,6.1844,-75.5623,Entire home/apt,Entire rental unit,0,150.48,Medellin
24475376,6.2113,-75.5605,Entire home/apt,Entire serviced apartment,34,153.58,Medellin
826180700440485221,6.1986,-75.5621,Private room,Private room,9,125.84,Medellin
36699763,6.2003,-75.5756,Entire home/apt,Entire rental unit,32,122.61,Medellin
955792423892717102,6.19818,-75.57986,Entire home/apt,Entire rental unit,1,162.89,Medellin
22336501,6.19764,-75.56668,Entire home/apt,Entire serviced apartment,32,133.59,Medellin
1174752338677259952,6.14733,-75.61607,Entire home/apt,Entire rental unit,29,138.39,Medellin
893604882507178448,6.213239783840266,-75.57345936015041,Private room,Room in hotel,1,57.0,Medellin
735738839236171496,6.1841,-75.59981,Entire home/apt,Entire serviced apartment,32,42.42,Medellin
1622601336436478249,6.1903,-75.5626,Entire home/apt,Entire rental unit,7,84.14,Medellin
1421748230218178695,6.2087,-75.5641,Private room,Room in hotel,62,179.15,Medellin
1495253657347912278,6.2372,-75.5902,Entire home/apt,Entire serviced apartment,2,184.23,Medellin
29675715,6.2109,-75.5955,Entire home/apt,Entire serviced apartment,34,123.68,Medellin
898162104761322624,6.2442,-75.5915,Private room,Room in hotel,106,100.06,Medellin
1271193969733846661,6.2478,-75.5873,Entire home/apt,Entire rental unit,24,40.53,Medellin
1309568864009332650,6.213,-75.5609,Entire home/apt,Entire rental unit,69,117.96,Medellin
1693020203909538054,6.2279,-75.5915,Entire home/apt,Entire rental unit,3,69.2,Medellin
1259701418589967467,6.2082,-75.5743,Entire home/apt,Entire rental unit,16,117.46,Medellin
594853006971939272,6.2228,-75.59216,Entire home/apt,Entire rental unit,29,64.39,Medellin
24475480,6.2113,-75.5605,Entire home/apt,Entire serviced apartment,59,144.05,Medellin
1300772678016623086,6.2121,-75.5862,Entire home/apt,Entire rental unit,37,70.02,Medellin
1426306001704174647,6.240170502992158,-75.59753982037394,Entire home/apt,Entire rental unit,0,148.79,Medellin
1420419161363651741,6.187,-75.5691,Entire home/apt,Entire rental unit,0,120.7,Medellin
39004997,6.21252,-75.5745,Entire home/apt,Entire rental unit,0,119.2,Medellin
1642900463058211597,6.219553300703034,-75.58210541790866,Entire home/apt,Entire rental unit,31,77.29,Medellin
1619778367009466531,6.213,-75.5715,Private room,Room in hotel,1,121.14,Medellin
1285597442823564286,6.2484,-75.6032,Entire home/apt,Entire rental unit,12,119.02,Medellin
904404272502434259,6.21,-75.5691,Private room,Room in hotel,2,125.14,Medellin
1424880537755441672,6.190082404399266,-75.56171789947281,Entire home/apt,Entire rental unit,56,146.49,Medellin
1497259879043749354,6.2131,-75.5849,Private room,Private room in home,0,122.49,Medellin
1624810473206571592,6.2446,-75.56529,Private room,Room in hotel,0,123.85,Medellin
1059597066250402608,6.2132,-75.5685,Entire home/apt,Entire loft,21,117.4,Medellin
1172787348692818844,6.20986,-75.56573,Entire home/apt,Entire rental unit,52,125.87,Medellin
1553873814634431523,6.343390260176817,-75.59221209288195,Entire home/apt,Entire cabin,0,127.34,Medellin
1557148641859181965,6.2137,-75.5726,Entire home/apt,Entire rental unit,10,116.09,Medellin
1203779045199845681,6.2142,-75.5735,Entire home/apt,Entire rental unit,101,80.77,Medellin
1388379626595260531,6.2092756453480025,-75.58637711423606,Entire home/apt,Entire rental unit,20,72.8,Medellin
1385600780073393744,6.240516603652828,-75.59694951142359,Entire home/apt,Entire rental unit,0,147.01,Medellin
1608831172952094221,6.2498,-75.5897,Entire home/apt,Entire rental unit,0,150.53,Medellin
866205997766621575,6.1994,-75.5956,Entire home/apt,Entire rental unit,20,122.94,Medellin
1538578830594498004,6.2052,-75.5822,Entire home/apt,Entire rental unit,9,79.5,Medellin
841999640230030970,6.2106,-75.5667,Private room,Room in hotel,0,119.94,Medellin
1003727498855191296,6.2453066887967665,-75.58917899541116,Private room,Private room in guesthouse,1,125.14,Medellin
53926056,6.21128,-75.57314,Entire home/apt,Entire loft,65,116.81,Medellin
1405131391670460203,6.21425,-75.57253,Entire home/apt,Entire rental unit,2,122.05,Medellin
1104338317499835501,6.21278,-75.57248,Entire home/apt,Entire rental unit,1,119.2,Medellin
1527652165557604479,6.2106,-75.5667,Private room,Room in hotel,0,152.95,Medellin
1042793927434266580,6.24018,-75.59773,Entire home/apt,Entire rental unit,1,123.29,Medellin
988695965575399507,6.2078,-75.5742,Entire home/apt,Entire loft,61,65.05,Medellin
988543829823547641,6.2082,-75.5743,Entire home/apt,Entire rental unit,91,95.0,Medellin
1030422166537089646,6.22491,-75.56292,Entire home/apt,Entire rental unit,0,125.14,Medellin
619696636117212002,6.19026,-75.56503,Entire home/apt,Entire rental unit,17,120.6,Medellin
54191022,6.19726,-75.57868,Private room,Private room in vacation home,210,63.23,Medellin
1598259897610999222,6.23842,-75.589,Private room,Room in hotel,0,153.02,Medellin
1128219985706841906,6.20021,-75.57238,Entire home/apt,Entire rental unit,0,124.03,Medellin
1552492789800051391,6.207941882876287,-75.57140359521951,Entire home/apt,Entire rental unit,0,150.0,Medellin
52374928,6.211,-75.56764,Entire home/apt,Entire serviced apartment,12,122.94,Medellin
802765122994562860,6.2581,-75.5512,Entire home/apt,Entire rental unit,88,66.77,Medellin
728220563627434300,6.2053,-75.5641,Entire home/apt,Entire rental unit,101,120.3,Medellin
1637861027771190932,6.2124,-75.5657,Entire home/apt,Entire rental unit,8,125.0,Medellin
959498879839532325,6.18923,-75.56572,Entire home/apt,Entire rental unit,82,122.87,Medellin
980341983920899099,6.2583,-75.5927,Entire home/apt,Entire rental unit,67,122.54,Medellin
42808383,6.18988,-75.56463,Entire home/apt,Entire rental unit,128,123.64,Medellin
613259852665533674,6.2143,-75.5733,Entire home/apt,Entire rental unit,117,123.52,Medellin
1714785013725140939,6.208902239621285,-75.56678956771195,Entire home/apt,Entire rental unit,0,123.12,Medellin
1174904823992533397,6.20809,-75.56745,Entire home/apt,Entire rental unit,54,120.6,Medellin
1644693831141771211,6.1905,-75.5627,Entire home/apt,Entire rental unit,4,123.91,Medellin
42470646,6.19038,-75.56528,Entire home/apt,Entire rental unit,107,121.06,Medellin
1274950168036344777,6.2472601757810935,-75.5872730864668,Entire home/apt,Entire rental unit,75,121.91,Medellin
1675554363358881144,6.212508893510091,-75.58887029974395,Entire home/apt,Entire rental unit,0,93.24,Medellin
1227751287212692713,6.2116,-75.5692,Private room,Room in boutique hotel,9,130.79,Medellin
1669764766153421737,6.1905,-75.5627,Entire home/apt,Entire rental unit,4,121.73,Medellin
1632890354624314982,6.1092,-75.5752,Entire home/apt,Entire cabin,6,72.33,Medellin
649794709909446931,6.2568,-75.5804,Private room,Private room in rental unit,84,124.34,Medellin
52215325,6.19822,-75.5787,Entire home/apt,Entire rental unit,163,70.05,Medellin
985040681420330484,6.2076,-75.564,Entire home/apt,Entire rental unit,124,122.26,Medellin
1579049121302962204,6.2691,-75.5937,Private room,Private room in rental unit,8,122.37,Medellin
1448231621553310915,6.2081,-75.5681,Entire home/apt,Entire rental unit,6,121.6,Medellin
30093021,6.18956,-75.56684,Entire home/apt,Entire rental unit,178,120.6,Medellin
1010092499181299242,6.25248,-75.58956,Entire home/apt,Entire serviced apartment,24,121.8,Medellin
1607337758377973856,6.1967,-75.578,Entire home/apt,Entire rental unit,5,120.83,Medellin
652225987463509773,6.1742,-75.5654,Entire home/apt,Entire rental unit,116,124.69,Medellin
673934228305508120,6.2417,-75.5928,Entire home/apt,Entire rental unit,67,127.14,Medellin
1590918440764199849,6.20581,-75.56518,Entire home/apt,Entire rental unit,6,155.4,Medellin
1480324518416429792,6.2075,-75.5737,Entire home/apt,Entire rental unit,10,124.85,Medellin
40000987,6.245,-75.5888,Entire home/apt,Entire rental unit,46,134.17,Medellin
1683447409521183716,6.248,-75.5902,Entire home/apt,Entire rental unit,3,124.42,Medellin
787195176256446670,6.2378,-75.5672,Entire home/apt,Entire condo,28,123.0,Medellin
959458184307654682,6.1906,-75.5663,Entire home/apt,Entire rental unit,82,121.3,Medellin
1189950160462309805,6.2459,-75.5888,Entire home/apt,Entire rental unit,50,131.46,Medellin
1729375785460334576,6.2242,-75.5737,Entire home/apt,Entire rental unit,0,120.2,Medellin
53759868,6.2231,-75.5693,Entire home/apt,Entire rental unit,26,124.19,Medellin
1123930203665741889,6.32265,-75.46324,Entire home/apt,Entire home,1,242.27,Medellin
53197444,6.2096,-75.57178,Entire home/apt,Entire loft,81,122.55,Medellin
1316855225633746516,6.2692,-75.5938,Entire home/apt,Entire rental unit,25,63.7,Medellin
1659492130031070547,6.35369,-75.48619,Entire home/apt,Entire home,3,225.44,Medellin
1182971939781023561,6.2525,-75.5908,Entire home/apt,Entire rental unit,71,65.15,Medellin
1237963646329174178,6.25833,-75.5933,Entire home/apt,Entire rental unit,49,121.49,Medellin
1016193940293801585,6.25103,-75.58926,Private room,Room in hotel,144,72.74,Medellin
1300271431843978362,6.2036,-75.5591,Entire home/apt,Entire rental unit,98,69.93,Medellin
1648651712459640324,6.2443,-75.5586,Entire home/apt,Entire loft,5,82.51,Medellin
44357212,6.21409,-75.56049,Entire home/apt,Entire rental unit,125,119.2,Medellin
954667752239393077,6.2107,-75.5693,Entire home/apt,Entire rental unit,183,73.0,Medellin
1115462004309752458,6.2535,-75.5842,Entire home/apt,Entire serviced apartment,27,68.38,Medellin
1037074354134344473,6.247301798984748,-75.58364900798149,Private room,Private room in home,30,44.64,Medellin
1009931870176912530,6.2528,-75.5905,Entire home/apt,Entire serviced apartment,56,63.8,Medellin
1284313985394002784,6.2517,-75.588,Entire home/apt,Entire rental unit,43,125.5,Medellin
810218995489231535,6.2131,-75.5729,Entire home/apt,Entire rental unit,243,67.8,Medellin
571823200052617263,6.1782,-75.5956,Private room,Private room in rental unit,40,19.36,Medellin
770869407242045161,6.3029,-75.6172,Entire home/apt,Entire cottage,59,126.6,Medellin
1168084189730653795,6.1992,-75.5654,Entire home/apt,Entire loft,141,76.47,Medellin
1140241339629229400,6.20862,-75.57106,Entire home/apt,Entire rental unit,10,123.0,Medellin
1419906688958997445,6.2467,-75.5934,Private room,Room in hotel,2,122.96,Medellin
970617735059719261,6.18715,-75.57494,Entire home/apt,Entire rental unit,17,124.62,Medellin
1622589534190423506,6.240146338603769,-75.5832609395896,Entire home/apt,Entire rental unit,7,119.71,Medellin
21657022,6.17437,-75.57634,Private room,Private room in cottage,110,21.25,Medellin
51142319,6.18964,-75.56613,Entire home/apt,Entire rental unit,125,124.4,Medellin
861511903058129456,6.2449,-75.5888,Private room,Room in boutique hotel,3,120.2,Medellin
1399319616138368060,6.24363112357974,-75.58153183729273,Entire home/apt,Entire rental unit,23,120.6,Medellin
1501158122347296352,6.175611297400891,-75.57567980586965,Entire home/apt,Entire condo,8,101.86,Medellin
1537050818683959650,6.20612,-75.56514,Entire home/apt,Entire rental unit,14,119.79,Medellin
1007821577762003065,6.2208,-75.583,Entire home/apt,Entire home,87,134.22,Medellin
1046346571755752120,6.2115,-75.5692,Private room,Room in boutique hotel,25,130.79,Medellin
1687023715859799055,6.1905,-75.5627,Entire home/apt,Entire rental unit,0,122.7,Medellin
1511834293960170535,6.21228,-75.5719,Private room,Room in hotel,2,123.21,Medellin
1432595676720362422,6.2105,-75.5648,Entire home/apt,Entire rental unit,24,124.0,Medellin
1174039647628842410,6.20961,-75.56973,Entire home/apt,Entire rental unit,33,123.0,Medellin
1505335847428602013,6.2105,-75.5724,Entire home/apt,Entire rental unit,17,132.0,Medellin
1426261102596409433,6.2487,-75.5961,Entire home/apt,Entire rental unit,40,123.03,Medellin
1346380599193660970,6.244181084958578,-75.59248417826672,Entire home/apt,Entire rental unit,25,150.0,Medellin
24475693,6.2113,-75.5605,Entire home/apt,Entire serviced apartment,43,152.28,Medellin
6247434,6.2062,-75.5654,Entire home/apt,Entire serviced apartment,114,125.0,Medellin
1603610670222262561,6.20881,-75.5653,Entire home/apt,Entire rental unit,8,124.38,Medellin
826183087082546115,6.1986,-75.5621,Private room,Private room,32,125.76,Medellin
976696636228085735,6.2627,-75.5941,Entire home/apt,Entire rental unit,11,124.8,Medellin
563952236920205017,6.175,-75.59019,Entire home/apt,Entire rental unit,155,119.42,Medellin
1700889304466158912,6.20879,-75.5671,Private room,Room in hotel,0,148.89,Medellin
1106810373891959352,6.1965,-75.6263,Entire home/apt,Entire cabin,4,119.59,Medellin
1473433893804137920,6.2073,-75.5736,Entire home/apt,Entire rental unit,12,120.28,Medellin
612866915421013358,6.2003,-75.5755,Entire home/apt,Entire rental unit,22,124.78,Medellin
1578637711987942623,6.2107,-75.5688,Entire home/apt,Entire home,12,240.02,Medellin
24177265,6.211304,-75.560532,Hotel room,Room in serviced apartment,21,153.51,Medellin
1540888698973849585,6.246333232065449,-75.55659336232809,Entire home/apt,Entire rental unit,16,122.84,Medellin
1600925098593782648,6.36247,-75.49866,Entire home/apt,Entire cabin,2,123.15,Medellin
1692274406058729475,6.217903792103388,-75.56232153173683,Entire home/apt,Entire rental unit,6,122.4,Medellin
775546281608907046,6.21599,-75.56796,Entire home/apt,Entire rental unit,55,86.81,Medellin
1199486500313096411,6.2003,-75.5755,Entire home/apt,Entire rental unit,3,164.4,Medellin
983648381397410117,6.20189,-75.57274,Private room,Room in hotel,2,124.98,Medellin
1470532821507494262,6.2461,-75.5816,Entire home/apt,Entire rental unit,37,69.93,Medellin
645770320758589053,6.2467,-75.5552,Entire home/apt,Entire serviced apartment,32,119.31,Medellin
1467399731993662114,6.21,-75.5653,Entire home/apt,Entire rental unit,51,143.2,Medellin
1397478424773226634,6.2458,-75.5845,Entire home/apt,Entire rental unit,26,67.08,Medellin
1340767176632763577,6.239395868425571,-75.59582511647731,Entire home/apt,Entire rental unit,35,76.4,Medellin
780361101359523603,6.2351,-75.5988,Entire home/apt,Entire home,111,172.62,Medellin
1721497966294632848,6.2491,-75.5584,Entire home/apt,Entire rental unit,0,32.25,Medellin
1391646530780852370,6.1801,-75.5647,Entire home/apt,Entire loft,12,79.0,Medellin
1206499969880401405,6.2432,-75.5558,Entire home/apt,Entire rental unit,32,31.21,Medellin
1622543287049647073,6.262380757778139,-75.56348396241681,Entire home/apt,Entire rental unit,16,88.25,Medellin
1557599025801158048,6.2475,-75.5951,Entire home/apt,Entire rental unit,25,149.86,Medellin
53710693,6.1978,-75.57,Entire home/apt,Entire loft,301,91.22,Medellin
1184107344853114107,6.2525,-75.5864,Entire home/apt,Entire loft,101,72.11,Medellin
33747951,6.2448,-75.5913,Private room,Private room in home,95,24.0,Medellin
1599349983836111104,6.2084,-75.5679,Entire home/apt,Entire rental unit,21,97.31,Medellin
50179624,6.24176,-75.59606,Entire home/apt,Entire rental unit,206,73.6,Medellin
1122784427414494792,6.14591,-75.61375,Private room,Private room in rental unit,49,24.35,Medellin
1570532760459464638,6.2412,-75.5846,Entire home/apt,Entire condo,15,96.6,Medellin
50177310,6.21363,-75.57316,Entire home/apt,Entire rental unit,254,72.0,Medellin
1457997032336525009,6.253,-75.5884,Entire home/apt,Entire rental unit,19,79.0,Medellin
1479622671300795179,6.2485,-75.5935,Entire home/apt,Entire rental unit,10,63.63,Medellin
761705170479112191,6.37929,-75.49549,Entire home/apt,Entire villa,79,456.41,Medellin
1620325493365273319,6.2428,-75.586,Entire home/apt,Entire rental unit,5,72.7,Medellin
1095201448214077199,6.2105,-75.5648,Entire home/apt,Entire rental unit,50,113.17,Medellin
4871856,6.21225,-75.56214,Entire home/apt,Entire rental unit,210,80.74,Medellin
1442019070930240872,6.193906572033225,-75.57177849805525,Entire home/apt,Entire rental unit,0,165.62,Medellin
1575387080830207406,6.396033074801499,-75.46139946175606,Entire home/apt,Entire home,5,281.31,Medellin
1143599983259655905,6.17405,-75.43623,Entire home/apt,Entire rental unit,48,224.78,Medellin
1689322370470812471,6.2055,-75.4983,Entire home/apt,Entire cabin,0,150.48,Medellin
1115913197462853938,6.24173,-75.59302,Private room,Room in hotel,0,150.77,Medellin
1350153139714310886,6.240217490177848,-75.58636319025364,Entire home/apt,Entire home,55,319.79,Medellin
904225583524423795,6.20942,-75.56739,Entire home/apt,Entire rental unit,48,123.16,Medellin
1566952138937142906,6.2412,-75.602,Entire home/apt,Entire rental unit,35,83.72,Medellin
1625784259526829337,6.24,-75.5967,Entire home/apt,Entire rental unit,7,55.09,Medellin
589088258853204914,6.25644,-75.59701,Entire home/apt,Entire loft,242,66.58,Medellin
48542536,6.2384,-75.5964,Entire home/apt,Entire rental unit,181,86.6,Medellin
39034629,6.2409,-75.5845,Entire home/apt,Entire rental unit,133,71.4,Medellin
1215942811904814004,6.214,-75.5607,Entire home/apt,Entire rental unit,39,68.6,Medellin
858633835912137268,6.2016,-75.5693,Entire home/apt,Entire loft,229,76.14,Medellin
970420625229012605,6.22224,-75.58902,Entire home/apt,Entire rental unit,5,108.0,Medellin
888576225971182220,6.24411,-75.55853,Entire home/apt,Entire rental unit,96,67.46,Medellin
1249437302365514997,6.241,-75.59778,Entire home/apt,Entire rental unit,142,86.3,Medellin
1642775636342754257,6.2411,-75.602,Entire home/apt,Entire rental unit,10,56.93,Medellin
1228436406177233769,6.26041,-75.59939,Entire home/apt,Entire rental unit,26,45.17,Medellin
1670385188914456424,6.14437001343616,-75.61346003282054,Entire home/apt,Entire rental unit,1,169.2,Medellin
1216060911043292891,6.2363,-75.588,Private room,Private room in rental unit,65,45.57,Medellin
699391150015817710,6.2593,-75.6093,Entire home/apt,Entire condo,25,45.66,Medellin
1567773839831738929,6.2438,-75.6057,Entire home/apt,Entire rental unit,25,51.38,Medellin
1701694333740409194,6.241749791847501,-75.59763414669139,Entire home/apt,Entire rental unit,1,51.43,Medellin
667426039433551221,6.2071,-75.55527,Entire home/apt,Entire rental unit,165,108.8,Medellin
1553092440811148681,6.1851,-75.5797,Entire home/apt,Entire rental unit,9,67.6,Medellin
789319655611863375,6.24455,-75.55984,Entire home/apt,Entire rental unit,87,67.44,Medellin
585719045432492219,6.2082,-75.5743,Entire home/apt,Entire condo,182,106.45,Medellin
1649583593771667459,6.24866,-75.59674,Entire home/apt,Entire rental unit,12,43.73,Medellin
1521626245060608821,6.2584,-75.6028,Entire home/apt,Entire rental unit,15,63.88,Medellin
1460413015232639167,6.2597,-75.5983,Entire home/apt,Entire rental unit,34,48.11,Medellin
1500373196358941127,6.244518178604025,-75.61085384227927,Entire home/apt,Entire rental unit,21,81.13,Medellin
1311626373155773583,6.251281090482524,-75.61048423079808,Entire home/apt,Entire home,13,47.84,Medellin
1475433812148793222,6.257,-75.613,Entire home/apt,Entire rental unit,2,80.34,Medellin
1718616682165020209,6.2121,-75.5721,Entire home/apt,Entire loft,1,107.01,Medellin
659319348994548038,6.20537,-75.56697,Entire home/apt,Entire serviced apartment,91,108.89,Medellin
1239780954319324499,6.2442,-75.6121,Private room,Room in hotel,144,104.14,Medellin
42438566,6.24891,-75.59457,Entire home/apt,Entire serviced apartment,150,82.9,Medellin
1633500595461069194,6.25155,-75.60231,Entire home/apt,Entire rental unit,12,73.75,Medellin
1420364485346231390,6.220998762684973,-75.57845235244103,Entire home/apt,Entire rental unit,26,154.86,Medellin
1650156543804335366,6.15973,-75.59429,Entire home/apt,Entire rental unit,4,135.13,Medellin
1543155188886970025,6.2412,-75.602,Entire home/apt,Entire rental unit,28,48.92,Medellin
1160917528422105253,6.23448,-75.49913,Entire home/apt,Entire cabin,32,137.4,Medellin
1562509746967429893,6.21369,-75.56149,Entire home/apt,Entire rental unit,13,114.73,Medellin
855883179509922452,6.2486,-75.6012,Entire home/apt,Entire loft,41,91.25,Medellin
1540927089752194910,6.208,-75.5663,Private room,Room in hotel,19,139.28,Medellin
1313114060326806123,6.2609,-75.5926,Entire home/apt,Entire rental unit,7,156.18,Medellin
618095113634958883,6.1899,-75.565,Entire home/apt,Entire serviced apartment,192,111.6,Medellin
826047294787677781,6.1986,-75.5621,Private room,Private room,3,146.24,Medellin
26916450,6.3864,-75.4875,Entire home/apt,Entire home,67,117.77,Medellin
18753902,6.19945,-75.56843,Entire home/apt,Entire rental unit,50,154.41,Medellin
1526251076098490589,6.2389,-75.586,Private room,Room in hotel,0,136.41,Medellin
23103937,6.25366,-75.5519,Entire home/apt,Casa particular,69,40.86,Medellin
1306444677090353711,6.2605,-75.5556,Entire home/apt,Entire rental unit,39,59.99,Medellin
1594200758034127569,6.2559,-75.5539,Entire home/apt,Entire rental unit,19,39.34,Medellin
1265224562400957638,6.1742,-75.5914,Entire home/apt,Entire rental unit,40,138.0,Medellin
872321811497711781,6.1908,-75.5661,Entire home/apt,Entire rental unit,78,139.38,Medellin
24474351,6.2113,-75.5605,Entire home/apt,Entire serviced apartment,47,165.9,Medellin
1379039183346497639,6.24101,-75.59621,Entire home/apt,Entire rental unit,4,140.6,Medellin
26148244,6.19771,-75.56784,Entire home/apt,Entire rental unit,16,145.54,Medellin
47816224,6.11717,-75.5088,Private room,Private room in dome,27,231.44,Medellin
1280432248244809338,6.2004,-75.5757,Entire home/apt,Entire rental unit,28,166.0,Medellin
18157969,6.19844,-75.56772,Entire home/apt,Entire rental unit,59,155.15,Medellin
30642147,6.20845,-75.56791,Hotel room,Room in aparthotel,43,141.25,Medellin
1512538283048792656,6.25812,-75.61265,Entire home/apt,Entire rental unit,4,57.61,Medellin
53972509,6.24758,-75.58978,Entire home/apt,Entire rental unit,62,135.81,Medellin
663929591137872728,6.2126,-75.5702,Entire home/apt,Entire rental unit,76,58.4,Medellin
989332717182837770,6.2417,-75.5928,Entire home/apt,Entire loft,124,58.6,Medellin
1591674349415414759,6.1565,-75.5909,Entire home/apt,Entire rental unit,0,140.59,Medellin
1144580972474120793,6.24752,-75.59776,Entire home/apt,Entire loft,73,68.87,Medellin
1136460264818174629,6.2003,-75.5667,Entire home/apt,Entire rental unit,64,58.47,Medellin
44647950,6.198,-75.5702,Entire home/apt,Entire loft,547,58.05,Medellin
1724220294790892850,6.2432,-75.5601,Entire home/apt,Entire rental unit,0,30.77,Medellin
1634858154311088477,6.2471,-75.5915,Private room,Private room in rental unit,5,28.2,Medellin
1526150470006676779,6.2522,-75.5907,Entire home/apt,Entire rental unit,10,58.5,Medellin
43179909,6.24664,-75.58868,Entire home/apt,Entire serviced apartment,204,62.16,Medellin
1103824789177234647,6.2526,-75.5864,Entire home/apt,Entire loft,165,58.82,Medellin
1258816402818137733,6.2473,-75.5864,Entire home/apt,Entire rental unit,83,58.78,Medellin
1657960511471647799,6.241960176624461,-75.59944321632307,Entire home/apt,Entire rental unit,0,378.19,Medellin
1484876595499378785,6.2438,-75.5834,Entire home/apt,Entire loft,33,58.1,Medellin
1274907250807649855,6.2388,-75.5955,Entire home/apt,Entire loft,36,58.66,Medellin
783970022751586355,6.21433,-75.56515,Entire home/apt,Entire rental unit,91,138.16,Medellin
32282336,6.2058,-75.5645,Entire home/apt,Entire serviced apartment,181,333.26,Medellin
709498216942736450,6.20987,-75.56427,Entire home/apt,Entire vacation home,19,284.6,Medellin
732772935667936169,6.196,-75.57761,Entire home/apt,Entire condo,151,80.37,Medellin
1464491458352652791,6.23041,-75.60606,Entire home/apt,Entire rental unit,25,61.75,Medellin
52266193,6.24437,-75.58777,Entire home/apt,Entire serviced apartment,120,84.51,Medellin
1049331038946662125,6.2089,-75.5713,Private room,Room in hotel,0,368.05,Medellin
1331964249950548756,6.1109,-75.5835,Entire home/apt,Entire home,0,247.2,Medellin
6245979,6.2062,-75.5654,Entire home/apt,Entire serviced apartment,55,226.0,Medellin
48787114,6.2812,-75.4612,Entire home/apt,Entire cabin,106,119.67,Medellin
650924440005862262,6.21011,-75.56811,Entire home/apt,Entire serviced apartment,100,298.2,Medellin
1199585587787332398,6.282,-75.5782,Private room,Private room in serviced apartment,65,24.66,Medellin
908882125560772868,6.21212,-75.56348,Private room,Private room in bed and breakfast,1,125.14,Medellin
770482594301025255,6.26043,-75.5981,Entire home/apt,Entire serviced apartment,67,58.83,Medellin
1419695627297373188,6.187,-75.5691,Entire home/apt,Entire rental unit,6,290.23,Medellin
1057317339558142363,6.214,-75.5607,Entire home/apt,Entire rental unit,91,51.4,Medellin
1411284698004194758,6.2345,-75.5927,Entire home/apt,Entire rental unit,20,108.97,Medellin
1394854615183363361,6.2428,-75.5861,Entire home/apt,Entire rental unit,44,58.53,Medellin
1605426491359281814,6.2278,-75.5667,Private room,Private room in rental unit,0,146.63,Medellin
1727837255125614132,6.2455,-75.593,Private room,Private room in guesthouse,0,58.94,Medellin
38268627,6.31656,-75.56253,Entire home/apt,Entire condo,57,58.49,Medellin
33715635,6.21526,-75.56234,Hotel room,Room in bed and breakfast,16,155.94,Medellin
907302669717074782,6.2123,-75.5703,Entire home/apt,Entire rental unit,136,71.42,Medellin
1480437797099075959,6.2400103476367415,-75.48438784777147,Entire home/apt,Entire cabin,17,58.2,Medellin
1311685190533643653,6.2072264194739315,-75.56476041931506,Entire home/apt,Entire rental unit,60,155.49,Medellin
1495237644675058125,6.2372,-75.5902,Entire home/apt,Entire serviced apartment,2,184.23,Medellin
1169037589558119962,6.2593,-75.5924,Entire home/apt,Entire home,107,218.41,Medellin
929890723917936957,6.2133,-75.5647,Entire home/apt,Entire rental unit,195,172.0,Medellin
1553101231082752426,6.23884,-75.59806,Private room,Private room in home,28,25.31,Medellin
1231902024200064680,6.247,-75.5883,Private room,Room in hotel,0,68.08,Medellin
47548966,6.20293,-75.56181,Private room,Room in boutique hotel,98,119.77,Medellin
1364768439157459491,6.1715,-75.4279,Entire home/apt,Entire guesthouse,1,54.9,Medellin
1603874040920137327,6.2353,-75.5835,Entire home/apt,Entire rental unit,3,55.95,Medellin
668317750533246314,6.23852,-75.58349,Entire home/apt,Entire serviced apartment,2,55.65,Medellin
1579217263213186504,6.246,-75.5905,Entire home/apt,Entire rental unit,3,54.0,Medellin
1560716878176344929,6.2371,-75.5855,Entire home/apt,Entire rental unit,5,55.49,Medellin
903543594507270269,6.18762,-75.56855,Entire home/apt,Entire rental unit,1,147.3,Medellin
1665974164239351007,6.2519,-75.5872,Entire home/apt,Entire rental unit,2,70.57,Medellin
1690625091067189163,6.23335,-75.59152,Private room,Private room in home,2,54.5,Medellin
19760017,6.22203,-75.58286,Entire home/apt,Entire rental unit,44,55.57,Medellin
866704110504598084,6.21341,-75.59426,Entire home/apt,Entire rental unit,22,54.36,Medellin
1184093525780688562,6.2525,-75.5864,Entire home/apt,Entire loft,105,54.5,Medellin
1436439945378496560,6.230115609883253,-75.60535255035364,Entire home/apt,Entire rental unit,46,67.53,Medellin
1561301412728803170,6.255939587627496,-75.59957615058373,Entire home/apt,Entire rental unit,26,54.69,Medellin
1221216914229295806,6.24485,-75.60233,Entire home/apt,Entire rental unit,94,55.91,Medellin
46673646,6.2064,-75.5876,Entire home/apt,Entire home,29,66.15,Medellin
1331282119513202011,6.25411,-75.6008,Entire home/apt,Entire rental unit,35,54.05,Medellin
1461110539414898652,6.1732,-75.6298,Entire home/apt,Entire rental unit,0,55.57,Medellin
838594637553581551,6.268,-75.596,Entire home/apt,Entire rental unit,1,55.94,Medellin
1179174585343693397,6.2153,-75.5708,Entire home/apt,Entire rental unit,69,191.65,Medellin
1376411978160384965,6.2401,-75.5967,Entire home/apt,Entire condo,38,123.44,Medellin
1668325366551992299,6.210029852536494,-75.57210135465459,Private room,Private room in rental unit,2,126.75,Medellin
1150371730425245990,6.2525,-75.5863,Entire home/apt,Entire loft,111,57.46,Medellin
1505879216031111113,6.1992,-75.5596,Entire home/apt,Entire rental unit,1,119.32,Medellin
1135631571210301920,6.2524,-75.5863,Entire home/apt,Entire loft,119,57.46,Medellin
52878605,6.20717,-75.5643,Entire home/apt,Entire serviced apartment,76,100.11,Medellin
1261912948033420079,6.239091141336168,-75.59786016572616,Entire home/apt,Entire condo,60,54.8,Medellin
1426152712992531200,6.232321640080137,-75.60383673501686,Entire home/apt,Entire rental unit,21,54.7,Medellin
1222561079321616060,6.2087,-75.5871,Entire home/apt,Entire rental unit,65,55.94,Medellin
1687010240575596969,6.200640974737371,-75.56525526395683,Private room,Room in hotel,0,103.35,Medellin
725377762859150510,6.2015,-75.5688,Entire home/apt,Entire rental unit,116,101.2,Medellin
1435583283310863644,6.22,-75.5821,Entire home/apt,Entire rental unit,0,101.36,Medellin
1248877478694495529,6.2503,-75.5933,Private room,Room in hotel,64,54.52,Medellin
54144812,6.20808,-75.56718,Entire home/apt,Entire loft,56,107.48,Medellin
1536444882829725969,6.2508,-75.5915,Entire home/apt,Entire rental unit,53,101.7,Medellin
1699790786100725425,6.2455,-75.5989,Entire home/apt,Entire rental unit,0,83.25,Medellin
54160146,6.22074,-75.50298,Entire home/apt,Entire place,5,99.83,Medellin
1354497199464297625,6.1566,-75.6091,Entire home/apt,Entire rental unit,0,79.89,Medellin
1681275080683403627,6.21483,-75.57244,Entire home/apt,Entire home,0,120.0,Medellin
1645900002570218542,6.2562,-75.5854,Entire home/apt,Entire rental unit,7,78.23,Medellin
1436278354536348842,6.1724,-75.5918,Private room,Room in hotel,0,124.16,Medellin
1213202628902585538,6.2283,-75.6232,Entire home/apt,Entire rental unit,0,103.05,Medellin
50499040,6.2448,-75.592,Entire home/apt,Entire loft,76,54.63,Medellin
614689897997341070,6.15029,-75.60957,Entire home/apt,Entire rental unit,15,101.58,Medellin
1149696573809917944,6.22256,-75.57491,Entire home/apt,Entire rental unit,1,83.52,Medellin
1440580547426848292,6.2359,-75.5966,Entire home/apt,Entire rental unit,11,100.96,Medellin
1541600734645856135,6.1719,-75.5922,Entire home/apt,Entire rental unit,16,100.91,Medellin
1178132806825878868,6.1964,-75.64269,Entire home/apt,Entire cabin,0,124.55,Medellin
1710986475185628954,6.2659,-75.5649,Private room,Room in hotel,0,54.47,Medellin
907518486271778480,6.2443,-75.5835,Entire home/apt,Entire rental unit,87,54.37,Medellin
9940486,6.25145,-75.59143,Entire home/apt,Entire home,65,54.99,Medellin
592687720279998197,6.2016,-75.5693,Entire home/apt,Entire loft,280,60.58,Medellin
1325560567467491401,6.21554,-75.58632,Private room,Private room in serviced apartment,4,101.96,Medellin
1636610297044793593,6.248373421993215,-75.59505751151202,Entire home/apt,Entire rental unit,0,126.73,Medellin
41558735,6.24285,-75.60079,Entire home/apt,Entire home,205,99.52,Medellin
1473327384037358532,6.238727749729343,-75.5961242920498,Entire home/apt,Entire rental unit,0,120.32,Medellin
976170399779733043,6.2507,-75.5627,Private room,Room in hotel,0,99.19,Medellin
1360490962038193474,6.2131,-75.5839,Entire home/apt,Entire rental unit,10,102.32,Medellin
1184075996590862509,6.2525,-75.5864,Entire home/apt,Entire loft,100,54.5,Medellin
935453320461224235,6.2324,-75.5932,Entire home/apt,Entire rental unit,59,54.14,Medellin
1615303196368087157,6.2156,-75.5707,Entire home/apt,Entire rental unit,0,101.8,Medellin
1482123227661617458,6.2279,-75.56155,Entire home/apt,Entire rental unit,32,101.58,Medellin
1257300768632350275,6.2468497649885615,-75.58599170610768,Entire home/apt,Entire rental unit,31,54.0,Medellin
1389510654652322908,6.2519,-75.5967,Private room,Room in hotel,0,124.55,Medellin
46816936,6.2456,-75.5903,Entire home/apt,Entire rental unit,11,82.79,Medellin
1572191802576122135,6.1702,-75.6084,Entire home/apt,Entire rental unit,12,54.92,Medellin
47329343,6.2456,-75.5903,Entire home/apt,Entire rental unit,12,82.79,Medellin
47898969,6.19224,-75.57481,Entire home/apt,Entire rental unit,173,57.51,Medellin
1406541477943192972,6.32689,-75.56806,Entire home/apt,Entire rental unit,29,54.65,Medellin
1266762936773777346,6.209222723240177,-75.56767211359784,Entire home/apt,Entire rental unit,26,101.24,Medellin
1450985541865952302,6.2438,-75.5833,Entire home/apt,Entire rental unit,86,63.2,Medellin
700033192028671776,6.1777,-75.5865,Entire home/apt,Entire rental unit,113,66.4,Medellin
1637776786877338039,6.261536920002182,-75.59682607561952,Entire home/apt,Entire rental unit,1,55.65,Medellin
1086938566998497438,6.2731,-75.5827,Entire home/apt,Entire rental unit,47,62.65,Medellin
860057809719455687,6.31367,-75.49167,Entire home/apt,Treehouse,1,99.75,Medellin
1729926143580767037,6.17053,-75.58721,Entire home/apt,Entire rental unit,0,56.87,Medellin
1592286989418095933,6.2485016324968825,-75.59496560542684,Entire home/apt,Entire rental unit,0,126.73,Medellin
1062277375651067173,6.2751,-75.5829,Entire home/apt,Entire rental unit,16,56.51,Medellin
1630490973657959231,6.2398,-75.581,Private room,Private room in bed and breakfast,1,70.36,Medellin
37714937,6.24111,-75.58353,Entire home/apt,Entire loft,42,56.65,Medellin
54167243,6.20732,-75.57353,Entire home/apt,Entire loft,38,80.23,Medellin
1031741220812433488,6.2528,-75.5905,Entire home/apt,Entire serviced apartment,37,56.43,Medellin
1144274598638989417,6.24152,-75.58639,Entire home/apt,Entire rental unit,64,56.84,Medellin
45869789,6.198,-75.5702,Entire home/apt,Entire loft,383,56.98,Medellin
1214671840327186850,6.1992,-75.5654,Entire home/apt,Entire loft,100,56.36,Medellin
968882198947167200,6.2444,-75.5885,Entire home/apt,Entire rental unit,279,61.11,Medellin
23342861,6.24142,-75.56292,Entire home/apt,Entire rental unit,163,57.35,Medellin
49087518,6.21064,-75.56894,Entire home/apt,Room in aparthotel,83,100.82,Medellin
26385725,6.2109,-75.5955,Entire home/apt,Entire serviced apartment,15,100.63,Medellin
1258125582387256265,6.2473,-75.5863,Entire home/apt,Entire rental unit,57,56.14,Medellin
547108447862555715,6.2456,-75.5903,Entire home/apt,Entire rental unit,25,82.79,Medellin
1694357224911138033,6.1905,-75.5627,Entire home/apt,Entire rental unit,2,99.8,Medellin
1178568320035137589,6.25871,-75.59536,Entire home/apt,Entire rental unit,85,101.34,Medellin
1427451355747488350,6.2325,-75.6031,Entire home/apt,Entire rental unit,23,76.45,Medellin
1553151069029162611,6.259421212892262,-75.59187798876175,Entire home/apt,Entire rental unit,21,56.2,Medellin
1303788159726504488,6.1669,-75.592,Entire home/apt,Entire home,34,111.84,Medellin
1260207778069893317,6.2525,-75.5866,Entire home/apt,Entire loft,79,100.18,Medellin
1314075843577070640,6.2557,-75.5968,Entire home/apt,Entire rental unit,4,112.57,Medellin
1353787224807499324,6.252,-75.5903,Entire home/apt,Entire rental unit,5,100.21,Medellin
1143865360858746002,6.1992,-75.5654,Entire home/apt,Entire loft,158,60.25,Medellin
1243542114356752284,6.2535,-75.5841,Entire home/apt,Entire serviced apartment,45,56.3,Medellin
1727145480177914804,6.2413,-75.607,Private room,Room in hotel,0,68.99,Medellin
1687223726396359757,6.248,-75.5902,Entire home/apt,Entire rental unit,1,56.75,Medellin
1151410939484593475,6.1839,-75.577,Entire home/apt,Entire loft,99,59.67,Medellin
1188381907638240455,6.22401,-75.49121,Entire home/apt,Entire home,10,110.56,Medellin
1143427625862415165,6.23752,-75.59703,Entire home/apt,Entire loft,66,100.69,Medellin
1675616616616598997,6.211389877857823,-75.56974075742517,Entire home/apt,Entire rental unit,1,101.8,Medellin
1137836239921269515,6.17211,-75.56747,Entire home/apt,Dome,35,99.32,Medellin
50193974,6.21236,-75.5734,Entire home/apt,Entire rental unit,271,99.0,Medellin
1178312058506060859,6.2155,-75.5726,Private room,Room in hotel,125,99.01,Medellin
737872537298563222,6.1706,-75.5845,Entire home/apt,Entire condo,46,100.0,Medellin
875984972320517521,6.24359,-75.58346,Entire home/apt,Entire rental unit,147,125.2,Medellin
1178585174463618631,6.25868,-75.59341,Entire home/apt,Entire rental unit,79,100.79,Medellin
1501626873023302576,6.2438,-75.5836,Entire home/apt,Entire rental unit,3,156.33,Medellin
52658742,6.14962,-75.61642,Entire home/apt,Entire condo,21,118.73,Medellin
1150359927578534431,6.2524,-75.5864,Entire home/apt,Entire loft,79,101.71,Medellin
567468319750776939,6.25176,-75.51562,Entire home/apt,Earthen home,14,103.05,Medellin
1160432958956443066,6.21144,-75.56581,Entire home/apt,Entire rental unit,107,143.17,Medellin
1404452059239426871,6.2274,-75.5831,Entire home/apt,Entire rental unit,31,54.82,Medellin
1598904375259778632,6.2271,-75.5613,Entire home/apt,Entire rental unit,3,54.66,Medellin
866883340134833564,6.2442,-75.5823,Entire home/apt,Entire rental unit,170,126.2,Medellin
1471404203499927196,6.2453,-75.5623,Entire home/apt,Entire rental unit,3,101.67,Medellin
1131342709207728026,6.2525,-75.5864,Entire home/apt,Entire loft,148,99.41,Medellin
1198083029131593353,6.1894,-75.56584,Entire home/apt,Entire rental unit,29,99.0,Medellin
1689493994923937108,6.2336,-75.5923,Private room,Private room in home,3,54.64,Medellin
51427383,6.24755,-75.5912,Entire home/apt,Entire rental unit,30,58.84,Medellin
1565411294218229542,6.225210308662284,-75.5633773363696,Entire home/apt,Entire rental unit,9,103.78,Medellin
1285505061000138998,6.1618,-75.5817,Entire home/apt,Entire rental unit,1,55.46,Medellin
1639293009590803133,6.190697344475212,-75.56240363095031,Entire home/apt,Entire rental unit,6,102.0,Medellin
1461171702409070473,6.17257,-75.63094,Entire home/apt,Entire rental unit,5,56.03,Medellin
1626450235836001821,6.2539,-75.597,Entire home/apt,Entire rental unit,1,45.67,Medellin
1363972462559065190,6.2345,-75.595,Private room,Room in hotel,0,67.61,Medellin
939759375026661624,6.25615,-75.60834,Entire home/apt,Entire rental unit,62,55.79,Medellin
1690634312311016536,6.2343119282430575,-75.59292581687956,Private room,Private room in home,1,54.05,Medellin
1522109018175557940,6.163,-75.5742,Entire home/apt,Entire rental unit,28,99.0,Medellin
1254414363120235473,6.2124,-75.5744,Private room,Room in hotel,0,67.69,Medellin
1150354172287604585,6.2525,-75.5863,Entire home/apt,Entire loft,173,99.41,Medellin
1447888823693606512,6.2473,-75.5647,Private room,Room in hotel,0,67.53,Medellin
1685512528682794644,6.2469,-75.5917,Private room,Room in hotel,0,68.38,Medellin
1082916160474246425,6.16558,-75.46967,Private room,Private room in cabin,1,55.57,Medellin
1431935362980470436,6.24737,-75.55944,Entire home/apt,Entire rental unit,12,108.2,Medellin
1116070333783404519,6.2524,-75.5864,Entire home/apt,Entire loft,185,99.41,Medellin
1121146046802316274,6.2525,-75.5863,Entire home/apt,Entire loft,111,100.18,Medellin
1379062123595187914,6.1822,-75.576,Entire home/apt,Entire rental unit,16,99.34,Medellin
42361841,6.24798,-75.59334,Entire home/apt,Entire serviced apartment,145,99.33,Medellin
1317042836633933865,6.257823488628905,-75.6137022694454,Entire home/apt,Entire loft,9,54.47,Medellin
53146126,6.17445,-75.59242,Entire home/apt,Entire serviced apartment,101,100.4,Medellin
1681873478705894483,6.2432,-75.5558,Entire home/apt,Entire rental unit,0,66.66,Medellin
53493780,6.2448,-75.592,Private room,Room in aparthotel,6,54.63,Medellin
1213796334835550046,6.199993073085592,-75.58727101579748,Entire home/apt,Entire rental unit,16,54.1,Medellin
1513016566781670011,6.171838251835111,-75.43101532719682,Entire home/apt,Entire home,0,140.45,Medellin
1433018820401043588,6.2585,-75.601,Private room,Private room in guesthouse,5,55.57,Medellin
771048405650071567,6.2402,-75.5886,Private room,Room in hotel,3,54.36,Medellin
908662296188161165,6.21508,-75.57214,Private room,Room in hotel,36,58.77,Medellin
49912554,6.24594,-75.59491,Entire home/apt,Entire rental unit,51,55.76,Medellin
23249311,6.16583,-75.5903,Entire home/apt,Entire rental unit,68,54.56,Medellin
33563708,6.18319,-75.57761,Entire home/apt,Entire rental unit,7,54.47,Medellin
847079675966684999,6.23803,-75.58704,Private room,Private room in loft,26,100.49,Medellin
14322483,6.191,-75.581,Entire home/apt,Entire rental unit,180,54.33,Medellin
1162638546971991511,6.26088,-75.58935,Entire home/apt,Entire rental unit,1,55.94,Medellin
1279025234217486887,6.2065,-75.5654,Private room,Room in hotel,11,54.15,Medellin
897936752987559058,6.1664,-75.6192,Entire home/apt,Entire rental unit,30,42.96,Medellin
1614744026042065801,6.2418,-75.5869,Entire home/apt,Entire rental unit,0,66.68,Medellin
757489624580608447,6.20323,-75.56023,Entire home/apt,Entire serviced apartment,19,54.18,Medellin
30851694,6.24438,-75.60677,Entire home/apt,Entire rental unit,61,54.47,Medellin
1097292321892787098,6.248,-75.5966,Entire home/apt,Entire rental unit,6,54.36,Medellin
1577698341791008213,6.215,-75.5725,Entire home/apt,Entire home,7,100.57,Medellin
947927594699007449,6.2571,-75.5991,Entire home/apt,Entire rental unit,42,101.37,Medellin
560894834142908819,6.2075,-75.56458,Entire home/apt,Entire rental unit,197,59.0,Medellin
1604616942273328655,6.24782,-75.59349,Entire home/apt,Entire rental unit,20,78.82,Medellin
620839179747452949,6.2142,-75.5734,Entire home/apt,Entire rental unit,118,101.16,Medellin
53825345,6.2078,-75.56591,Entire home/apt,Entire serviced apartment,43,100.11,Medellin
1348681618706876001,6.2054,-75.5835,Entire home/apt,Entire home,16,55.93,Medellin
1436876567414888810,6.23163,-75.60674,Entire home/apt,Entire rental unit,12,58.09,Medellin
620363868340824003,6.24429,-75.59319,Entire home/apt,Room in aparthotel,17,54.63,Medellin
1279812454492862170,6.2597,-75.5983,Entire home/apt,Entire rental unit,25,54.2,Medellin
1511060906198610917,6.251,-75.5918,Entire home/apt,Entire rental unit,77,101.75,Medellin
1611856427876114677,6.183151644381167,-75.59853158127409,Entire home/apt,Entire rental unit,6,56.24,Medellin
1162973761076096858,6.1992,-75.5654,Entire home/apt,Entire loft,162,56.49,Medellin
935469801431370721,6.2324,-75.5932,Entire home/apt,Entire rental unit,62,54.14,Medellin
1360265873522274160,6.239103976555804,-75.58893525170116,Entire home/apt,Room in aparthotel,77,54.19,Medellin
938429415408974828,6.2053,-75.5836,Entire home/apt,Entire loft,35,70.6,Medellin
922550907059630457,6.2328,-75.5935,Entire home/apt,Entire guesthouse,40,54.83,Medellin
560890482818003195,6.20908,-75.56509,Entire home/apt,Entire rental unit,192,54.8,Medellin
1637234915009994426,6.2606,-75.5966,Entire home/apt,Entire loft,2,55.65,Medellin
1152885886730530488,6.1992,-75.5654,Entire home/apt,Entire loft,146,62.33,Medellin
1665363324226940663,6.2613,-75.5598,Private room,Private room in home,0,67.55,Medellin
1699311877995934983,6.2074,-75.5737,Entire home/apt,Entire rental unit,3,176.66,Medellin
1387230856985403284,6.1744,-75.5912,Entire home/apt,Entire rental unit,9,99.65,Medellin
1130538210468457575,6.2083,-75.5658,Entire home/apt,Entire rental unit,70,114.2,Medellin
1614116880714273646,6.19082,-75.58059,Entire home/apt,Entire rental unit,6,57.01,Medellin
1699303356908279871,6.251742190258549,-75.6012856402768,Entire home/apt,Entire rental unit,2,54.67,Medellin
1512407421148889488,6.244885700458869,-75.58983920657525,Entire home/apt,Entire rental unit,12,54.14,Medellin
1474255042791495563,6.1719,-75.593,Entire home/apt,Entire rental unit,28,54.29,Medellin
1250008387744171805,6.250599994967825,-75.59166534231585,Entire home/apt,Entire rental unit,67,101.58,Medellin
1185556557904222238,6.25809,-75.5955,Entire home/apt,Entire rental unit,84,100.86,Medellin
934545446180898735,6.2324,-75.5932,Entire home/apt,Entire rental unit,41,54.14,Medellin
1471037636387889726,6.241234057422236,-75.60362928976645,Entire home/apt,Entire rental unit,15,60.55,Medellin
1375345041148399428,6.242398935853508,-75.59502336781483,Entire home/apt,Entire rental unit,12,100.04,Medellin
1660437898824433163,6.2385,-75.596,Entire home/apt,Entire rental unit,2,101.8,Medellin
1537168932446945701,6.2083,-75.5656,Entire home/apt,Entire rental unit,26,55.0,Medellin
1181217338230431769,6.20935,-75.57247,Entire home/apt,Entire rental unit,58,55.0,Medellin
54162851,6.22067,-75.50307,Entire home/apt,Entire place,12,54.97,Medellin
1725579073631356644,6.2097,-75.5712,Entire home/apt,Entire rental unit,0,103.06,Medellin
835532341647349029,6.2132,-75.5721,Private room,Private room in home,103,54.4,Medellin
1543570207558355233,6.20784,-75.57512,Private room,Room in hotel,0,99.42,Medellin
1255960012474936509,6.2071,-75.55963,Entire home/apt,Entire rental unit,6,54.8,Medellin
1729805841715447218,6.2455,-75.5907,Private room,Room in hotel,0,66.99,Medellin
1697236676412870809,6.2529,-75.5925,Entire home/apt,Entire rental unit,3,55.57,Medellin
1685916798061273998,6.24559,-75.59612,Entire home/apt,Entire rental unit,2,55.61,Medellin
1438040181889143798,6.2296,-75.6094,Entire home/apt,Entire condo,6,56.24,Medellin
37426179,6.25044,-75.59029,Entire home/apt,Entire rental unit,140,56.8,Medellin
1112236172547637132,6.25101,-75.58644,Private room,Private room in home,5,50.0,Medellin
1604753861390801974,6.25102,-75.58628,Entire home/apt,Entire rental unit,11,76.05,Medellin
27525841,6.213763,-75.571373,Hotel room,Room in boutique hotel,187,58.97,Medellin
1193582068110843705,6.2595,-75.5982,Entire home/apt,Entire rental unit,64,50.76,Medellin
1108874153479447780,6.25514,-75.59627,Entire home/apt,Entire home,75,152.21,Medellin
1325053827364078016,6.2353,-75.5833,Entire home/apt,Entire rental unit,74,154.8,Medellin
1682136668163815937,6.3691,-75.4659,Entire home/apt,Entire cabin,0,67.62,Medellin
1502390681556554680,6.2062,-75.5649,Entire home/apt,Entire rental unit,62,155.95,Medellin
1621748092368945839,6.25048,-75.59751,Entire home/apt,Entire serviced apartment,10,34.01,Medellin
1561769601993186846,6.21525,-75.57188,Entire home/apt,Entire rental unit,24,152.02,Medellin
1644565581515753809,6.25165,-75.61792,Entire home/apt,Entire rental unit,3,39.7,Medellin
907944671617242247,6.2377,-75.6019,Entire home/apt,Entire home,5,150.33,Medellin
1476400326298731587,6.24811,-75.5878,Entire home/apt,Entire rental unit,12,54.68,Medellin
14153639,6.191,-75.581,Entire home/apt,Entire rental unit,168,54.8,Medellin
807398983414031908,6.256,-75.6142,Entire home/apt,Entire loft,44,37.56,Medellin
1690616829222999139,6.248,-75.5902,Entire home/apt,Entire rental unit,2,50.18,Medellin
1440124056627007760,6.2383,-75.5699,Entire home/apt,Entire rental unit,17,47.48,Medellin
1148107110387828772,6.25172,-75.5949,Entire home/apt,Entire home,20,46.18,Medellin
1689529455345494294,6.234735770585359,-75.59175724992477,Private room,Private room in home,6,54.04,Medellin
1015532301590807398,6.26029,-75.61146,Entire home/apt,Entire rental unit,36,36.51,Medellin
1732352035589143435,6.2439,-75.5835,Entire home/apt,Entire condo,0,46.99,Medellin
1207226653232850982,6.25952,-75.5938,Entire home/apt,Entire rental unit,72,151.8,Medellin
32829179,6.2029,-75.5714,Entire home/apt,Entire serviced apartment,53,99.07,Medellin
1649036647682715644,6.2449,-75.6155,Entire home/apt,Entire rental unit,5,33.95,Medellin
1671371164543333582,6.212317435106046,-75.57167783846113,Private room,Room in hotel,1,46.07,Medellin
21879396,6.25097,-75.56079,Entire home/apt,Entire rental unit,85,54.66,Medellin
1732748979359988645,6.2477,-75.5894,Entire home/apt,Entire rental unit,0,55.83,Medellin
1095201252248306036,6.2597,-75.5983,Entire home/apt,Entire serviced apartment,42,47.62,Medellin
1563283266943687557,6.247919757151066,-75.60213378125708,Private room,Private room in loft,4,50.54,Medellin
871992556061384130,6.25901,-75.59168,Entire home/apt,Entire rental unit,108,54.04,Medellin
775442170701028234,6.1739,-75.5597,Private room,Private room in home,3,54.67,Medellin
1463217818846260497,6.2312,-75.6056,Entire home/apt,Entire rental unit,28,65.36,Medellin
1438522266545391677,6.2545,-75.6159,Entire home/apt,Entire rental unit,31,51.52,Medellin
1575452579369502117,6.2608,-75.5965,Entire home/apt,Entire home,3,47.31,Medellin
588600338162261265,6.24519,-75.59016,Entire home/apt,Entire home,61,47.0,Medellin
1660253887130429550,6.245881737944909,-75.58253279866979,Entire home/apt,Entire rental unit,10,46.55,Medellin
1532844124761297271,6.25311,-75.60367,Entire home/apt,Entire rental unit,26,33.78,Medellin
1298088981002478562,6.2337,-75.6013,Entire home/apt,Entire rental unit,38,54.73,Medellin
1693486270370942770,6.252,-75.6006,Entire home/apt,Entire rental unit,3,55.58,Medellin
1253598468292262022,6.2602,-75.5631,Entire home/apt,Entire loft,7,46.47,Medellin
1221161016191693885,6.23093,-75.60276,Entire home/apt,Entire rental unit,50,46.81,Medellin
1602293698967424963,6.263584430214658,-75.59861418435807,Entire home/apt,Entire loft,4,46.45,Medellin
1067594374376114880,6.2539,-75.5856,Entire home/apt,Entire rental unit,76,55.39,Medellin
1445003683937289877,6.249792446704939,-75.60002551928915,Entire home/apt,Entire rental unit,14,46.2,Medellin
1335552084094974970,6.259,-75.4939,Entire home/apt,Entire cabin,5,55.22,Medellin
1706725015343567294,6.259221008225821,-75.58344567478517,Entire home/apt,Entire rental unit,1,46.37,Medellin
1577602034401889428,6.2068,-75.564,Entire home/apt,Entire rental unit,10,156.6,Medellin
1152541334034082783,6.1992,-75.5654,Entire home/apt,Entire loft,113,58.62,Medellin
1372809614517667987,6.24558,-75.58404,Entire home/apt,Entire loft,31,46.21,Medellin
1090040686538977605,6.30904,-75.57056,Entire home/apt,Entire serviced apartment,45,36.44,Medellin
54037781,6.245,-75.592,Entire home/apt,Entire loft,49,54.63,Medellin
1199484363526374556,6.2494,-75.5963,Private room,Room in hotel,1,110.41,Medellin
1579930154396999280,6.2068,-75.5655,Private room,Room in hotel,0,113.0,Medellin
9772586,6.2093,-75.55644,Entire home/apt,Entire villa,18,156.89,Medellin
46338560,6.27478,-75.58298,Entire home/apt,Entire rental unit,102,110.19,Medellin
792116127923370075,6.2523,-75.5672,Private room,Room in hotel,10,112.18,Medellin
999475803959019241,6.20053,-75.56312,Entire home/apt,Entire rental unit,1,109.68,Medellin
1432103057411450387,6.2588,-75.601,Private room,Private room in home,5,111.67,Medellin
1049655199152254560,6.2498,-75.59236,Entire home/apt,Entire rental unit,8,108.42,Medellin
1186420093142746203,6.21441,-75.57266,Entire home/apt,Entire home,1,107.0,Medellin
1649332767026056914,6.24879759625853,-75.59461918092465,Entire home/apt,Entire rental unit,10,46.6,Medellin
1447324778073312531,6.2128,-75.5717,Private room,Private room in hostel,0,109.97,Medellin
1003898595950334929,6.18617,-75.60526,Private room,Private room in bed and breakfast,0,135.23,Medellin
1729973213510791743,6.2432,-75.5601,Entire home/apt,Entire rental unit,0,68.5,Medellin
1464834591027713719,6.2452,-75.5854,Entire home/apt,Entire loft,23,46.48,Medellin
932537471409019877,6.20676,-75.4934,Entire home/apt,Entire home,0,110.41,Medellin
899328405938189142,6.2447,-75.5873,Entire home/apt,Entire rental unit,51,67.94,Medellin
47771877,6.23347,-75.59256,Entire home/apt,Entire rental unit,114,54.8,Medellin
1524294703008779933,6.2309,-75.6059,Entire home/apt,Entire rental unit,17,30.96,Medellin
819130295183898221,6.3417,-75.5414,Entire home/apt,Entire rental unit,94,30.57,Medellin
52146352,6.2004,-75.5668,Entire home/apt,Entire loft,67,44.57,Medellin
1305209491207561504,6.2395,-75.5994,Entire home/apt,Entire rental unit,71,71.2,Medellin
1133239134759661651,6.24296,-75.55499,Entire home/apt,Entire rental unit,55,48.54,Medellin
28935269,6.21264,-75.5051,Entire home/apt,Entire cabin,72,31.29,Medellin
1133320717883574450,6.24289,-75.55553,Entire home/apt,Entire rental unit,44,52.41,Medellin
1701721299453389865,6.246012509302244,-75.56600653933837,Private room,Room in hotel,0,44.85,Medellin
562459468468709202,6.22675,-75.527,Entire home/apt,Hut,0,110.78,Medellin
1450846277871750488,6.23224,-75.60465,Entire home/apt,Entire rental unit,28,46.32,Medellin
1495078306929737056,6.248921858289233,-75.59145155236153,Private room,Private room in home,26,30.14,Medellin
14463839,6.23527,-75.59526,Entire home/apt,Entire rental unit,375,30.16,Medellin
1627028845923284535,6.23609,-75.58512,Entire home/apt,Entire rental unit,6,104.58,Medellin
1603264431500758356,6.2609,-75.5928,Entire home/apt,Entire rental unit,24,24.53,Medellin
1611005323068218789,6.2313,-75.6007,Entire home/apt,Entire rental unit,6,45.69,Medellin
1650843175293239722,6.2435,-75.5598,Entire home/apt,Entire loft,9,45.64,Medellin
946460248530659181,6.2495,-75.55851,Entire home/apt,Entire rental unit,23,30.4,Medellin
1265419380321367637,6.2019,-75.5856,Entire home/apt,Entire rental unit,75,33.76,Medellin
699157481839955879,6.24925,-75.59234,Entire home/apt,Entire loft,134,30.75,Medellin
1353237540230782407,6.2585,-75.5939,Private room,Room in hotel,45,33.52,Medellin
1261290756035204032,6.237729143309832,-75.59612740070091,Entire home/apt,Entire condo,46,30.2,Medellin
1439830642973612104,6.2380085683858715,-75.60189955568845,Private room,Private room in guesthouse,4,111.23,Medellin
23257995,6.19936,-75.56739,Entire home/apt,Entire loft,129,44.57,Medellin
1015333269126390077,6.2462,-75.59868,Entire home/apt,Entire rental unit,4,108.58,Medellin
874304941995905862,6.1985,-75.5461,Entire home/apt,Treehouse,1,110.79,Medellin
765408584259971826,6.24762,-75.5951,Entire home/apt,Entire loft,63,30.88,Medellin
1430629689187358656,6.2535,-75.5657,Entire home/apt,Entire rental unit,31,30.64,Medellin
1580104885224333497,6.2577,-75.5964,Private room,Private room in townhouse,17,27.42,Medellin
1379060783674752325,6.2481,-75.591,Private room,Room in hotel,5,108.77,Medellin
1530614706164154591,6.2483,-75.5931,Private room,Private room in rental unit,25,30.75,Medellin
44324874,6.198,-75.5699,Entire home/apt,Entire loft,399,54.49,Medellin
1150901145608304432,6.2639,-75.5961,Private room,Room in hotel,322,28.49,Medellin
999923419760832781,6.24776,-75.59826,Entire home/apt,Entire rental unit,37,124.74,Medellin
51309924,6.20102,-75.57233,Private room,Room in aparthotel,5,110.0,Medellin
1506711068294753462,6.2471,-75.5915,Private room,Private room in rental unit,10,31.0,Medellin
1681458507471546308,6.242873682196148,-75.58220676546178,Private room,Room in hotel,18,30.41,Medellin
1445674100205486611,6.2312,-75.6056,Entire home/apt,Entire rental unit,22,51.08,Medellin
1398069503794349609,6.253383779578372,-75.56764028867316,Private room,Room in hotel,0,135.52,Medellin
52492641,6.2559,-75.5983,Private room,Room in hotel,40,31.66,Medellin
1497204671046217648,6.2751,-75.5828,Entire home/apt,Entire rental unit,30,56.51,Medellin
895626933048944171,6.20823,-75.55757,Private room,Private room in home,145,71.0,Medellin
1455957983744408127,6.2459,-75.5907,Entire home/apt,Entire rental unit,22,109.92,Medellin
20748296,6.20703,-75.56452,Entire home/apt,Entire rental unit,167,118.2,Medellin
939851783088867759,6.2496,-75.5936,Private room,Private room in rental unit,81,35.84,Medellin
1681343552294131476,6.203,-75.5748,Entire home/apt,Entire rental unit,0,89.31,Medellin
1152555753780551563,6.1992,-75.5654,Entire home/apt,Entire loft,118,53.0,Medellin
882860996255397208,6.31526,-75.49382,Entire home/apt,Entire cabin,2,110.41,Medellin
1593705578352862623,6.2485,-75.5913,Entire home/apt,Entire rental unit,9,80.22,Medellin
719014565278285290,6.24037,-75.58303,Entire home/apt,Entire serviced apartment,14,116.8,Medellin
1420247764380372893,6.2521,-75.587,Private room,Private room in bed and breakfast,0,108.94,Medellin
1572657467647010888,6.2529,-75.5924,Entire home/apt,Entire rental unit,7,109.89,Medellin
572325515154541246,6.1968,-75.5778,Entire home/apt,Entire rental unit,80,108.8,Medellin
1045691162848125293,6.23785,-75.5782,Entire home/apt,Entire rental unit,36,111.6,Medellin
1496618474850918982,6.2036,-75.5591,Entire home/apt,Entire rental unit,51,72.87,Medellin
1685001848341162463,6.2338,-75.5926,Entire home/apt,Entire rental unit,1,71.19,Medellin
1529124400043778011,6.21248,-75.57122,Private room,Room in hotel,3,109.33,Medellin
1493024609695256590,6.2105,-75.568,Private room,Room in boutique hotel,5,109.95,Medellin
52032657,6.20704,-75.56772,Private room,Room in hotel,26,108.2,Medellin
1196519091273199333,6.20847,-75.56721,Entire home/apt,Entire rental unit,7,107.0,Medellin
1187849159192502032,6.2395,-75.5832,Private room,Room in hotel,1,107.01,Medellin
1341285623296087332,6.2443,-75.5927,Entire home/apt,Entire rental unit,52,66.4,Medellin
32016221,6.2679,-75.5941,Private room,Private room in rental unit,4,110.41,Medellin
1566776640550188076,6.1839,-75.5772,Entire home/apt,Entire rental unit,32,77.22,Medellin
711758749017668375,6.21175,-75.57107,Private room,Room in boutique hotel,4,118.73,Medellin
28687540,6.2471,-75.5945,Entire home/apt,Entire serviced apartment,168,109.0,Medellin
1634435826183809157,6.22878,-75.56768,Entire home/apt,Entire rental unit,0,108.94,Medellin
905768673114724651,6.1642,-75.5752,Entire home/apt,Entire rental unit,31,111.15,Medellin
1597487593052436495,6.2632148487258785,-75.56355689237701,Private room,Room in hotel,0,135.23,Medellin
688548151468131001,6.3335420416827395,-75.54153956143591,Entire home/apt,Entire serviced apartment,79,31.65,Medellin
594412698641673265,6.18538,-75.57475,Private room,Room in boutique hotel,12,107.49,Medellin
1025668714211389813,6.14811,-75.6089,Entire home/apt,Entire rental unit,56,116.84,Medellin
1034773218076406110,6.2553,-75.5965,Entire home/apt,Entire rental unit,152,30.5,Medellin
53142869,6.1962,-75.5776,Entire home/apt,Entire rental unit,68,109.46,Medellin
1596777398224233623,6.264858484983378,-75.56368613087035,Private room,Room in hotel,2,111.89,Medellin
1161139355580307234,6.25,-75.58894,Entire home/apt,Entire rental unit,52,114.74,Medellin
973320161481905297,6.25038,-75.59304,Entire home/apt,Entire rental unit,30,125.63,Medellin
41024122,6.192071588140695,-75.56628744470974,Entire home/apt,Entire rental unit,205,109.0,Medellin
53391372,6.19733,-75.57707,Entire home/apt,Entire rental unit,86,109.46,Medellin
911806251473660444,6.2091,-75.5728,Private room,Room in hotel,0,107.43,Medellin
1398082462674743520,6.1512,-75.618,Entire home/apt,Entire rental unit,72,45.64,Medellin
1635772086355953501,6.2,-75.5692,Private room,Room in hotel,1,120.51,Medellin
890005120229197577,6.17671,-75.58476,Entire home/apt,Entire condo,81,109.33,Medellin
813887760927691950,6.25008,-75.56498,Entire home/apt,Entire condo,10,110.03,Medellin
1487888528996833816,6.2423,-75.5928,Entire home/apt,Entire rental unit,0,109.67,Medellin
1634300271198782438,6.2001,-75.5692,Private room,Room in hotel,0,119.37,Medellin
675560451826738393,6.24168,-75.58525,Entire home/apt,Entire rental unit,19,108.89,Medellin
1258263387823741595,6.2478,-75.5905,Private room,Room in hotel,436,24.97,Medellin
896147664580229484,6.20904,-75.55825,Private room,Private room in home,174,72.0,Medellin
1159475145410733499,6.2674,-75.5925,Private room,Room in hotel,0,134.24,Medellin
28613035,6.2009,-75.5663,Entire home/apt,Entire loft,74,42.57,Medellin
978552633174722915,6.2233,-75.5925,Entire home/apt,Entire rental unit,8,112.8,Medellin
973316537241981453,6.2496,-75.5936,Entire home/apt,Entire rental unit,117,125.63,Medellin
974149994235726420,6.24898,-75.59065,Private room,Private room in guesthouse,4,110.41,Medellin
24805365,6.2469,-75.5938,Entire home/apt,Entire serviced apartment,123,107.0,Medellin
33591929,6.2484,-75.5947,Entire home/apt,Entire serviced apartment,153,108.4,Medellin
995618300055143700,6.1515,-75.61154,Entire home/apt,Entire condo,4,110.42,Medellin
50778131,6.21024,-75.5706,Entire home/apt,Entire loft,23,108.89,Medellin
810733255236427248,6.24826,-75.55718,Entire home/apt,Entire rental unit,23,71.1,Medellin
1190760913285760114,6.2494,-75.5963,Private room,Room in hotel,6,110.41,Medellin
1014103353126103757,6.24454,-75.60253,Entire home/apt,Entire rental unit,1,109.6,Medellin
929904409673335472,6.19772,-75.57728,Entire home/apt,Entire rental unit,25,108.46,Medellin
1684171261719271168,6.17961,-75.57966,Entire home/apt,Entire rental unit,0,135.93,Medellin
1300237888653977271,6.158891519192942,-75.60484713595305,Entire home/apt,Entire rental unit,3,109.7,Medellin
45870933,6.198,-75.5704,Entire home/apt,Entire loft,405,71.04,Medellin
986576053563969663,6.25468,-75.60258,Entire home/apt,Entire rental unit,10,114.68,Medellin
1640715329121338331,6.244647628456588,-75.58294291802511,Private room,Room in hotel,0,133.8,Medellin
859479885774160502,6.2449,-75.5888,Private room,Room in boutique hotel,0,108.19,Medellin
1384750403651181230,6.2408508205812705,-75.59540969763772,Entire home/apt,Entire rental unit,2,107.78,Medellin
1009562913908099572,6.2579,-75.5584,Entire home/apt,Entire rental unit,15,109.33,Medellin
1238659273759708117,6.2036,-75.5591,Entire home/apt,Entire rental unit,53,71.17,Medellin
1484125736261416553,6.247804347399642,-75.59407730724939,Entire home/apt,Entire rental unit,4,112.7,Medellin
1630456186222122142,6.2398,-75.5817,Private room,Private room in bed and breakfast,14,71.36,Medellin
18461468,6.20584,-75.58344,Entire home/apt,Entire rental unit,178,54.82,Medellin
1143664773880736606,6.21097,-75.49792,Entire home/apt,Entire cabin,0,110.41,Medellin
49345679,6.1868,-75.6543,Entire home/apt,Entire condo,31,46.12,Medellin
963848683991350857,6.25666,-75.56296,Entire home/apt,Entire loft,5,47.11,Medellin
1131171957146210384,6.2079,-75.5757,Private room,Room in boutique hotel,6,107.7,Medellin
1650959874055903327,6.262399716003443,-75.49083611956559,Private room,Private room in cabin,0,57.65,Medellin
1459597030052009723,6.1969,-75.5779,Entire home/apt,Entire rental unit,25,71.8,Medellin
933534800948738761,6.23648,-75.59746,Private room,Private room in home,2,47.84,Medellin
1424857373057586793,6.22263,-75.58322,Entire home/apt,Entire rental unit,9,46.07,Medellin
1579153221638248900,6.246,-75.5905,Entire home/apt,Entire rental unit,6,50.0,Medellin
1483582393483957824,6.2335,-75.5995,Private room,Private room in guesthouse,0,56.94,Medellin
1243006896800364561,6.1727,-75.5808,Entire home/apt,Entire rental unit,49,62.37,Medellin
1260155879755649358,6.204922256969497,-75.56338842515927,Private room,Room in hotel,2,121.61,Medellin
45102354,6.25659,-75.5959,Private room,Room in hotel,3,47.84,Medellin
1711496787057775208,6.1968,-75.5795,Private room,Private room in home,0,57.0,Medellin
1685721523550440525,6.1707,-75.633,Entire home/apt,Entire rental unit,0,46.25,Medellin
1577101507868577740,6.2145,-75.5721,Entire home/apt,Entire rental unit,12,110.81,Medellin
1669887974059697645,6.19071,-75.59116,Private room,Room in hotel,0,58.35,Medellin
1587070478565717397,6.2579,-75.59929,Entire home/apt,Entire rental unit,5,111.15,Medellin
1622738346274502196,6.23909,-75.59635,Entire home/apt,Entire rental unit,0,111.52,Medellin
1690629804161930981,6.233171399743469,-75.59209052407752,Private room,Private room in home,1,54.5,Medellin
643536247081408364,6.18655,-75.55201,Private room,Private room in home,1,46.07,Medellin
1497230746304895640,6.2144,-75.58295,Private room,Private room in home,1,56.65,Medellin
1573228660076622234,6.2392,-75.5953,Private room,Room in hotel,5,107.12,Medellin
1305832838951882202,6.2674,-75.5925,Private room,Room in hotel,0,58.22,Medellin
1305799707083928289,6.2674,-75.5925,Private room,Room in hotel,0,58.22,Medellin
1165848727386567433,6.239052395231064,-75.57819419354003,Entire home/apt,Entire rental unit,8,51.28,Medellin
1443075570852653799,6.2373,-75.5969,Entire home/apt,Entire rental unit,2,47.28,Medellin
48719638,6.2414,-75.585,Entire home/apt,Entire guest suite,21,47.26,Medellin
941429796957671145,6.1702,-75.617,Entire home/apt,Entire rental unit,41,46.84,Medellin
1241433077257801150,6.21213,-75.57279,Private room,Private room in rental unit,3,46.18,Medellin
1635123082097523432,6.2404062822866235,-75.59307207368504,Private room,Private room in rental unit,0,47.84,Medellin
1638017817781013698,6.251607432594813,-75.5923373201138,Entire home/apt,Entire rental unit,0,46.59,Medellin
1240541035676601200,6.23938,-75.58543,Entire home/apt,Entire rental unit,0,47.84,Medellin
971726183994812168,6.25331,-75.58758,Private room,Private room in guesthouse,0,56.94,Medellin
1669681001936440915,6.242358544653189,-75.55875078205898,Entire home/apt,Entire rental unit,0,56.33,Medellin
1640064857710881844,6.2124,-75.5719,Private room,Room in hotel,0,57.58,Medellin
968168587215521936,6.19657,-75.57986,Private room,Room in hotel,1,47.84,Medellin
721823379433414988,6.22027,-75.60851,Entire home/apt,Entire rental unit,53,81.75,Medellin
823309086289819290,6.2481,-75.591,Entire home/apt,Entire rental unit,2,47.77,Medellin
9416404,6.21482,-75.57265,Private room,Private room in rental unit,98,46.06,Medellin
829801705805227988,6.1744,-75.5915,Entire home/apt,Entire serviced apartment,59,107.48,Medellin
1038959538442725390,6.2407,-75.5987,Private room,Private room in guesthouse,1,47.84,Medellin
1386561362486536180,6.231088068175501,-75.60033524967798,Entire home/apt,Entire rental unit,0,55.71,Medellin
1340035595827603097,6.166599924102099,-75.58577655027457,Entire home/apt,Entire loft,28,46.36,Medellin
1297146709177688127,6.208907326603304,-75.57320115718731,Entire home/apt,Entire rental unit,51,71.92,Medellin
1612623621788427344,6.249,-75.6156,Entire home/apt,Entire rental unit,22,71.24,Medellin
906579799738704437,6.1668,-75.6172,Entire home/apt,Entire rental unit,29,47.99,Medellin
907255882286587282,6.19765,-75.57772,Private room,Private room in rental unit,2,46.92,Medellin
1232797144711652069,6.1732,-75.58803,Private room,Private room in home,0,47.84,Medellin
1189275303813120461,6.201,-75.6101,Private room,Private room in cottage,0,57.65,Medellin
1711979424663224642,6.2546,-75.6009,Private room,Private room in home,0,130.94,Medellin
1431235227895838353,6.2426,-75.5564,Entire home/apt,Entire rental unit,14,47.53,Medellin
1411601653385564089,6.1485,-75.6187,Entire home/apt,Entire rental unit,67,58.71,Medellin
924011186782014308,6.23772,-75.59868,Private room,Private room in home,2,47.48,Medellin
1344143540052532532,6.258153842723955,-75.59529341183698,Private room,Room in hotel,0,46.98,Medellin
907497893397769643,6.24917,-75.59226,Private room,Room in hotel,2,47.84,Medellin
1430601632241815477,6.2502,-75.5912,Private room,Room in hotel,0,58.08,Medellin
1081173958547604148,6.23059,-75.53762,Entire home/apt,Entire rental unit,0,47.85,Medellin
548540437608692897,6.2467,-75.5551,Entire home/apt,Entire loft,21,50.7,Medellin
1127182700679057289,6.2299,-75.5908,Private room,Private room in rental unit,2,47.81,Medellin
980446386126313546,6.2583,-75.5926,Entire home/apt,Entire rental unit,53,108.19,Medellin
1710877849367578768,6.2382,-75.5975,Entire home/apt,Entire rental unit,0,62.75,Medellin
759527518225928570,6.23026,-75.60279,Entire home/apt,Entire loft,3,47.47,Medellin
1460598488972159440,6.253,-75.5884,Entire home/apt,Entire rental unit,20,50.0,Medellin
53687317,6.23352,-75.60157,Entire home/apt,Entire rental unit,16,46.47,Medellin
1711893520834265757,6.2546,-75.6009,Private room,Private room in home,0,130.72,Medellin
1457598987542806988,6.2487,-75.5622,Private room,Private room in rental unit,5,46.62,Medellin
1426972957505530059,6.2337181915668,-75.60217186119637,Entire home/apt,Entire rental unit,30,71.45,Medellin
1305372584340760779,6.169770321038009,-75.58670220605076,Entire home/apt,Entire rental unit,19,46.78,Medellin
1617858399991508539,6.2353,-75.5835,Entire home/apt,Entire rental unit,9,47.84,Medellin
669399152830059954,6.2532,-75.5576,Entire home/apt,Entire condo,77,71.03,Medellin
1218968854962358640,6.22834,-75.59107,Entire home/apt,Entire loft,8,46.6,Medellin
1199961884476625355,6.2597,-75.5983,Entire home/apt,Entire rental unit,15,71.9,Medellin
1505241310301062967,6.2415210822207605,-75.59335300436048,Entire home/apt,Entire rental unit,25,62.62,Medellin
1303910701072324906,6.1792,-75.5972,Entire home/apt,Entire rental unit,45,47.84,Medellin
1548082970008149624,6.24659,-75.59147,Entire home/apt,Entire rental unit,2,46.15,Medellin
1690131806076688744,6.207480208172805,-75.58561942335729,Entire home/apt,Entire rental unit,1,46.83,Medellin
1513092420325926215,6.2034,-75.5594,Entire home/apt,Entire rental unit,62,47.56,Medellin
907413423098849378,6.3662,-75.6154,Entire home/apt,Entire cabin,0,47.84,Medellin
1137946130121756149,6.26174,-75.6092,Entire home/apt,Entire rental unit,2,47.4,Medellin
1543492988112917901,6.238706793954141,-75.60152239926744,Entire home/apt,Entire rental unit,3,57.67,Medellin
1350913251942486115,6.250847568051342,-75.59176823297656,Entire home/apt,Entire rental unit,50,47.99,Medellin
1155204191899514001,6.269,-75.437,Private room,Private room in home,4,47.84,Medellin
1462790630089621590,6.2396,-75.5615,Entire home/apt,Entire rental unit,2,47.11,Medellin
913804467815948591,6.2397,-75.5583,Entire home/apt,Entire home,49,47.85,Medellin
1675137922745347522,6.1714,-75.6336,Entire home/apt,Entire rental unit,1,46.15,Medellin
966072448092874375,6.25647,-75.56295,Entire home/apt,Entire loft,5,47.11,Medellin
53422809,6.1806,-75.5525,Private room,Private room in rental unit,10,47.84,Medellin
1725607380022007565,6.2465,-75.5894,Private room,Private room in home,0,57.74,Medellin
1523887340100423275,6.2423,-75.5559,Private room,Room in hotel,0,57.74,Medellin
1543591865061903750,6.2412,-75.602,Entire home/apt,Entire rental unit,5,50.68,Medellin
665842613222564380,6.196,-75.5769,Entire home/apt,Entire condo,66,78.26,Medellin
1556008805197177652,6.23938817575048,-75.59200220384714,Entire home/apt,Entire rental unit,4,46.01,Medellin
53610490,6.23261,-75.60094,Private room,Private room in serviced apartment,71,46.9,Medellin
1124535627311440639,6.2468,-75.5883,Entire home/apt,Entire loft,16,47.4,Medellin
1535150355723638745,6.2646,-75.5931,Entire home/apt,Entire rental unit,18,108.22,Medellin
1133819044935990448,6.25108,-75.59173,Entire home/apt,Entire rental unit,19,46.28,Medellin
1257396659469126281,6.2308,-75.6032,Entire home/apt,Entire rental unit,26,46.51,Medellin
887142622174683588,6.24732,-75.58717,Entire home/apt,Entire rental unit,83,47.11,Medellin
1485133698889691711,6.29,-75.6509,Entire home/apt,Tiny home,0,47.55,Medellin
1167585831862700221,6.2623,-75.6045,Entire home/apt,Entire rental unit,31,47.85,Medellin
1669974154887403120,6.170466055179654,-75.57643712892138,Entire home/apt,Entire rental unit,6,46.34,Medellin
719409679830449558,6.21626,-75.49224,Entire home/apt,Entire place,4,46.37,Medellin
682097823402107367,6.24553,-75.59239,Entire home/apt,Entire guest suite,35,47.0,Medellin
1589517665226788264,6.2953,-75.4584,Entire home/apt,Entire guesthouse,1,47.75,Medellin
624051493257240726,6.23313,-75.60117,Entire home/apt,Entire rental unit,1,46.44,Medellin
1519652620749878151,6.171291126138299,-75.58460219004647,Entire home/apt,Entire rental unit,9,46.48,Medellin
1652630804807087195,6.25088,-75.59273,Entire home/apt,Entire rental unit,5,46.77,Medellin
1452281080041511375,6.2085,-75.5664,Private room,Private room in home,3,46.06,Medellin
1377064317412093192,6.2231,-75.5928,Entire home/apt,Entire rental unit,5,47.84,Medellin
976899078986313501,6.2409,-75.6046,Entire home/apt,Entire rental unit,37,47.11,Medellin
840435943884186881,6.1997,-75.5877,Entire home/apt,Entire rental unit,59,47.48,Medellin
598818065916288267,6.2437,-75.5596,Entire home/apt,Entire loft,40,46.93,Medellin
902273299461711969,6.1748,-75.5881,Entire home/apt,Entire rental unit,33,56.16,Medellin
1592851966174237908,6.256686984380617,-75.59945574895843,Entire home/apt,Entire rental unit,8,67.13,Medellin
52608261,6.25567,-75.55356,Entire home/apt,Entire guesthouse,8,47.11,Medellin
1543147014662933293,6.2412,-75.602,Entire home/apt,Entire rental unit,26,67.11,Medellin
1665433178291093648,6.233036018651989,-75.5942756564027,Entire home/apt,Entire rental unit,3,46.46,Medellin
894797572849844698,6.34105,-75.54091,Entire home/apt,Entire rental unit,61,28.07,Medellin
1415948818332834486,6.191637478212949,-75.58161625865075,Entire home/apt,Entire rental unit,25,48.88,Medellin
1456722152917534704,6.25082,-75.58986,Entire home/apt,Entire rental unit,5,46.62,Medellin
1556614112013205176,6.2644,-75.5653,Private room,Room in hotel,2,47.16,Medellin
1049495384582433507,6.17689,-75.58878,Private room,Private room in guesthouse,53,55.38,Medellin
1311610866000117220,6.250141590281803,-75.61143274645299,Entire home/apt,Entire home,1,47.84,Medellin
1535859827914311951,6.205706516044145,-75.55257380531529,Entire home/apt,Entire rental unit,14,47.84,Medellin
1670519495032428454,6.237931135177589,-75.59632915861137,Entire home/apt,Entire rental unit,4,34.95,Medellin
1578386481921933678,6.246,-75.5905,Entire home/apt,Entire rental unit,8,46.62,Medellin
3896389,6.26183,-75.56158,Entire home/apt,Entire rental unit,72,28.84,Medellin
1731443818681671533,6.2048,-75.5808,Entire home/apt,Entire rental unit,0,28.4,Medellin
1365255939258410728,6.235260145391856,-75.59401983161939,Private room,Room in hotel,0,56.94,Medellin
748495960373933360,6.24293,-75.60006,Private room,Private room in home,1,46.83,Medellin
1591450754428961276,6.262418019099007,-75.56335639533783,Entire home/apt,Entire rental unit,22,28.24,Medellin
813192208161851584,6.2443,-75.5853,Entire home/apt,Entire rental unit,94,51.41,Medellin
54161643,6.22122,-75.5027,Entire home/apt,Entire place,4,46.37,Medellin
861625205178065335,6.23749,-75.56269,Entire home/apt,Entire serviced apartment,62,47.84,Medellin
1618251686054484416,6.25469939435265,-75.59740648029013,Entire home/apt,Entire home,0,56.36,Medellin
1636607260980414488,6.24714,-75.59362,Entire home/apt,Entire rental unit,8,46.29,Medellin
33837004,6.24352,-75.58896,Entire home/apt,Entire guest suite,237,60.08,Medellin
1222620132842539782,6.2465,-75.6027,Private room,Room in hotel,18,28.25,Medellin
1472492396808539257,6.2402,-75.553,Private room,Room in hotel,4,47.48,Medellin
1538720286651714022,6.2898,-75.5427,Private room,Private room in rental unit,0,34.07,Medellin
1137097926900151641,6.2322,-75.6092,Entire home/apt,Entire rental unit,51,28.87,Medellin
1335781611888283035,6.3409,-75.5444,Entire home/apt,Entire rental unit,1,47.85,Medellin
1115194700711209382,6.248,-75.6097,Entire home/apt,Entire rental unit,22,47.09,Medellin
1606924431348565063,6.2562,-75.5541,Entire home/apt,Entire rental unit,4,28.58,Medellin
1621741723569449360,6.24984,-75.59837,Entire home/apt,Entire serviced apartment,10,47.23,Medellin
1451789172356187148,6.2085,-75.5664,Private room,Private room in home,2,46.06,Medellin
1727940376404887224,6.2455,-75.593,Private room,Private room in guesthouse,0,28.64,Medellin
1092012068723660673,6.2408,-75.5825,Private room,Private room in serviced apartment,28,47.84,Medellin
53687612,6.23258,-75.6022,Private room,Private room in serviced apartment,19,46.8,Medellin
1677227848088283488,6.2475,-75.598,Entire home/apt,Entire rental unit,5,47.75,Medellin
989981042603119005,6.1763,-75.6459,Entire home/apt,Tiny home,19,47.84,Medellin
1516016233624467749,6.2416,-75.5591,Private room,Room in hotel,0,47.84,Medellin
1617541770131793622,6.25061,-75.59865,Entire home/apt,Entire serviced apartment,14,47.23,Medellin
1516581925243117292,6.246956644294861,-75.5574488606167,Entire home/apt,Entire rental unit,25,46.07,Medellin
1256758438206942156,6.23222,-75.59242,Entire home/apt,Entire rental unit,22,28.1,Medellin
51965776,6.33371,-75.54117,Entire home/apt,Entire serviced apartment,73,29.44,Medellin
1576336308656537598,6.2423,-75.5956,Private room,Private room in home,7,28.87,Medellin
29964837,6.1803,-75.4457,Entire home/apt,Entire rental unit,263,46.12,Medellin
1567449990150107100,6.20734,-75.56764,Private room,Private room in rental unit,46,59.48,Medellin
1187473096409123988,6.24473,-75.58829,Private room,Private room in serviced apartment,36,28.18,Medellin
1013888111647172781,6.26417,-75.55754,Entire home/apt,Entire rental unit,44,47.25,Medellin
1464861842023042359,6.2452,-75.5853,Entire home/apt,Entire loft,24,46.62,Medellin
1171975557962287384,6.16718,-75.58405,Entire home/apt,Entire rental unit,41,55.76,Medellin
850847318569354709,6.2484,-75.5976,Entire home/apt,Entire rental unit,59,47.0,Medellin
1108734619915114257,6.2437,-75.5596,Entire home/apt,Entire rental unit,35,47.77,Medellin
1601696628318191431,6.238,-75.5777,Entire home/apt,Entire rental unit,22,46.2,Medellin
1580548369650456342,6.2538,-75.5852,Entire home/apt,Entire rental unit,11,46.98,Medellin
1623204167617174655,6.244820515550714,-75.58430293447014,Entire home/apt,Entire rental unit,12,55.99,Medellin
1604097398327715753,6.2405,-75.5828,Entire home/apt,Entire rental unit,2,47.84,Medellin
19784530,6.25344,-75.56058,Entire home/apt,Entire rental unit,196,46.48,Medellin
1551021224544056362,6.2823,-75.6135,Entire home/apt,Entire rental unit,19,46.81,Medellin
802960575441835798,6.16725,-75.58953,Entire home/apt,Entire rental unit,34,47.0,Medellin
1659875207539491627,6.16999571777755,-75.59171572178471,Entire home/apt,Entire rental unit,2,47.84,Medellin
901493683517749807,6.2231,-75.593,Entire home/apt,Entire rental unit,135,48.95,Medellin
1494593134163882651,6.2438,-75.5836,Entire home/apt,Entire loft,42,58.57,Medellin
52235205,6.2449,-75.5913,Entire home/apt,Entire serviced apartment,112,47.0,Medellin
1719643189053902815,6.2476,-75.5895,Entire home/apt,Entire rental unit,0,54.73,Medellin
1045221962653749894,6.19082,-75.58178,Entire home/apt,Entire rental unit,88,49.05,Medellin
1243476801467874275,6.245,-75.5884,Entire home/apt,Entire rental unit,44,47.84,Medellin
950049794555574235,6.25175,-75.55907,Entire home/apt,Entire rental unit,14,47.59,Medellin
893375327574818922,6.2835,-75.575,Entire home/apt,Entire rental unit,17,36.18,Medellin
1091331260751099053,6.24414,-75.55674,Entire home/apt,Entire loft,31,51.02,Medellin
1372534400074171460,6.2523,-75.5921,Entire home/apt,Entire rental unit,38,46.92,Medellin
1336494573918837556,6.260919213867066,-75.5596487744943,Entire home/apt,Entire rental unit,34,46.68,Medellin
929787247009593495,6.2328,-75.5935,Entire home/apt,Entire guesthouse,40,46.64,Medellin
1584972261626947233,6.2486,-75.5991,Entire home/apt,Entire rental unit,6,75.54,Medellin
1363188037866887541,6.2495,-75.5995,Entire home/apt,Entire rental unit,4,47.67,Medellin
50547006,6.257579965880613,-75.59296884338943,Entire home/apt,Entire rental unit,149,46.4,Medellin
1477962364844590848,6.24829,-75.59255,Entire home/apt,Entire rental unit,54,46.0,Medellin
1491360006017399578,6.2084,-75.5672,Private room,Room in hotel,1,91.61,Medellin
1539872953145285853,6.246459186217593,-75.55684266359599,Entire home/apt,Entire rental unit,22,28.99,Medellin
1466318044776647544,6.31162,-75.56409,Entire home/apt,Entire rental unit,0,111.89,Medellin
1668455785380381118,6.2500779389236145,-75.60073962322612,Entire home/apt,Entire rental unit,0,46.88,Medellin
1237961859604611495,6.25798,-75.59369,Entire home/apt,Entire rental unit,64,73.35,Medellin
1681948538931034262,6.2117,-75.573,Entire home/apt,Entire loft,1,83.75,Medellin
1197022387144462349,6.2448,-75.6052,Entire home/apt,Entire home,60,75.12,Medellin
1427582450988690654,6.232861025112671,-75.60415364029106,Entire home/apt,Entire rental unit,33,73.29,Medellin
53701886,6.1978,-75.57,Entire home/apt,Entire loft,374,77.7,Medellin
1244153564149736469,6.25944,-75.59769,Entire home/apt,Entire rental unit,49,58.1,Medellin
883247312043663540,6.2708,-75.6022,Entire home/apt,Entire rental unit,24,48.89,Medellin
1670623850861424065,6.170390634516198,-75.58920914868673,Entire home/apt,Entire rental unit,5,49.14,Medellin
1624237490440484610,6.2517,-75.5876,Entire home/apt,Entire rental unit,5,73.37,Medellin
1554647259057792750,6.2529,-75.5925,Entire home/apt,Entire rental unit,3,75.52,Medellin
1497516681501755561,6.2436,-75.5597,Entire home/apt,Entire condo,38,52.72,Medellin
808767973902221191,6.1991,-75.5635,Entire home/apt,Entire rental unit,137,73.2,Medellin
1721370881590084466,6.2086,-75.6107,Entire home/apt,Entire rental unit,1,73.38,Medellin
1712236903234547563,6.2081,-75.5738,Entire home/apt,Entire rental unit,1,90.89,Medellin
1297893604475060941,6.2447,-75.5956,Entire home/apt,Entire rental unit,19,73.0,Medellin
1212548086646716913,6.18286,-75.5758,Entire home/apt,Entire rental unit,57,46.8,Medellin
1352970991038357048,6.254,-75.6032,Entire home/apt,Entire rental unit,28,75.08,Medellin
737606476043631577,6.3102,-75.6093,Entire home/apt,Entire vacation home,97,109.48,Medellin
1266912084948149285,6.2473,-75.5892,Entire home/apt,Entire loft,112,73.77,Medellin
48063522,6.21379,-75.57321,Private room,Room in boutique hotel,94,89.1,Medellin
1583512502973388201,6.26079,-75.56406,Entire home/apt,Entire rental unit,13,73.76,Medellin
1571968467277236189,6.24818,-75.59042,Entire home/apt,Entire rental unit,5,115.59,Medellin
1493197189382520772,6.245481168178859,-75.59196641661089,Entire home/apt,Entire rental unit,8,82.6,Medellin
1065432563200007576,6.20477,-75.58318,Entire home/apt,Entire rental unit,127,73.82,Medellin
1471035062097549296,6.19616,-75.55911,Entire home/apt,Entire home,34,99.9,Medellin
1487049274503947441,6.1817,-75.57231,Entire home/apt,Entire rental unit,1,91.54,Medellin
1506955561642882583,6.230252576536483,-75.60329245770109,Entire home/apt,Entire rental unit,13,46.97,Medellin
767138304052199046,6.25287,-75.59486,Entire home/apt,Entire rental unit,65,73.71,Medellin
942857989213914200,6.23129,-75.56058,Entire home/apt,Entire rental unit,73,44.0,Medellin
1330413,6.25366,-75.58995,Private room,Private room in home,103,30.44,Medellin
966056967127783056,6.177367904938978,-75.58590655052603,Entire home/apt,Entire rental unit,45,108.0,Medellin
44576785,6.25095,-75.59176,Private room,Private room in rental unit,49,21.79,Medellin
44047084,6.20758,-75.56508,Entire home/apt,Entire rental unit,125,107.72,Medellin
1550121261454344273,6.2492,-75.5949,Entire home/apt,Entire rental unit,41,130.64,Medellin
1695116379200307733,6.241864325135241,-75.59603440569654,Entire home/apt,Entire rental unit,0,108.72,Medellin
1719595447466302736,6.1905,-75.5625,Entire home/apt,Entire rental unit,0,109.0,Medellin
1076125800557509387,6.2381,-75.5777,Entire home/apt,Entire rental unit,66,116.49,Medellin
53767192,6.24697,-75.58601,Private room,Private room in home,34,37.93,Medellin
924841438225907221,6.17514,-75.59234,Entire home/apt,Entire rental unit,45,109.2,Medellin
42364054,6.2512,-75.5911,Private room,Private room in home,34,21.79,Medellin
50446903,6.25267,-75.58289,Entire home/apt,Entire loft,174,46.0,Medellin
1587048445055904357,6.25754,-75.59873,Entire home/apt,Entire rental unit,5,110.41,Medellin
42230187,6.1899,-75.565,Entire home/apt,Entire rental unit,178,108.56,Medellin
1242200493694041827,6.1905,-75.5662,Entire home/apt,Entire rental unit,84,109.4,Medellin
1429080606460347591,6.237584223909341,-75.58985592790216,Entire home/apt,Entire loft,47,34.8,Medellin
1500326542710697601,6.1815,-75.5966,Entire home/apt,Tiny home,30,22.37,Medellin
50539309,6.19148,-75.56603,Entire home/apt,Entire condo,99,114.44,Medellin
1045720938338768910,6.2115,-75.5692,Private room,Room in boutique hotel,47,118.51,Medellin
988270222598706667,6.2085,-75.576,Entire home/apt,Entire rental unit,51,45.0,Medellin
1627858474192870036,6.1993,-75.5048,Entire home/apt,Treehouse,0,107.49,Medellin
1208822037989038569,6.21023,-75.57349,Entire home/apt,Entire rental unit,43,110.41,Medellin
50180236,6.24159,-75.59426,Entire home/apt,Entire rental unit,271,61.6,Medellin
1726414900641270255,6.2581,-75.5832,Entire home/apt,Entire rental unit,2,60.79,Medellin
1259552870190471857,6.2251,-75.5658,Entire home/apt,Entire condo,49,136.2,Medellin
1297895697005146796,6.25007,-75.58956,Private room,Private room in rental unit,9,20.89,Medellin
39842588,6.21426,-75.56341,Private room,Private room in condo,143,34.96,Medellin
1626300878679691739,6.28168,-75.57518,Private room,Private room in home,5,21.73,Medellin
1645137289494898629,6.2643,-75.5936,Private room,Private room in rental unit,8,28.74,Medellin
1619627635886317840,6.23846,-75.60513,Entire home/apt,Entire rental unit,2,140.94,Medellin
1290629253889567265,6.3371,-75.5493,Entire home/apt,Entire rental unit,9,47.11,Medellin
768725664802370602,6.1636,-75.5906,Entire home/apt,Entire rental unit,107,46.08,Medellin
1562638078222408856,6.232193835510624,-75.60714111337059,Entire home/apt,Entire rental unit,14,83.0,Medellin
833580951105823024,6.17317,-75.5616,Entire home/apt,Entire home,70,147.4,Medellin
833354228753759620,6.20904,-75.58622,Private room,Private room in home,4,18.87,Medellin
974134629356063151,6.27939,-75.59352,Entire home/apt,Entire rental unit,57,47.85,Medellin
45900885,6.250972755773476,-75.59391825002638,Entire home/apt,Entire rental unit,127,21.24,Medellin
1489362673624244143,6.339711344194232,-75.55735714150701,Entire home/apt,Entire rental unit,18,46.37,Medellin
968232163846246581,6.2436,-75.5597,Entire home/apt,Entire rental unit,48,47.18,Medellin
598680210250490112,6.2464,-75.5868,Private room,Private room in loft,182,46.42,Medellin
1714681881138335061,6.2121,-75.5721,Entire home/apt,Entire loft,1,59.26,Medellin
1414492056315241739,6.2082,-75.5665,Entire home/apt,Entire loft,74,109.94,Medellin
1414684928057616308,6.2419,-75.597,Private room,Private room in rental unit,0,45.55,Medellin
673845525147025463,6.2524,-75.5919,Entire home/apt,Entire serviced apartment,140,89.9,Medellin
1437227550501338617,6.2435,-75.5594,Entire home/apt,Entire loft,30,34.25,Medellin
1657866920489320750,6.174003501530911,-75.57916047471687,Entire home/apt,Entire rental unit,2,37.78,Medellin
1154505463544187907,6.24223,-75.57306,Private room,Room in hotel,0,46.07,Medellin
912638796735212725,6.2126,-75.5845,Private room,Room in hotel,0,64.57,Medellin
8521645,6.1804,-75.5846,Private room,Private room in condo,39,28.5,Medellin
39839890,6.2103,-75.5875,Private room,Private room in home,0,37.53,Medellin
22999918,6.27562,-75.49567,Entire home/apt,Entire cottage,35,77.27,Medellin
1101484553480020267,6.2522,-75.5882,Private room,Room in hotel,0,52.2,Medellin
1242914117321126867,6.151233321933248,-75.62261177082102,Entire home/apt,Entire condo,6,53.37,Medellin
1180475217729134642,6.2139,-75.5721,Entire home/apt,Entire rental unit,60,61.35,Medellin
1454546819889345182,6.183982823217088,-75.57269628135059,Private room,Private room in rental unit,0,45.55,Medellin
1178864364367427510,6.25795,-75.59527,Entire home/apt,Entire rental unit,84,60.82,Medellin
1405241587890449632,6.244456669208752,-75.58605395776478,Entire home/apt,Entire rental unit,27,61.11,Medellin
1634993179045235520,6.2,-75.5692,Private room,Room in hotel,3,119.37,Medellin
1187815893644155989,6.2396,-75.5832,Private room,Room in hotel,2,52.61,Medellin
1026898590085484184,6.27142,-75.56194,Private room,Private room in guesthouse,29,39.95,Medellin
1637360571210039126,6.1756,-75.5837,Private room,Private room in home,0,37.25,Medellin
1308984810365234810,6.2399,-75.5966,Entire home/apt,Entire rental unit,22,67.77,Medellin
1696481603080426833,6.2107,-75.5648,Entire home/apt,Room in aparthotel,3,152.35,Medellin
960221971109966772,6.2488,-75.6044,Entire home/apt,Entire loft,131,34.19,Medellin
1543720145053451356,6.1839,-75.5772,Entire home/apt,Entire rental unit,18,57.57,Medellin
1539136327827704021,6.214,-75.5607,Entire home/apt,Entire rental unit,26,61.4,Medellin
844393178982507116,6.27896,-75.57728,Private room,Private room in vacation home,5,53.37,Medellin
1389849348574236236,6.1969,-75.5779,Entire home/apt,Entire rental unit,36,66.6,Medellin
688903841322062883,6.29223,-75.61805,Private room,Private room in nature lodge,6,109.94,Medellin
1602220106737508184,6.31178,-75.56428,Entire home/apt,Entire rental unit,0,63.8,Medellin
846351180018141850,6.24311,-75.58628,Entire home/apt,Entire loft,23,61.2,Medellin
911736041443637737,6.2542,-75.5853,Entire home/apt,Entire rental unit,5,36.3,Medellin
941395096403238395,6.1705,-75.6169,Entire home/apt,Entire rental unit,15,46.18,Medellin
1683477728919272952,6.171153984656069,-75.58153334270963,Private room,Room in hotel,1,44.24,Medellin
1629035976876649569,6.2427,-75.5988,Private room,Room in hotel,0,56.04,Medellin
43530888,6.2507,-75.60669,Entire home/apt,Entire loft,37,37.17,Medellin
1506819438511529058,6.24856,-75.59562,Entire home/apt,Entire rental unit,13,44.72,Medellin
1673479161323746610,6.17458,-75.63577,Entire home/apt,Entire rental unit,5,48.34,Medellin
1431355271827112534,6.2513,-75.6035,Entire home/apt,Entire rental unit,12,45.64,Medellin
1322602266219826665,6.24549,-75.5843,Entire home/apt,Entire rental unit,10,49.07,Medellin
1546570753767081629,6.1932,-75.5815,Entire home/apt,Entire rental unit,8,44.77,Medellin
1447261806468805385,6.22956,-75.60063,Entire home/apt,Entire rental unit,2,45.61,Medellin
914768118557891508,6.2503,-75.5894,Entire home/apt,Entire rental unit,6,45.64,Medellin
1701724655796891124,6.24497,-75.56586,Private room,Room in hotel,0,44.84,Medellin
1295767906767591771,6.2319329965969965,-75.60247762605808,Entire home/apt,Entire rental unit,0,45.87,Medellin
1574111529385827363,6.2564,-75.5636,Entire home/apt,Entire rental unit,0,44.98,Medellin
1379971639612185515,6.244480238636513,-75.58583934235696,Entire home/apt,Entire loft,33,44.67,Medellin
1706657884305003180,6.2518,-75.5923,Entire home/apt,Entire rental unit,2,46.01,Medellin
1615594400616994916,6.2751,-75.5952,Entire home/apt,Entire rental unit,13,44.09,Medellin
1115920529595358785,6.2431,-75.5954,Entire home/apt,Entire rental unit,39,61.67,Medellin
1266030253191711444,6.1972,-75.5659,Entire home/apt,Entire rental unit,57,47.4,Medellin
53198773,6.33895,-75.55434,Entire home/apt,Entire rental unit,35,36.88,Medellin
1629804868567572150,6.2471,-75.5923,Entire home/apt,Entire rental unit,17,50.0,Medellin
1481175034793522916,6.2451,-75.5908,Entire home/apt,Entire rental unit,40,45.69,Medellin
52152414,6.20828,-75.57201,Private room,Private room in hostel,57,47.54,Medellin
1477946427113665893,6.24746,-75.59385,Entire home/apt,Entire rental unit,42,44.0,Medellin
4123306,6.19787,-75.56593,Private room,Private room in home,59,44.49,Medellin
24672431,6.20134,-75.56578,Entire home/apt,Entire loft,78,44.57,Medellin
1578519936796745486,6.2691,-75.5937,Private room,Private room in rental unit,2,44.44,Medellin
1070438323642590237,6.24543,-75.58322,Entire home/apt,Entire rental unit,23,48.77,Medellin
21749321,6.2511,-75.5939,Entire home/apt,Entire rental unit,139,44.4,Medellin
1644246977167328139,6.2048,-75.5808,Entire home/apt,Entire rental unit,12,45.0,Medellin
1678448195260114029,6.25558,-75.58465,Entire home/apt,Entire rental unit,0,44.83,Medellin
1701726629226247859,6.246230309222162,-75.56574238848121,Private room,Room in hotel,0,44.84,Medellin
1674780242122963957,6.23209,-75.60283,Private room,Private room in rental unit,3,44.42,Medellin
854061449142048073,6.24805,-75.60697,Entire home/apt,Entire rental unit,10,44.49,Medellin
874658311258278376,6.23537,-75.60078,Entire home/apt,Entire rental unit,66,44.85,Medellin
1269989736190861125,6.215,-75.5734,Entire home/apt,Entire rental unit,26,44.16,Medellin
42694028,6.19957,-75.58666,Entire home/apt,Entire loft,8,44.66,Medellin
1579044789945473453,6.246,-75.5905,Entire home/apt,Entire rental unit,8,44.42,Medellin
1601587081990595253,6.16653,-75.57007,Private room,Private room in rental unit,2,44.42,Medellin
1451840643980624609,6.2621,-75.5989,Private room,Private room in home,0,55.34,Medellin
1701711207362447766,6.244752965872546,-75.56633836472241,Private room,Room in hotel,0,44.84,Medellin
1295218072151285059,6.2458,-75.5845,Entire home/apt,Entire rental unit,22,44.52,Medellin
1593115282721917410,6.2018,-75.5862,Entire home/apt,Entire rental unit,18,44.01,Medellin
1137774236162888501,6.24225,-75.58765,Entire home/apt,Entire loft,50,44.8,Medellin
1249358216211816240,6.246143894820921,-75.58520786382068,Entire home/apt,Entire rental unit,39,44.84,Medellin
1348593255344759539,6.1767360947835614,-75.58019036903185,Entire home/apt,Entire rental unit,17,48.56,Medellin
864526595204868657,6.2183,-75.5934,Entire home/apt,Entire home,99,45.05,Medellin
1428140456025568913,6.17143860039055,-75.58753510451523,Private room,Private room in loft,3,44.96,Medellin
1602484251207588547,6.2001,-75.5702,Entire home/apt,Entire rental unit,7,113.77,Medellin
745342002609683478,6.2055,-75.58,Entire home/apt,Entire rental unit,178,44.4,Medellin
1523439724059660255,6.2486,-75.6012,Entire home/apt,Entire rental unit,0,44.3,Medellin
1016792983729215994,6.20269,-75.59496,Entire home/apt,Entire rental unit,38,44.62,Medellin
1701706004291195844,6.2452,-75.5654,Private room,Room in hotel,0,44.84,Medellin
1635187686898546138,6.201835419051866,-75.5581899728965,Entire home/apt,Entire rental unit,3,45.05,Medellin
1372072900986452172,6.245346564062436,-75.58587286891617,Entire home/apt,Entire loft,34,44.3,Medellin
1271981354524063419,6.1708,-75.5877,Private room,Private room in rental unit,18,44.22,Medellin
1514859106874408881,6.25276,-75.59209,Entire home/apt,Entire rental unit,34,44.3,Medellin
1331178516001778290,6.25301550676522,-75.59910072198844,Entire home/apt,Entire rental unit,27,44.53,Medellin
874035761387121751,6.19907,-75.58736,Entire home/apt,Entire rental unit,94,44.06,Medellin
1128968356918517138,6.1646,-75.5894,Entire home/apt,Entire rental unit,23,44.64,Medellin
694201938216658822,6.16537,-75.46081,Entire home/apt,Tiny home,145,131.74,Medellin
971563668091429771,6.2436,-75.6044,Entire home/apt,Entire loft,50,45.48,Medellin
1701722944193376559,6.244561994100882,-75.5658099018959,Private room,Room in hotel,0,44.84,Medellin
853493933326008783,6.2471,-75.5946,Entire home/apt,Entire rental unit,65,44.6,Medellin
26982325,6.213763,-75.571373,Hotel room,Room in boutique hotel,149,44.64,Medellin
1192030643840347419,6.2114,-75.5722,Private room,Private room in home,154,52.28,Medellin
1466777741235478663,6.2397,-75.5947,Entire home/apt,Entire rental unit,17,44.84,Medellin
1726932690742673563,6.2351,-75.6006,Entire home/apt,Entire rental unit,0,45.19,Medellin
53565271,6.23428,-75.6021,Entire home/apt,Entire rental unit,27,52.75,Medellin
979974176118414949,6.24605,-75.60356,Private room,Room in hotel,17,52.98,Medellin
1428511778278791372,6.2,-75.5618,Entire home/apt,Entire rental unit,40,54.92,Medellin
1711783974789115512,6.2419,-75.5593,Private room,Room in hotel,0,52.75,Medellin
50692751,6.2458,-75.6025,Private room,Room in boutique hotel,147,52.98,Medellin
804477871316853340,6.24628,-75.5877,Entire home/apt,Entire rental unit,54,61.36,Medellin
1699592136866399144,6.2476,-75.5895,Entire home/apt,Entire rental unit,1,52.52,Medellin
1683463907093168915,6.17287,-75.58289,Private room,Room in hotel,3,52.2,Medellin
1489881135647969435,6.2438,-75.5836,Private room,Private room in rental unit,45,54.07,Medellin
1642848381511439456,6.2317,-75.595,Private room,Room in hotel,1,52.96,Medellin
1530799898254104088,6.2452,-75.5932,Entire home/apt,Entire rental unit,2,52.21,Medellin
1543612295973564452,6.2412,-75.602,Entire home/apt,Entire rental unit,19,55.29,Medellin
1701725634663265265,6.244346960748549,-75.56491644934343,Private room,Room in hotel,0,44.84,Medellin
969058330234874356,6.2365,-75.5847,Entire home/apt,Entire condo,70,54.11,Medellin
50752038,6.19647,-75.56758,Private room,Private room in home,29,52.69,Medellin
1398184619978503063,6.2192,-75.5932,Entire home/apt,Entire home,12,54.1,Medellin
1720348400900477326,6.2405,-75.6029,Entire home/apt,Entire rental unit,0,64.99,Medellin
1102864547874525152,6.25513,-75.60073,Entire home/apt,Entire serviced apartment,24,65.67,Medellin
842200041179367395,6.19132,-75.57954,Entire home/apt,Entire rental unit,98,52.69,Medellin
43398828,6.24458,-75.60576,Entire home/apt,Entire rental unit,32,53.74,Medellin
1686403169754107179,6.219325809133617,-75.4989597822161,Private room,Private room in bed and breakfast,0,54.66,Medellin
1036433064799339189,6.247,-75.6033,Entire home/apt,Entire rental unit,52,52.23,Medellin
1452210213964585778,6.210473945202727,-75.57182241624892,Entire home/apt,Entire rental unit,35,44.2,Medellin
1314847976691032916,6.240505761100804,-75.59116142868315,Private room,Room in hotel,10,52.32,Medellin
1700880857033354190,6.2428,-75.5861,Entire home/apt,Entire rental unit,0,65.0,Medellin
1199710690759407846,6.1908,-75.581,Entire home/apt,Entire rental unit,49,52.92,Medellin
1711782913729680269,6.2419,-75.5593,Private room,Room in hotel,0,52.62,Medellin
881937919451851340,6.17123,-75.58146,Entire home/apt,Entire rental unit,184,52.14,Medellin
1079852402104340975,6.17176,-75.59257,Entire home/apt,Entire loft,59,58.42,Medellin
1729289275888466073,6.2056,-75.5825,Entire home/apt,Entire rental unit,0,52.21,Medellin
1065274917195246912,6.20419,-75.55969,Entire home/apt,Entire rental unit,19,52.92,Medellin
1313953454992682205,6.2389199270305715,-75.5958086364717,Entire home/apt,Entire rental unit,30,52.28,Medellin
1263783680486546882,6.214521776374866,-75.5720980766688,Private room,Room in hotel,3,59.93,Medellin
1654580015121675821,6.228,-75.5869,Entire home/apt,Entire rental unit,0,46.01,Medellin
1329012164532039971,6.2548,-75.59882,Entire home/apt,Entire rental unit,28,52.21,Medellin
1379974884093610260,6.177,-75.6059,Entire home/apt,Entire home,41,52.52,Medellin
1363723762664799402,6.238674172996748,-75.59452354593414,Entire home/apt,Entire rental unit,7,40.15,Medellin
1396579744342329105,6.2488,-75.5621,Private room,Private room in guesthouse,6,52.0,Medellin
970384315215626101,6.20305,-75.48575,Private room,Private room in home,0,54.86,Medellin
1701713423193187218,6.24413,-75.56566,Private room,Room in hotel,1,44.85,Medellin
922681377017880342,6.2476,-75.5894,Entire home/apt,Entire rental unit,3,,Medellin
1223438616369392727,6.1706,-75.58,Entire home/apt,Entire loft,20,44.76,Medellin
1110869260366053185,6.2441,-75.5652,Private room,Room in hotel,1,44.53,Medellin
1604717312039243145,6.262010423011932,-75.43976356781992,Private room,Room in hotel,0,44.67,Medellin
2701329,6.24695,-75.5912,Entire home/apt,Entire rental unit,32,49.26,Medellin
1654718108399197911,6.2432,-75.5558,Entire home/apt,Entire rental unit,0,52.43,Medellin
50175035,6.191,-75.58006,Entire home/apt,Entire rental unit,34,52.69,Medellin
29775186,6.214193,-75.573433,Hotel room,Room in hostel,126,52.27,Medellin
1646625062086644927,6.191041176715714,-75.59408816236503,Entire home/apt,Entire rental unit,1,39.14,Medellin
1314839615422104988,6.239902726973781,-75.59291350022617,Private room,Room in hotel,9,52.14,Medellin
531851934012039194,6.20699,-75.58463,Entire home/apt,Entire serviced apartment,18,46.01,Medellin
1269796797507032315,6.1757,-75.5888,Entire home/apt,Entire rental unit,25,53.37,Medellin
1650760113541495772,6.2391,-75.584,Entire home/apt,Entire rental unit,10,52.66,Medellin
826025527855199298,6.262,-75.5964,Entire home/apt,Entire loft,4,45.93,Medellin
50423377,6.24942,-75.59239,Entire home/apt,Entire rental unit,20,47.98,Medellin
1698068152699693579,6.219,-75.6074,Entire home/apt,Entire rental unit,1,41.02,Medellin
1471216592008553084,6.2376,-75.603,Entire home/apt,Entire rental unit,26,52.65,Medellin
1328379951401918165,6.2052,-75.5835,Private room,Private room in rental unit,0,55.59,Medellin
22206303,6.186,-75.554,Entire home/apt,Entire rental unit,140,52.44,Medellin
1079996355978675319,6.2452,-75.5656,Entire home/apt,Entire serviced apartment,0,54.34,Medellin
15267810,6.25154,-75.59869,Entire home/apt,Entire rental unit,57,44.18,Medellin
1395186134140310493,6.250138409351147,-75.62158349682412,Entire home/apt,Entire rental unit,6,52.58,Medellin
1717485885462531266,6.2476,-75.5895,Entire home/apt,Entire rental unit,0,52.45,Medellin
1620334370981970065,6.2428,-75.5988,Private room,Room in hotel,0,56.04,Medellin
54369780,6.25985,-75.56478,Entire home/apt,Entire serviced apartment,8,44.99,Medellin
1135536929079489336,6.21321,-75.57467,Entire home/apt,Entire rental unit,44,44.64,Medellin
25405112,6.18278,-75.56203,Entire home/apt,Entire rental unit,53,47.34,Medellin
1415898386839930484,6.1699,-75.5951,Entire home/apt,Entire rental unit,1,44.39,Medellin
46658765,6.2751,-75.5829,Entire home/apt,Entire rental unit,43,52.21,Medellin
54145546,6.2226,-75.50247,Entire home/apt,Entire place,0,52.7,Medellin
899561994209137290,6.1459,-75.6151,Entire home/apt,Entire rental unit,27,53.73,Medellin
1450178653849018479,6.1434,-75.6145,Entire home/apt,Entire rental unit,27,52.11,Medellin
1112827461237934239,6.16509,-75.58569,Entire home/apt,Entire rental unit,13,38.64,Medellin
625226079573571903,6.17424,-75.58386,Entire home/apt,Entire rental unit,7,46.99,Medellin
892843139151117416,6.21144,-75.57239,Private room,Room in hotel,2,68.62,Medellin
1559051784309819865,6.25068,-75.59446,Entire home/apt,Entire rental unit,2,52.39,Medellin
1079994075055726326,6.2452,-75.5656,Private room,Room in hotel,0,54.34,Medellin
1100855283833654679,6.24309,-75.55114,Entire home/apt,Entire home,0,55.22,Medellin
636891126440113131,6.20173,-75.58575,Entire home/apt,Entire serviced apartment,41,44.2,Medellin
52632941,6.2492,-75.5924,Entire home/apt,Entire loft,228,58.43,Medellin
1690715553218158830,6.2471,-75.5909,Entire home/apt,Entire rental unit,2,52.0,Medellin
941925629211405852,6.2348,-75.5867,Entire home/apt,Entire serviced apartment,29,53.36,Medellin
1027161867354039845,6.1533,-75.6155,Entire home/apt,Entire rental unit,8,52.92,Medellin
1418167472729717108,6.187,-75.5691,Entire home/apt,Entire rental unit,2,,Medellin
733254511304456812,6.2456,-75.5869,Entire home/apt,Entire rental unit,59,61.36,Medellin
11667999,6.2571,-75.59983,Entire home/apt,Entire rental unit,94,40.92,Medellin
1366143072693781669,6.1515,-75.6145,Entire home/apt,Entire serviced apartment,43,52.39,Medellin
859377302859045446,6.1836,-75.598,Entire home/apt,Entire rental unit,51,,Medellin
1532859684313486142,6.150963954110232,-75.61835102108739,Entire home/apt,Entire rental unit,3,,Medellin
1156631422612132869,6.2517,-75.5882,Private room,Room in hotel,1,,Medellin
1650102491480741250,6.1517,-75.6193,Entire home/apt,Entire rental unit,2,,Medellin
1466760650577226714,6.189,-75.5942,Entire home/apt,Entire rental unit,5,,Medellin
4324093,6.22061,-75.49643,Entire home/apt,Entire chalet,67,,Medellin
1200080351121434396,6.1463,-75.615,Entire home/apt,Entire rental unit,0,,Medellin
17209530,6.24657,-75.58919,Entire home/apt,Entire rental unit,15,,Medellin
1465270835404871871,6.2471,-75.5909,Entire home/apt,Entire rental unit,9,,Medellin
51586544,6.22071,-75.58247,Private room,Room in boutique hotel,50,,Medellin
1570667480292519462,6.22545,-75.59973,Entire home/apt,Entire rental unit,6,,Medellin
631347854569198941,6.24957,-75.59125,Entire home/apt,Entire vacation home,40,,Medellin
1550261793951060305,6.2446,-75.6036,Entire home/apt,Entire rental unit,0,,Medellin
955973130819977738,6.20539,-75.57706,Private room,Private room in rental unit,5,,Medellin
1693817895936996021,6.2516,-75.5966,Private room,Room in hotel,0,,Medellin
977775996865370832,6.2383,-75.5827,Entire home/apt,Entire rental unit,4,,Medellin
51656039,6.2839,-75.5825,Entire home/apt,Entire rental unit,23,63.69,Medellin
1593040985207737222,6.28843,-75.58819,Entire home/apt,Entire home,2,,Medellin
52275570,6.20973,-75.58988,Private room,Private room in home,0,,Medellin
821616402316793181,6.20784,-75.55076,Private room,Private room in home,14,,Medellin
46369295,6.2087,-75.5551,Private room,Private room in bed and breakfast,3,,Medellin
2641324,6.2483,-75.59097,Entire home/apt,Entire rental unit,32,,Medellin
841405995816909110,6.18794,-75.56368,Private room,Private room in rental unit,0,,Medellin
1222355593855550500,6.25194,-75.56611,Entire home/apt,Entire loft,2,,Medellin
1247897486203754769,6.18863,-75.59372,Entire home/apt,Entire rental unit,25,,Medellin
53689934,6.23384,-75.60228,Private room,Private room in serviced apartment,11,,Medellin
1015481013614196749,6.23411,-75.60104,Entire home/apt,Entire rental unit,13,,Medellin
932776359442550909,6.2376,-75.5846,Entire home/apt,Entire rental unit,1,,Medellin
1729415877255539128,6.2038,-75.6052,Entire home/apt,Entire rental unit,0,,Medellin
1329116732431393451,6.253515418977125,-75.59998638922995,Entire home/apt,Entire rental unit,45,44.84,Medellin
1506074757846415534,6.2541,-75.6008,Entire home/apt,Entire rental unit,22,45.64,Medellin
1222611554433251740,6.2466,-75.6027,Private room,Room in hotel,5,,Medellin
1464829778899860529,6.2451,-75.5854,Entire home/apt,Entire loft,33,44.34,Medellin
1329883630690735157,6.254358647033987,-75.5990015364285,Entire home/apt,Entire rental unit,61,45.45,Medellin
1252345144956853551,6.231310078041587,-75.60349742466447,Entire home/apt,Entire rental unit,37,44.63,Medellin
709323322133618560,6.24451,-75.5909,Entire home/apt,Entire loft,7,,Medellin
1726892353779781868,6.1659,-75.5891,Entire home/apt,Entire rental unit,1,45.0,Medellin
725296056712641828,6.20059,-75.58682,Entire home/apt,Entire serviced apartment,80,45.25,Medellin
598728645428343358,6.2464,-75.5868,Private room,Private room in loft,172,44.08,Medellin
1724793434233484373,6.14959843113375,-75.61698124545809,Entire home/apt,Entire rental unit,0,,Medellin
1331297980892580756,6.25456,-75.60087,Entire home/apt,Entire rental unit,27,44.53,Medellin
1491372431580773130,6.23119,-75.60245,Entire home/apt,Entire rental unit,10,44.63,Medellin
1422128870952821191,6.25329393424917,-75.58675730424451,Entire home/apt,Entire rental unit,38,44.59,Medellin
630425310075438802,6.25962,-75.59202,Entire home/apt,Entire rental unit,87,44.8,Medellin
35455979,6.24959,-75.60248,Entire home/apt,Entire rental unit,15,,Medellin
1505340574399807763,6.1433,-75.6054,Entire home/apt,Entire rental unit,2,52.76,Medellin
1361725440934661094,6.248139355671531,-75.56378124930772,Private room,Room in hotel,1,,Medellin
910839904698842830,6.25171,-75.61157,Entire home/apt,Entire rental unit,71,47.6,Medellin
41397363,6.2135,-75.5736,Entire home/apt,Entire rental unit,447,59.24,Medellin
1255262081909478208,6.231275971665786,-75.60362188269015,Entire home/apt,Entire rental unit,34,44.96,Medellin
1544515715084198714,6.2369,-75.5925,Private room,Room in hotel,4,52.06,Medellin
1341309210999858615,6.15114749402475,-75.6188029627794,Entire home/apt,Entire rental unit,14,52.26,Medellin
38405833,6.23302,-75.60385,Entire home/apt,Entire condo,150,44.52,Medellin
904970573619200713,6.23789,-75.59764,Entire home/apt,Entire rental unit,66,49.75,Medellin
1167353483824105478,6.3129,-75.649,Private room,Private room in nature lodge,42,107.67,Medellin
1263878760105660935,6.230437064493723,-75.6042526584394,Entire home/apt,Entire rental unit,28,44.3,Medellin
1701716344826184908,6.2446928434761215,-75.56423117831886,Private room,Room in hotel,0,44.84,Medellin
848559895918338255,6.25791,-75.59508,Entire home/apt,Entire rental unit,47,46.01,Medellin
1557623113101320229,6.24781,-75.59458,Entire home/apt,Entire rental unit,32,107.72,Medellin
660271633199436950,6.2449,-75.5917,Entire home/apt,Entire loft,103,44.2,Medellin
931249098659641659,6.26502,-75.55867,Entire home/apt,Entire rental unit,47,44.3,Medellin
1436425939866979174,6.23022,-75.60633,Entire home/apt,Entire rental unit,24,52.78,Medellin
45479993,6.16783,-75.63269,Private room,Private room in rental unit,25,45.82,Medellin
1445010664783526567,6.233402606662255,-75.6055837957809,Entire home/apt,Entire rental unit,0,152.37,Medellin
53510337,6.19671,-75.57635,Entire home/apt,Entire condo,140,44.72,Medellin
1237960732812312054,6.25851,-75.59374,Entire home/apt,Entire rental unit,43,142.83,Medellin
1105810398386650356,6.24245,-75.55553,Entire home/apt,Entire rental unit,25,54.14,Medellin
1025557265147462181,6.248,-75.5918,Entire home/apt,Entire loft,15,52.21,Medellin
1557627962787557055,6.2475,-75.5951,Entire home/apt,Entire rental unit,31,96.89,Medellin
1385045426853683400,6.23908,-75.60479,Entire home/apt,Entire rental unit,2,149.43,Medellin
1256918988650900122,6.2314,-75.6049,Private room,Private room in guesthouse,0,35.48,Medellin
1261290493404388782,6.237907909058694,-75.59601904364152,Entire home/apt,Entire condo,56,60.0,Medellin
1724745452666491756,6.2106,-75.5677,Private room,Room in hotel,0,76.17,Medellin
21692770,6.248,-75.6076,Entire home/apt,Entire serviced apartment,158,52.2,Medellin
905057592651087299,6.2354,-75.6018,Entire home/apt,Entire serviced apartment,16,44.49,Medellin
1101487380965501232,6.2522,-75.5882,Private room,Room in hotel,1,,Medellin
48391863,6.2092,-75.567,Entire home/apt,Entire loft,419,55.0,Medellin
1522183422193754272,6.2071,-75.5735,Entire home/apt,Entire rental unit,24,109.6,Medellin
1214445990179153082,6.2649,-75.5926,Private room,Private room in home,3,,Medellin
1699561408844415320,6.241452666916758,-75.59642165724094,Entire home/apt,Entire rental unit,2,71.82,Medellin
1491637032131427802,6.1713,-75.5922,Private room,Private room in home,0,42.07,Medellin
1565467910263396910,6.25988659467804,-75.59828087897156,Private room,Private room in home,2,35.56,Medellin
1516985153009305859,6.180889504858138,-75.56361829663489,Entire home/apt,Entire loft,9,99.87,Medellin
1691263206997238195,6.2438,-75.5836,Entire home/apt,Entire rental unit,0,61.55,Medellin
1047423709364563386,6.2081,-75.5647,Entire home/apt,Entire loft,103,60.88,Medellin
1501409477655772400,6.253461797323486,-75.58656033833249,Entire home/apt,Entire rental unit,0,75.37,Medellin
1574305679592871475,6.202,-75.5858,Entire home/apt,Entire rental unit,18,52.09,Medellin
35908549,6.24695,-75.59179,Entire home/apt,Entire rental unit,180,34.56,Medellin
1477069357113682517,6.24895,-75.59253,Entire home/apt,Entire rental unit,55,34.6,Medellin
1062369802749824682,6.22706,-75.56161,Entire home/apt,Entire rental unit,0,139.86,Medellin
1256006885505689350,6.230392590589052,-75.6025630940472,Entire home/apt,Entire rental unit,43,44.96,Medellin
1546600270753774653,6.1929,-75.58258,Entire home/apt,Entire rental unit,5,34.27,Medellin
19307548,6.2115,-75.5589,Entire home/apt,Entire loft,269,139.0,Medellin
1700769233661878452,6.2751,-75.5829,Entire home/apt,Entire rental unit,1,45.85,Medellin
1261853066277162485,6.237228451144517,-75.59581364557359,Entire home/apt,Entire rental unit,63,44.6,Medellin
1265690357864119829,6.2554378809865945,-75.58500146768488,Private room,Private room in bed and breakfast,0,60.5,Medellin
1297287968544694635,6.15738,-75.58461,Private room,Private room in home,10,18.16,Medellin
954483842452098398,6.18854,-75.59222,Entire home/apt,Entire rental unit,21,,Medellin
833367412820552126,6.20911,-75.58529,Private room,Private room in home,2,18.41,Medellin
1484981721789231401,6.2506,-75.5969,Entire home/apt,Entire rental unit,0,50.05,Medellin
1178282879538101756,6.29674,-75.53764,Private room,Private room in home,0,60.5,Medellin
1068392311440681705,6.25299,-75.61405,Entire home/apt,Entire rental unit,0,49.99,Medellin
778497042005939078,6.1605,-75.60714,Entire home/apt,Entire rental unit,157,58.0,Medellin
871006290009093523,6.20268,-75.56009,Entire home/apt,Entire rental unit,145,58.99,Medellin
607868781242994875,6.23388,-75.5913,Entire home/apt,Entire rental unit,31,48.4,Medellin
53944117,6.2106,-75.5679,Entire home/apt,Entire loft,296,58.32,Medellin
1720659517169014342,6.1992,-75.5596,Entire home/apt,Entire rental unit,2,58.17,Medellin
873129299914726779,6.2084,-75.5597,Entire home/apt,Entire rental unit,128,58.4,Medellin
1509689516190126852,6.161004796734752,-75.60493612220856,Entire home/apt,Entire rental unit,33,58.68,Medellin
1686772185276296325,6.2135,-75.5736,Entire home/apt,Entire rental unit,5,117.65,Medellin
1496618509525058925,6.2096,-75.571,Entire home/apt,Entire rental unit,39,64.35,Medellin
1131913007910052427,6.1992,-75.5654,Entire home/apt,Entire loft,183,58.26,Medellin
24057555,6.1927,-75.5806,Entire home/apt,Entire serviced apartment,252,65.26,Medellin
813297590647970493,6.2083,-75.5598,Entire home/apt,Entire loft,78,60.0,Medellin
45640752,6.2137,-75.5717,Entire home/apt,Entire rental unit,377,61.4,Medellin
1323305627409536567,6.24819,-75.55673,Entire home/apt,Entire rental unit,53,26.14,Medellin
896137797777516749,6.20965,-75.55809,Private room,Private room in home,140,58.6,Medellin
752847061389732752,6.22441,-75.59185,Private room,Private room in home,6,18.41,Medellin
1262528388407334866,6.2394406425102735,-75.5964044373437,Entire home/apt,Entire condo,63,44.2,Medellin
1613868373306101848,6.2527,-75.6023,Entire home/apt,Entire rental unit,11,60.77,Medellin
1372774698791785223,6.243767842702887,-75.58401259413951,Entire home/apt,Entire loft,51,44.58,Medellin
1714095933902708275,6.2402,-75.4421,Private room,Room in hotel,0,202.43,Medellin
1561792641699144530,6.248091355153925,-75.601376475136,Entire home/apt,Entire loft,3,61.91,Medellin
1569060023735504531,6.1742,-75.5914,Entire home/apt,Entire rental unit,23,198.8,Medellin
1538472639074426592,6.2122,-75.5731,Entire home/apt,Entire serviced apartment,8,198.0,Medellin
1293754959518940805,6.31626,-75.55897,Entire home/apt,Entire rental unit,14,193.52,Medellin
1654526714515143903,6.22322,-75.57344,Entire home/apt,Entire rental unit,3,200.95,Medellin
1273414612160201827,6.2045,-75.5642,Entire home/apt,Entire rental unit,33,192.44,Medellin
1475732404915499077,6.2553,-75.6148,Private room,Private room in guesthouse,3,36.85,Medellin
1161968946633371283,6.2204,-75.5926,Entire home/apt,Entire rental unit,29,37.5,Medellin
1226835452617092944,6.2825,-75.4446,Entire home/apt,Entire villa,18,201.5,Medellin
826009970605571367,6.262,-75.5964,Private room,Private room in home,2,37.8,Medellin
1401575168695314716,6.2153,-75.5708,Entire home/apt,Entire rental unit,40,198.6,Medellin
549489564342586074,6.26194,-75.56484,Entire home/apt,Entire rental unit,43,36.11,Medellin
1691617178244632781,6.277242427357781,-75.59773048715935,Private room,Private room in rental unit,0,44.82,Medellin
1698939851593484099,6.1768,-75.589,Entire home/apt,Entire rental unit,1,204.02,Medellin
1543570764195685679,6.1792,-75.5806,Entire home/apt,Entire rental unit,13,189.6,Medellin
1557446784290993220,6.25082,-75.59196,Entire home/apt,Entire rental unit,19,37.54,Medellin
1440687692373953058,6.20805,-75.57487,Entire home/apt,Entire rental unit,11,190.14,Medellin
907408843035153144,6.25048,-75.58607,Entire home/apt,Entire home,106,208.49,Medellin
1483678529728846542,6.2472,-75.5868,Entire home/apt,Entire rental unit,37,197.4,Medellin
40288291,6.2469,-75.5887,Entire home/apt,Entire home,190,191.0,Medellin
1620354832633260985,6.2428,-75.5988,Private room,Room in hotel,0,45.0,Medellin
1661101551022626431,6.2535,-75.5936,Entire home/apt,Entire rental unit,9,190.28,Medellin
1424362113895992964,6.264943142673334,-75.60055993542508,Entire home/apt,Entire home,13,191.64,Medellin
1395305472040824221,6.1653169973290485,-75.64628479485586,Private room,Private room in rental unit,1,37.54,Medellin
1171052156019921136,6.23064,-75.60713,Entire home/apt,Entire rental unit,12,37.17,Medellin
1196688530863547262,6.2063,-75.5546,Entire home/apt,Entire rental unit,48,200.49,Medellin
1332914303565252025,6.2094526618423505,-75.56619016629372,Private room,Room in hotel,22,189.5,Medellin
1435741142894888785,6.2322,-75.6087,Entire home/apt,Entire rental unit,5,37.64,Medellin
1297910836208343820,6.251600430620502,-75.59014911069383,Private room,Private room in rental unit,16,36.85,Medellin
682591581434186362,6.245,-75.592,Entire home/apt,Entire loft,9,203.0,Medellin
1165862487250752758,6.17358,-75.57116,Entire home/apt,Entire rental unit,16,61.96,Medellin
1681262423676270599,6.2323,-75.5919,Entire home/apt,Entire rental unit,2,36.3,Medellin
14076489,6.21257,-75.55997,Entire home/apt,Entire rental unit,209,193.89,Medellin
53410043,6.27186,-75.55009,Entire home/apt,Entire guesthouse,34,26.51,Medellin
1629915413175996877,6.3622835159996685,-75.48739956032033,Private room,Room in boutique hotel,0,190.29,Medellin
797976990603895802,6.2528,-75.6023,Private room,Private room in home,1,26.82,Medellin
50958991,6.17394,-75.586,Entire home/apt,Entire guesthouse,50,36.83,Medellin
1245154341272625643,6.243901014512228,-75.60161935641945,Private room,Room in hotel,14,40.67,Medellin
39021819,6.26535,-75.56541,Hotel room,Room in bed and breakfast,0,37.17,Medellin
53982132,6.21184,-75.5723,Entire home/apt,Entire home,151,216.34,Medellin
45848808,6.18611,-75.56982,Entire home/apt,Entire rental unit,55,242.96,Medellin
42254286,6.2384,-75.5901,Entire home/apt,Entire rental unit,41,42.57,Medellin
954592505465002326,6.21044,-75.57067,Entire home/apt,Entire rental unit,48,200.89,Medellin
1663870089206757534,6.17855,-75.58024,Entire home/apt,Entire rental unit,2,198.97,Medellin
41111766,6.24384,-75.6054,Entire home/apt,Entire rental unit,18,37.53,Medellin
1129604909477221892,6.17044,-75.58961,Entire home/apt,Entire rental unit,16,36.6,Medellin
1380888898411037994,6.228,-75.5648,Private room,Private room in rental unit,0,36.1,Medellin
1353173138970013649,6.315331118626849,-75.4573028862919,Entire home/apt,Entire cottage,1,244.14,Medellin
46527786,6.1627,-75.5686,Private room,Private room in home,27,36.53,Medellin
1070438341366708290,6.2447,-75.6011,Private room,Private room in guesthouse,0,45.45,Medellin
1277304198609884983,6.2099943878761295,-75.5693035328899,Entire home/apt,Entire rental unit,28,200.21,Medellin
39362832,6.25747,-75.57084,Private room,Private room in bed and breakfast,1,37.17,Medellin
1100037820109816182,6.2613,-75.5944,Private room,Private room in home,6,36.79,Medellin
1688569301159115907,6.2365,-75.5881,Private room,Private room in guesthouse,0,36.24,Medellin
805981367008545941,6.2124,-75.5021,Private room,Private room in cottage,1,37.25,Medellin
1356831318749876526,6.23246,-75.60325,Private room,Private room in home,1,43.93,Medellin
1390188302263774189,6.24986399933642,-75.59845437996347,Entire home/apt,Entire rental unit,7,37.54,Medellin
1561822914530166851,6.2474,-75.5646,Private room,Room in hotel,0,36.1,Medellin
39774117,6.25637,-75.59636,Private room,Private room in home,102,40.29,Medellin
1042889243618126622,6.2532,-75.5863,Entire home/apt,Entire rental unit,114,197.27,Medellin
1242754663571174046,6.2101,-75.5654,Entire home/apt,Entire rental unit,67,202.4,Medellin
1668509233096244380,6.1703,-75.5911,Entire home/apt,Entire rental unit,0,37.54,Medellin
1194233269756221964,6.2135,-75.5627,Entire home/apt,Entire rental unit,27,196.67,Medellin
39971925,6.2097,-75.5661,Entire home/apt,Entire serviced apartment,14,190.38,Medellin
1648289387811324616,6.2073,-75.5737,Entire home/apt,Entire condo,3,190.6,Medellin
618163646792505698,6.20346,-75.56098,Entire home/apt,Entire rental unit,117,202.88,Medellin
1380674312720516714,6.216,-75.5615,Entire home/apt,Entire home,31,203.6,Medellin
1610143987313069933,6.3968,-75.4578,Entire home/apt,Entire cabin,2,234.25,Medellin
810853716668309973,6.2987,-75.6204,Entire home/apt,Entire cottage,15,194.7,Medellin
38344671,6.32894,-75.43235,Entire home/apt,Entire villa,114,207.58,Medellin
927624485960361730,6.24523,-75.58908,Entire home/apt,Entire rental unit,50,195.06,Medellin
1694550214986406080,6.2471,-75.5845,Entire home/apt,Entire home,5,196.6,Medellin
1225298134345050268,6.21514,-75.57095,Entire home/apt,Entire home,20,293.14,Medellin
1650091156237990866,6.212061080338046,-75.57223411000717,Entire home/apt,Entire condo,4,149.41,Medellin
45291941,6.24293,-75.60241,Entire home/apt,Entire rental unit,34,42.52,Medellin
1350908497856287074,6.182090011283126,-75.57274640241147,Entire home/apt,Entire loft,25,209.31,Medellin
1268304903644639344,6.179552790042493,-75.4402981001344,Private room,Room in hotel,0,216.82,Medellin
1288455151597006962,6.1994,-75.5681,Entire home/apt,Entire rental unit,67,195.6,Medellin
51670183,6.25099,-75.55967,Private room,Private room in home,1,216.2,Medellin
1608252517181183840,6.1905,-75.5627,Entire home/apt,Entire rental unit,14,207.11,Medellin
1572717122099514740,6.213887321104379,-75.50380753856984,Entire home/apt,Entire cabin,0,214.82,Medellin
1517546348874762169,6.2109,-75.5676,Entire home/apt,Entire rental unit,14,208.32,Medellin
868261381767677970,6.2512,-75.5631,Private room,Room in hotel,0,205.15,Medellin
1141245687792324246,6.194,-75.577,Private room,Room in hotel,1,258.2,Medellin
1574093744061586186,6.2139,-75.573,Entire home/apt,Entire rental unit,12,198.2,Medellin
52365586,6.20931,-75.56497,Entire home/apt,Entire serviced apartment,176,202.0,Medellin
1420246338350013340,6.187,-75.5691,Entire home/apt,Entire rental unit,3,223.9,Medellin
785095991714387980,6.3807,-75.4839,Entire home/apt,Entire rental unit,1,220.83,Medellin
18315695,6.19824,-75.56807,Entire home/apt,Entire rental unit,31,217.27,Medellin
1188310437526142953,6.2105,-75.5661,Entire home/apt,Entire rental unit,61,202.81,Medellin
1650022677887277275,6.21023,-75.56595,Entire home/apt,Entire rental unit,3,197.17,Medellin
1563276705348380762,6.20457,-75.5628,Private room,Room in hotel,0,258.93,Medellin
1147813793191535270,6.2386,-75.5898,Private room,Room in hotel,3,215.24,Medellin
20722390,6.19831,-75.56708,Entire home/apt,Entire serviced apartment,56,205.05,Medellin
1617050794450479872,6.212646967942,-75.57455304162873,Entire home/apt,Entire rental unit,12,428.48,Medellin
1603878047747082328,6.22335,-75.59807,Entire home/apt,Entire home,0,220.83,Medellin
1353076802150177345,6.2054,-75.5641,Private room,Room in hotel,0,228.49,Medellin
28133892,6.2113,-75.5605,Entire home/apt,Entire serviced apartment,15,261.04,Medellin
1250301155781410956,6.2091,-75.5668,Entire home/apt,Entire rental unit,30,201.4,Medellin
1344266820893491240,6.381101610231055,-75.48434556462729,Private room,Room in hotel,0,217.15,Medellin
23074493,6.19755,-75.56711,Entire home/apt,Entire rental unit,17,217.27,Medellin
1466071671053374626,6.2556,-75.596,Entire home/apt,Casa particular,4,209.88,Medellin
1450989168702303356,6.354460737897184,-75.50994391053153,Private room,Room in hotel,2,196.54,Medellin
42049130,6.1907,-75.5657,Entire home/apt,Entire rental unit,142,189.67,Medellin
1599385820960604007,6.20858,-75.56702,Entire home/apt,Entire rental unit,29,197.65,Medellin
1534886839227417758,6.24177,-75.58385,Entire home/apt,Entire home,0,206.98,Medellin
1077638349972448244,6.24873,-75.5897,Entire home/apt,Entire rental unit,33,216.6,Medellin
1133992247123218238,6.2079,-75.5755,Private room,Room in boutique hotel,0,209.46,Medellin
1319649696541236742,6.2406,-75.5852,Entire home/apt,Entire rental unit,16,42.92,Medellin
1575530756110639110,6.213862279752121,-75.57255155393041,Entire home/apt,Entire home,0,260.11,Medellin
1399995038552308340,6.260196377109685,-75.59024060581588,Entire home/apt,Entire rental unit,3,226.53,Medellin
40138165,6.24484,-75.58782,Entire home/apt,Entire rental unit,45,217.61,Medellin
1584794399834328156,6.2158,-75.5708,Private room,Room in hotel,0,210.32,Medellin
873200002553269095,6.211,-75.5647,Entire home/apt,Entire rental unit,12,254.0,Medellin
628477717076704607,6.2107,-75.5687,Entire home/apt,Entire rental unit,102,204.21,Medellin
1080475298591140314,6.2113,-75.5029,Private room,Room in hotel,0,220.83,Medellin
581870080548216888,6.2352,-75.5898,Entire home/apt,Tiny home,73,36.0,Medellin
1175705021491678274,6.20877,-75.56914,Entire home/apt,Entire rental unit,37,219.0,Medellin
40744980,6.19714,-75.56767,Entire home/apt,Entire serviced apartment,15,211.04,Medellin
28130043,6.2113,-75.5605,Entire home/apt,Entire serviced apartment,5,264.94,Medellin
923189204832381346,6.2257,-75.5617,Entire home/apt,Entire rental unit,4,214.97,Medellin
1002937507635249188,6.2509,-75.5878,Private room,Room in hotel,0,214.54,Medellin
1081292724759695244,6.22725,-75.55139,Entire home/apt,Entire rental unit,0,167.09,Medellin
23961912,6.210874119772631,-75.55847392686094,Entire home/apt,Entire rental unit,286,200.6,Medellin
1570636380814506041,6.1971,-75.5743,Entire home/apt,Entire rental unit,1,220.83,Medellin
1569661763877200474,6.1916,-75.5655,Entire home/apt,Entire serviced apartment,7,206.0,Medellin
1224010874188358282,6.2111,-75.565,Entire home/apt,Entire rental unit,87,191.23,Medellin
1501888271783187568,6.2432,-75.5599,Entire home/apt,Entire condo,20,38.62,Medellin
1082768992198219322,6.19733,-75.55951,Entire home/apt,Entire rental unit,2,217.76,Medellin
1190584150506488362,6.29889,-75.63902,Entire home/apt,Entire cabin,1,220.83,Medellin
1496632586953416307,6.24831,-75.59227,Entire home/apt,Entire rental unit,75,36.0,Medellin
894930973341784174,6.19838,-75.56273,Entire home/apt,Entire home,49,214.88,Medellin
1525550184696504345,6.21814,-75.56711,Entire home/apt,Entire rental unit,0,213.47,Medellin
1147895913570517348,6.20342,-75.56508,Entire home/apt,Entire rental unit,5,216.0,Medellin
1635979231335528223,6.2165,-75.5571,Entire home/apt,Entire rental unit,9,207.24,Medellin
1258191440534129910,6.2137,-75.5723,Entire home/apt,Entire home,0,256.6,Medellin
52149674,6.2415,-75.5795,Private room,Room in aparthotel,11,217.97,Medellin
1701160221417053166,6.2424,-75.60507,Entire home/apt,Entire rental unit,2,39.0,Medellin
1271755113603971066,6.2095,-75.5695,Entire home/apt,Entire rental unit,16,223.08,Medellin
961904473197892440,6.2106,-75.5679,Private room,Private room in home,304,36.0,Medellin
734798317283988566,6.20964,-75.56643,Entire home/apt,Entire loft,8,215.58,Medellin
1686335565369503142,6.2736676164153415,-75.481916484845,Entire home/apt,Entire home,0,259.39,Medellin
855404979651232317,6.24987,-75.59253,Entire home/apt,Entire rental unit,3,48.63,Medellin
778808631491624772,6.2353,-75.5987,Entire home/apt,Entire rental unit,12,48.83,Medellin
28513821,6.251,-75.594,Entire home/apt,Entire rental unit,104,48.6,Medellin
1061875366884395840,6.2321,-75.5685,Private room,Private room in rental unit,1,49.69,Medellin
1605228781576487614,6.2464,-75.6097,Private room,Private room in rental unit,0,60.5,Medellin
971310623901932862,6.2028,-75.601,Private room,Private room in home,0,49.69,Medellin
653618586314726802,6.3146,-75.5692,Entire home/apt,Entire condo,18,50.06,Medellin
27338575,6.18326,-75.56377,Entire home/apt,Entire rental unit,74,50.26,Medellin
641127501420097928,6.1901,-75.5915,Private room,Room in hotel,0,48.83,Medellin
1547180783066667805,6.2399,-75.5845,Entire home/apt,Entire rental unit,0,49.37,Medellin
1610391854988204101,6.16604,-75.58661,Entire home/apt,Entire rental unit,3,49.69,Medellin
1581355991772663034,6.2134,-75.5737,Private room,Room in hotel,0,48.15,Medellin
20231078,6.24838,-75.59181,Entire home/apt,Entire rental unit,30,53.38,Medellin
1630708108361313067,6.15270061458026,-75.61672213447623,Entire home/apt,Entire rental unit,0,49.43,Medellin
1654597001192631741,6.229,-75.5866,Entire home/apt,Entire rental unit,0,49.69,Medellin
1459919950926994508,6.242,-75.5792,Entire home/apt,Entire rental unit,28,216.04,Medellin
1021177672199613103,6.241,-75.5929,Entire home/apt,Entire loft,2,50.05,Medellin
1004589138370266525,6.24363,-75.60399,Private room,Private room in home,0,49.31,Medellin
1707502875557510410,6.1477,-75.5274,Entire home/apt,Entire rental unit,0,60.09,Medellin
1596475064593793459,6.387453883317218,-75.4562574874154,Entire home/apt,Entire cabin,0,216.82,Medellin
1581368849772174151,6.2134,-75.5737,Private room,Room in hotel,0,48.15,Medellin
1581377424523385672,6.2134,-75.5737,Private room,Room in hotel,0,48.15,Medellin
28107580,6.1459,-75.6194,Entire home/apt,Entire rental unit,3,49.93,Medellin
52424993,6.1838,-75.5771,Entire home/apt,Entire rental unit,4,49.54,Medellin
1438352426131833467,6.206136127994199,-75.5632877564035,Private room,Room in hotel,1,258.72,Medellin
944156527696735774,6.18187,-75.56286,Entire home/apt,Entire rental unit,3,50.05,Medellin
1326158623916679833,6.2406,-75.5852,Entire home/apt,Entire rental unit,25,37.0,Medellin
1650284960013812626,6.182753089123653,-75.5763557302072,Entire home/apt,Entire rental unit,3,48.49,Medellin
1558986607260951113,6.26452,-75.59176,Entire home/apt,Entire home,6,210.75,Medellin
1259588678003717793,6.243026838469037,-75.59962855805524,Entire home/apt,Entire rental unit,4,49.79,Medellin
1176200543547800790,6.14642,-75.6146,Entire home/apt,Entire rental unit,3,50.05,Medellin
1047075039449682918,6.2333,-75.562,Entire home/apt,Entire home,1,50.06,Medellin
1620531211813909771,6.2119,-75.5707,Entire home/apt,Entire rental unit,19,36.6,Medellin
1295881842105622648,6.250129663196105,-75.58941278707033,Entire home/apt,Entire rental unit,9,205.76,Medellin
1152102187548339891,6.2144,-75.5714,Entire home/apt,Entire rental unit,41,58.15,Medellin
1616938171172135302,6.2438,-75.60128,Entire home/apt,Entire loft,4,48.0,Medellin
1420511033635631582,6.242094323721379,-75.56181103505885,Entire home/apt,Entire rental unit,16,56.98,Medellin
1156607604027315460,6.2516,-75.5882,Private room,Room in hotel,1,48.11,Medellin
1622730586761780736,6.21416,-75.56987,Private room,Room in hotel,0,256.49,Medellin
1691387558576966394,6.2529,-75.5924,Entire home/apt,Entire rental unit,0,45.4,Medellin
879696591831966227,6.2081,-75.5599,Entire home/apt,Entire rental unit,120,57.75,Medellin
1417550358865811066,6.15859,-75.60647,Entire home/apt,Entire rental unit,40,58.18,Medellin
1581394279295643666,6.2134,-75.5737,Private room,Room in hotel,3,48.15,Medellin
46925869,6.24496,-75.58601,Entire home/apt,Entire rental unit,152,37.84,Medellin
1506927021595298295,6.2656,-75.6002,Entire home/apt,Entire home,0,217.15,Medellin
1581322247153504114,6.2134,-75.5737,Private room,Room in hotel,0,48.15,Medellin
1173099836132450069,6.18411,-75.57609,Entire home/apt,Entire rental unit,28,48.19,Medellin
31762516,6.24304,-75.60045,Private room,Private room in rental unit,30,36.41,Medellin
1080574408169877026,6.21148,-75.5593,Entire home/apt,Entire rental unit,50,56.76,Medellin
42248868,6.20866,-75.5607,Entire home/apt,Entire rental unit,41,56.6,Medellin
47112029,6.2086,-75.57537,Entire home/apt,Entire rental unit,32,80.23,Medellin
42152055,6.1567,-75.59536,Entire home/apt,Entire rental unit,57,48.34,Medellin
1690146767696908644,6.20905,-75.58583,Entire home/apt,Entire rental unit,3,62.33,Medellin
1666706653208978377,6.2299,-75.6042,Entire home/apt,Entire home,3,36.58,Medellin
937248014573679221,6.24376,-75.60281,Entire home/apt,Entire rental unit,18,214.62,Medellin
1460468536491164412,6.2503,-75.5718,Private room,Room in hotel,0,48.34,Medellin
830580531070046791,6.2403,-75.5832,Private room,Private room in serviced apartment,1,36.29,Medellin
1248059448448531815,6.143,-75.6141,Entire home/apt,Entire rental unit,58,56.64,Medellin
40205987,6.2446,-75.589,Entire home/apt,Entire rental unit,128,212.54,Medellin
29130756,6.2113,-75.5605,Entire home/apt,Entire serviced apartment,21,265.12,Medellin
1439273744947529483,6.2153,-75.5709,Entire home/apt,Entire condo,48,218.6,Medellin
1519666146857406359,6.227856062435412,-75.60129162191193,Entire home/apt,Entire rental unit,42,38.69,Medellin
1550171851851295850,6.2081,-75.5681,Entire home/apt,Entire serviced apartment,1,261.6,Medellin
1385125560534874521,6.2356,-75.5911,Entire home/apt,Entire rental unit,13,40.48,Medellin
52633790,6.2492,-75.5924,Entire home/apt,Entire loft,183,37.8,Medellin
1650910428589603463,6.204186307922456,-75.56339303537702,Entire home/apt,Entire rental unit,0,216.56,Medellin
1338465331238648548,6.212142437163608,-75.57321787872355,Entire home/apt,Entire home,68,213.63,Medellin
1465565864529717864,6.2153,-75.5708,Entire home/apt,Entire condo,48,232.6,Medellin
1033230680396358954,6.2093,-75.5733,Entire home/apt,Entire rental unit,68,233.13,Medellin
1663437156721237964,6.232270940349868,-75.58892826080816,Entire home/apt,Entire rental unit,0,218.98,Medellin
1474044592092991103,6.28034862675036,-75.44065230296432,Entire home/apt,Entire home,14,210.67,Medellin
1446637019030796394,6.2119,-75.5707,Entire home/apt,Entire rental unit,4,278.12,Medellin
1608929059881957628,6.2401,-75.5807,Entire home/apt,Entire rental unit,15,210.28,Medellin
1705997584633144592,6.191481633245165,-75.56372595797562,Entire home/apt,Entire rental unit,3,224.07,Medellin
781337955812915390,6.2451,-75.5926,Entire home/apt,Entire home,159,216.8,Medellin
1558964729862331556,6.18017,-75.5816,Entire home/apt,Entire rental unit,1,208.79,Medellin
47747355,6.2105,-75.5696,Entire home/apt,Entire home,263,216.95,Medellin
1089133550196495649,6.2073,-75.56777,Entire home/apt,Entire rental unit,38,211.43,Medellin
1448186731554053145,6.2081,-75.5681,Entire home/apt,Entire rental unit,9,212.2,Medellin
1424309952862480756,6.2487,-75.5621,Private room,Private room in tiny home,0,255.4,Medellin
1278266541614038941,6.2133,-75.5718,Entire home/apt,Entire home,63,217.28,Medellin
1160861595155284120,6.24538,-75.58616,Entire home/apt,Entire home,94,223.49,Medellin
1193084067880091391,6.20885,-75.56637,Entire home/apt,Entire rental unit,38,215.0,Medellin
1504711888404806652,6.1741,-75.587,Entire home/apt,Entire home,9,210.4,Medellin
1654822700538155667,6.237062593075414,-75.60211775138583,Entire home/apt,Entire home,2,213.47,Medellin
808057053255798234,6.2323,-75.6092,Entire home/apt,Entire rental unit,101,36.24,Medellin
1713067454401653194,6.2419,-75.4459,Private room,Room in hotel,0,214.51,Medellin
1585090602398183300,6.2426,-75.5973,Entire home/apt,Entire rental unit,14,215.88,Medellin
729599917460573791,6.1867,-75.5692,Entire home/apt,Entire rental unit,13,259.1,Medellin
1314638397553582377,6.2133,-75.5736,Entire home/apt,Entire rental unit,114,484.62,Medellin
1620275069972343575,6.2368,-75.5962,Entire home/apt,Entire home,10,222.15,Medellin
835511975877496608,6.213,-75.5721,Private room,Private room in home,76,36.6,Medellin
1199272650354767830,6.2561,-75.6013,Private room,Private room in home,17,38.5,Medellin
776989573755416482,6.19804,-75.57853,Private room,Room in hotel,3,80.09,Medellin
1414028670255294805,6.1589,-75.5825,Entire home/apt,Entire rental unit,7,48.8,Medellin
1236247174224983002,6.2396,-75.5856,Private room,Private room in rental unit,8,36.69,Medellin
34686880,6.24685,-75.59181,Entire home/apt,Entire rental unit,81,37.83,Medellin
47744404,6.21019,-75.56878,Entire home/apt,Entire rental unit,245,214.0,Medellin
19295071,6.2481,-75.6006,Entire home/apt,Entire rental unit,351,37.1,Medellin
1576391324803026573,6.2507,-75.596,Private room,Private room in home,1,36.37,Medellin
1652965081322269557,6.2513,-75.5683,Private room,Room in hotel,0,45.95,Medellin
30952306,6.2471,-75.5906,Entire home/apt,Entire rental unit,56,37.17,Medellin
1361706591473042989,6.246829457403979,-75.56353345631766,Private room,Room in hotel,0,36.33,Medellin
1022646521241634708,6.24941,-75.58824,Private room,Room in hotel,82,40.06,Medellin
1147227343283769430,6.25877,-75.59926,Entire home/apt,Entire rental unit,6,56.43,Medellin
44044434,6.20596,-75.56516,Entire home/apt,Entire rental unit,117,205.83,Medellin
41952963,6.23759,-75.59047,Entire home/apt,Entire rental unit,65,42.57,Medellin
1131062271570973613,6.2095,-75.5695,Entire home/apt,Entire rental unit,21,214.2,Medellin
1211862179445573493,6.2264,-75.59925,Entire home/apt,Entire rental unit,23,37.18,Medellin
1532817870313582304,6.1534,-75.6152,Entire home/apt,Entire rental unit,5,36.72,Medellin
31122525,6.24538,-75.59321,Entire home/apt,Entire home,162,126.45,Medellin
1715525149318745415,6.2534,-75.6086,Entire home/apt,Entire rental unit,0,44.72,Medellin
1607537828990644861,6.206132927157084,-75.5633165493114,Private room,Private room in rental unit,3,36.54,Medellin
788474067294796808,6.2611,-75.5621,Private room,Private room in home,11,36.73,Medellin
1055172423194595819,6.2503,-75.59482,Entire home/apt,Entire rental unit,4,36.19,Medellin
1050964528243444617,6.2505,-75.5888,Entire home/apt,Entire rental unit,83,40.38,Medellin
49027496,6.24438,-75.58728,Entire home/apt,Entire rental unit,87,128.0,Medellin
1695827456323009562,6.2206,-75.6063,Entire home/apt,Entire rental unit,3,36.77,Medellin
734277057112987567,6.23978,-75.59558,Private room,Private room in rental unit,17,28.69,Medellin
23481638,6.23296,-75.59515,Entire home/apt,Entire loft,117,71.0,Medellin
1361704137426030082,6.246643849251126,-75.56358270068706,Private room,Room in hotel,0,36.33,Medellin
935433132392158207,6.2324,-75.5932,Entire home/apt,Entire rental unit,71,127.83,Medellin
1537678261429721884,6.2549,-75.5636,Private room,Room in hotel,1,36.68,Medellin
1478358292187453045,6.2552,-75.6154,Private room,Private room in guesthouse,6,36.85,Medellin
23723349,6.22115,-75.58419,Entire home/apt,Entire rental unit,3,36.14,Medellin
1668270035394517360,6.246,-75.56554,Private room,Room in hotel,1,45.12,Medellin
1440561319515790903,6.2359,-75.5966,Entire home/apt,Entire rental unit,19,128.46,Medellin
1341410362862313271,6.2131,-75.5598,Entire home/apt,Entire rental unit,15,219.0,Medellin
965598394223934639,6.2413,-75.5991,Private room,Room in hotel,74,37.96,Medellin
1607745583593751616,6.239411162325461,-75.60034534555439,Entire home/apt,Entire rental unit,5,37.84,Medellin
1669937858909444170,6.21133624701237,-75.57170008812486,Private room,Room in hotel,1,127.76,Medellin
1356490161108553647,6.211663680021484,-75.57268378613473,Private room,Private room in home,80,36.24,Medellin
1518224877362581246,6.2426,-75.5973,Entire home/apt,Entire rental unit,3,126.31,Medellin
1448487878348478277,6.2064,-75.57407,Entire home/apt,Entire rental unit,16,129.73,Medellin
45734682,6.23785,-75.58383,Entire home/apt,Tiny home,84,36.54,Medellin
709483333221833041,6.21129,-75.56534,Entire home/apt,Entire vacation home,12,205.8,Medellin
49214163,6.15349,-75.60891,Entire home/apt,Entire rental unit,56,38.39,Medellin
594360946622015104,6.24908,-75.59059,Private room,Private room in rental unit,30,38.58,Medellin
1351459494557858306,6.2585,-75.5939,Entire home/apt,Entire loft,18,36.69,Medellin
1395188308245814495,6.2,-75.5618,Entire home/apt,Entire rental unit,38,126.29,Medellin
1217574978425853404,6.249,-75.5925,Entire home/apt,Entire rental unit,14,131.39,Medellin
988949179431076553,6.26102,-75.60077,Private room,Private room in rental unit,25,37.54,Medellin
36670905,6.2109,-75.5956,Entire home/apt,Entire serviced apartment,48,126.39,Medellin
1530598545725087093,6.24579,-75.59729,Entire home/apt,Entire rental unit,3,126.06,Medellin
930593504221608589,6.21236,-75.57144,Entire home/apt,Entire rental unit,13,128.98,Medellin
1575453164752237180,6.2392,-75.5953,Private room,Room in aparthotel,2,128.44,Medellin
937264923893062443,6.24534,-75.60148,Entire home/apt,Entire rental unit,4,126.73,Medellin
16347642,6.2003,-75.5757,Entire home/apt,Entire rental unit,191,127.41,Medellin
845539818560728602,6.23864,-75.58777,Private room,Private room in loft,10,128.48,Medellin
1471709298318732219,6.2459,-75.5907,Entire home/apt,Entire rental unit,9,126.0,Medellin
50616330,6.2034,-75.56286,Private room,Room in hotel,26,128.98,Medellin
1545122203346861332,6.197145703301688,-75.57433600091102,Entire home/apt,Entire rental unit,3,127.62,Medellin
1374730503414375297,6.208194225410268,-75.56324292927209,Entire home/apt,Entire rental unit,2,127.79,Medellin
1726195064060556257,6.209669873095811,-75.5720522708922,Private room,Room in hotel,0,160.46,Medellin
42438902,6.24918,-75.59438,Entire home/apt,Entire serviced apartment,132,126.45,Medellin
1518256698050747765,6.243909205188684,-75.59523485228443,Entire home/apt,Entire rental unit,4,149.72,Medellin
1455892390172664978,6.2224,-75.57838,Entire home/apt,Entire rental unit,9,208.72,Medellin
1447488857487038191,6.2052,-75.4307,Entire home/apt,Entire cabin,0,128.37,Medellin
1207231642586010859,6.1912,-75.582,Entire home/apt,Entire condo,34,126.21,Medellin
878894807989374053,6.2568,-75.5838,Entire home/apt,Entire rental unit,7,131.03,Medellin
54226688,6.2003,-75.5757,Entire home/apt,Entire rental unit,47,127.94,Medellin
1682274974238291349,6.150367749505383,-75.62241814337929,Entire home/apt,Entire rental unit,3,36.31,Medellin
1707328758673578325,6.3828,-75.595,Entire home/apt,Farm stay,0,129.84,Medellin
1316027811803295381,6.2428,-75.586,Entire home/apt,Entire rental unit,7,141.2,Medellin
1592787036622341726,6.2494,-75.5996,Entire home/apt,Entire rental unit,0,153.12,Medellin
974626116673664960,6.2494,-75.6008,Entire home/apt,Entire rental unit,153,128.34,Medellin
1423324971775591720,10.994117173470451,-74.8109795185901,Entire home/apt,Entire rental unit,14,56.61,Barranquilla
1071189409121611140,10.9941,-74.8136,Entire home/apt,Entire rental unit,19,70.39,Barranquilla
1659622913612000639,10.992993746729736,-74.81668249857313,Entire home/apt,Entire condo,2,86.18,Barranquilla
44104953,10.99108,-74.81269,Entire home/apt,Entire condo,48,100.8,Barranquilla
969919789161996310,10.9936,-74.8141,Private room,Room in aparthotel,16,95.76,Barranquilla
651484014939157309,10.99356,-74.81372,Entire home/apt,Entire loft,73,63.9,Barranquilla
1572122000412503669,10.998837267917988,-74.82586299872533,Entire home/apt,Entire home,60,38.5,Barranquilla
47533661,10.99431,-74.81477,Private room,Room in hotel,10,45.9,Barranquilla
1731483641066594351,10.9943,-74.8132,Entire home/apt,Entire rental unit,1,35.12,Barranquilla
1297284920715725889,10.9911,-74.8121,Entire home/apt,Entire rental unit,0,369.86,Barranquilla
1622513625064550317,10.994,-74.8088,Entire home/apt,Entire rental unit,6,37.47,Barranquilla
1715111973452115449,11.0049,-74.82,Entire home/apt,Entire rental unit,10,60.1,Barranquilla
1350960943547008682,10.98944388921357,-74.81329886541043,Entire home/apt,Entire rental unit,15,52.02,Barranquilla
1430508458873151006,10.9954,-74.8142,Entire home/apt,Entire rental unit,14,69.07,Barranquilla
736946790863227066,10.99793,-74.81674,Entire home/apt,Entire loft,112,48.61,Barranquilla
1641514636553813847,10.994,-74.8088,Entire home/apt,Entire rental unit,11,40.62,Barranquilla
1613281638433512189,10.994,-74.8157,Entire home/apt,Entire rental unit,5,47.67,Barranquilla
1616981791104558737,10.9974,-74.8162,Entire home/apt,Entire rental unit,27,58.74,Barranquilla
1348796027588748141,11.0035,-74.8249,Entire home/apt,Entire rental unit,83,67.41,Barranquilla
46563307,10.99151,-74.8128,Entire home/apt,Entire rental unit,58,97.93,Barranquilla
1357459570398898438,11.0035,-74.8254,Entire home/apt,Entire rental unit,54,74.73,Barranquilla
1569215207109497526,10.9954,-74.8166,Entire home/apt,Entire guesthouse,52,49.61,Barranquilla
46258142,10.98478,-74.80965,Entire home/apt,Entire rental unit,311,34.43,Barranquilla
849473128974020011,10.9964,-74.8147,Entire home/apt,Entire rental unit,75,79.95,Barranquilla
824799120048535447,10.989792222832754,-74.81095091433461,Private room,Private room in rental unit,60,30.94,Barranquilla
1646770055645603315,10.994859445014688,-74.82163060719304,Entire home/apt,Entire rental unit,5,45.75,Barranquilla
1607431541149956467,10.9919,-74.8082,Private room,Private room in home,6,28.69,Barranquilla
1740979754851704028,11.0189,-74.8397,Entire home/apt,Entire rental unit,3,57.78,Barranquilla
1726455045219090755,11.0043,-74.8199,Entire home/apt,Entire rental unit,11,57.26,Barranquilla
1185687494782934724,10.99458,-74.81137,Entire home/apt,Entire rental unit,48,50.9,Barranquilla
1686510976515792434,10.9943,-74.8146,Private room,Private room in bed and breakfast,0,56.22,Barranquilla
1611219172244831349,10.98829,-74.81428,Entire home/apt,Entire rental unit,13,51.78,Barranquilla
1262593511632286849,10.986242759369217,-74.82105249558641,Private room,Private room in home,95,207.47,Barranquilla
969926679696518892,10.9936,-74.8141,Private room,Room in hotel,16,114.91,Barranquilla
568691558430026107,10.9913,-74.8202,Private room,Private room in bed and breakfast,238,33.13,Barranquilla
1274771996243810539,11.002779014484661,-74.824539198736,Entire home/apt,Entire rental unit,116,74.07,Barranquilla
736951360249798642,10.99652,-74.8165,Entire home/apt,Entire loft,140,52.67,Barranquilla
1351521312777241753,11.0045,-74.8198,Entire home/apt,Entire rental unit,80,59.54,Barranquilla
1636722306013564423,11.0001,-74.7999,Entire home/apt,Entire loft,39,56.63,Barranquilla
1653077056047059015,11.0049,-74.8032,Entire home/apt,Entire rental unit,11,60.98,Barranquilla
1368382709167024280,11.000270967032751,-74.80070250220794,Entire home/apt,Entire loft,83,42.13,Barranquilla
1227663814381465473,11.0124,-74.8268,Entire home/apt,Entire serviced apartment,28,4116.0,Barranquilla
1643701957270578735,10.994,-74.7954,Entire home/apt,Entire home,7,386.43,Barranquilla
1703574884042562036,11.0184,-74.9399,Entire home/apt,Entire cabin,4,173.27,Barranquilla
1262588654219047686,10.986049867457059,-74.82279053230397,Private room,Private room in home,78,27.13,Barranquilla
1604549602411261413,11.0035,-74.8254,Entire home/apt,Entire rental unit,32,67.41,Barranquilla
1685880083483889885,11.008957392542115,-74.8299399717321,Entire home/apt,Entire home,0,2137.79,Barranquilla
1727286843158047063,11.0143,-74.8269,Entire home/apt,Entire cabin,0,1242.73,Barranquilla
1345329057995489286,11.010753979864612,-74.94595599872852,Entire home/apt,Entire home,0,7650.56,Barranquilla
52512970,11.0108,-74.815,Entire home/apt,Entire home,65,506.77,Barranquilla
1229838109694560013,11.0157,-74.942,Entire home/apt,Entire home,0,2553.5,Barranquilla
39111677,10.9954,-74.7949,Entire home/apt,Entire home,0,3661.62,Barranquilla
1361046492207713696,10.9965,-74.8418,Entire home/apt,Entire rental unit,0,1071.08,Barranquilla
861701416255436254,10.9922,-74.8118,Entire home/apt,Entire condo,1,1912.64,Barranquilla
1286447904756287463,10.995756673956215,-74.82168092704957,Entire home/apt,Entire rental unit,0,1212.64,Barranquilla
35233100,11.02121,-74.81177,Private room,Private room in rental unit,1,10259.93,Barranquilla
1680825004902640970,11.0001,-74.7998,Entire home/apt,Entire rental unit,18,55.54,Barranquilla
1363920580470499827,11.012310455121554,-74.8382619626081,Entire home/apt,Entire home,0,994.58,Barranquilla
890089843841705628,10.97987,-74.81444,Entire home/apt,Entire rental unit,0,537.48,Barranquilla
1616876293929948604,11.012,-74.8232,Entire home/apt,Entire rental unit,0,860.89,Barranquilla
1603215593384542260,10.9926,-74.8205,Private room,Private room in home,0,819.58,Barranquilla
1144167227818745308,11.01528,-74.93121,Entire home/apt,Entire home,0,842.8,Barranquilla
1366001252027394154,11.022618755474335,-74.93051766227747,Entire home/apt,Entire cabin,0,663.3,Barranquilla
1146618202554514035,11.016,-74.9306,Entire home/apt,Entire chalet,0,882.8,Barranquilla
1357991098990669148,11.0002,-74.7889,Entire home/apt,Entire home,4,573.79,Barranquilla
1340603736798198358,10.9902,-74.8077,Entire home/apt,Entire rental unit,0,535.54,Barranquilla
1266545734799949928,11.0043,-74.8199,Entire home/apt,Entire rental unit,135,65.91,Barranquilla
51890748,11.0145,-74.82446,Entire home/apt,Entire loft,343,99.34,Barranquilla
1579061123277885457,10.99933,-74.82559,Entire home/apt,Entire rental unit,43,43.02,Barranquilla
1062442699222421346,11.01967,-74.80745,Entire home/apt,Entire home,1,771.95,Barranquilla
1068776422629901549,10.98596,-74.78792,Entire home/apt,Entire rental unit,0,573.79,Barranquilla
598927570381914024,11.03379,-74.88287,Entire home/apt,Entire villa,12,569.88,Barranquilla
47815533,11.003,-74.79959,Private room,Room in boutique hotel,0,612.04,Barranquilla
1228503681276337231,10.9989,-74.8149,Entire home/apt,Entire home,2,795.65,Barranquilla
813225183445401543,11.0076,-74.8135,Entire home/apt,Entire rental unit,0,960.15,Barranquilla
1617492387026076129,11.013841727843468,-74.88498975685832,Entire home/apt,Entire home,0,1177.63,Barranquilla
826236820380173888,11.0205,-74.8224,Entire home/apt,Entire rental unit,1,623.47,Barranquilla
1081452431899803663,11.00715,-74.81956,Entire home/apt,Entire rental unit,0,669.42,Barranquilla
1384994091903478663,11.039427197542523,-74.91241613506624,Entire home/apt,Entire cabin,0,636.76,Barranquilla
1242682516541028057,11.02037,-74.8154,Entire home/apt,Entire rental unit,0,535.54,Barranquilla
1067552038959211589,11.0133,-74.82606,Entire home/apt,Entire rental unit,0,739.72,Barranquilla
1607566923670194459,11.01871,-74.81545,Entire home/apt,Entire rental unit,2,742.26,Barranquilla
1216996274739886109,11.0397,-74.9113,Entire home/apt,Entire cabin,1,726.81,Barranquilla
1086499606924877856,11.00839,-74.83011,Entire home/apt,Entire rental unit,1,1072.6,Barranquilla
1055862406355690431,10.9865,-74.7902,Entire home/apt,Entire rental unit,0,765.06,Barranquilla
1646633824682752893,11.0033,-74.8092,Entire home/apt,Entire rental unit,0,875.66,Barranquilla
1228564922105439024,11.01221,-74.82433,Entire home/apt,Entire rental unit,1,924.65,Barranquilla
1082173204578447866,11.02294,-74.81014,Entire home/apt,Entire rental unit,3,612.04,Barranquilla
1213115246522444719,11.01317,-74.94059,Entire home/apt,Entire rental unit,0,748.14,Barranquilla
1605849669037229463,11.0174,-74.8181,Entire home/apt,Entire rental unit,0,707.68,Barranquilla
1603020756805501979,10.9906,-74.8223,Private room,Private room in home,0,765.06,Barranquilla
1703779395225352951,10.9938,-74.7954,Entire home/apt,Entire home,0,573.79,Barranquilla
1134626483112409559,11.02008,-74.92667,Entire home/apt,Entire home,16,507.23,Barranquilla
802213817983580811,11.0136,-74.8044,Entire home/apt,Entire home,21,547.24,Barranquilla
924039262561366304,11.01503,-74.80799,Entire home/apt,Entire rental unit,95,639.97,Barranquilla
1093016356147071992,11.0114,-74.8161,Entire home/apt,Entire home,15,746.4,Barranquilla
1442219376307541547,11.0357,-74.9197,Entire home/apt,Casa particular,9,550.28,Barranquilla
813271742443682113,11.0076,-74.8135,Entire home/apt,Entire rental unit,1,960.15,Barranquilla
1684145375444013515,11.0209,-74.8248,Entire home/apt,Entire rental unit,1,764.42,Barranquilla
1264085125848617544,11.0215,-74.8676,Entire home/apt,Entire home,0,550.84,Barranquilla
1618410274682391387,10.99463,-74.79609,Entire home/apt,Entire home,3,573.79,Barranquilla
1302986474020163682,11.0149,-74.8236,Entire home/apt,Entire rental unit,1,520.23,Barranquilla
870166311358379814,10.9903,-74.82127,Entire home/apt,Entire condo,317,53.56,Barranquilla
1428601002789482333,11.000785978054274,-74.79874675749404,Entire home/apt,Entire rental unit,82,42.01,Barranquilla
749862530408135744,11.0037,-74.8253,Private room,Private room in serviced apartment,83,265.5,Barranquilla
1746554464457889608,11.0043,-74.8199,Entire home/apt,Entire rental unit,2,325.96,Barranquilla
48541977,11.02516,-74.92651,Entire home/apt,Entire cabin,47,380.52,Barranquilla
548967929876808701,11.0053,-74.816,Entire home/apt,Entire condo,82,223.0,Barranquilla
723104254403336104,11.00482,-74.82637,Entire home/apt,Entire loft,68,79.03,Barranquilla
1481917470935607730,11.003192198629902,-74.82563255277262,Entire home/apt,Entire rental unit,42,67.41,Barranquilla
971919797824518352,10.9861,-74.8095,Entire home/apt,Entire rental unit,125,36.34,Barranquilla
969916406609949905,10.9936,-74.8141,Private room,Room in aparthotel,15,105.33,Barranquilla
573926680010984167,10.9897,-74.8208,Private room,Private room in casa particular,248,30.61,Barranquilla
1570792590172082941,10.9968,-74.8214,Entire home/apt,Entire rental unit,27,48.2,Barranquilla
1074212900932821208,11.00862,-74.81874,Entire home/apt,Entire rental unit,2,573.79,Barranquilla
1251749044446256447,11.0138,-74.818,Entire home/apt,Entire rental unit,31,266.67,Barranquilla
598403142839579900,10.99687,-74.81492,Entire home/apt,Entire serviced apartment,163,52.99,Barranquilla
1469079998089168696,11.003519128072627,-74.81927985428207,Entire home/apt,Entire rental unit,45,64.94,Barranquilla
1008858271631740935,10.9913,-74.7982,Private room,Private room in home,96,25.21,Barranquilla
1721010846477536636,11.0113,-74.8263,Entire home/apt,Entire rental unit,1,134.81,Barranquilla
882864129083016295,11.0351,-74.91909,Entire home/apt,Entire rental unit,34,196.62,Barranquilla
1717442967614124535,11.0044,-74.8163,Entire home/apt,Entire serviced apartment,3,90.5,Barranquilla
1321177249238262531,11.0044,-74.8163,Entire home/apt,Entire rental unit,8,191.51,Barranquilla
1627606469249169714,10.98939,-74.81103,Entire home/apt,Entire rental unit,1,179.78,Barranquilla
24118152,11.01235,-74.82729,Entire home/apt,Entire condo,132,139.24,Barranquilla
978295706251925903,11.0339,-74.9191,Entire home/apt,Entire rental unit,27,138.48,Barranquilla
579891391743511059,11.00438,-74.82598,Entire home/apt,Entire condo,114,179.0,Barranquilla
1703630735807947089,11.0184,-74.94,Entire home/apt,Entire cabin,8,169.82,Barranquilla
1690126629869007993,10.999702905144275,-74.8084126458187,Entire home/apt,Entire rental unit,7,94.48,Barranquilla
1749344695382392022,11.0129,-74.81865,Entire home/apt,Entire rental unit,0,195.88,Barranquilla
1334043903668186010,10.9901,-74.8175,Entire home/apt,Entire home,6,180.81,Barranquilla
1301493963607453970,11.0158,-74.8317,Entire home/apt,Entire rental unit,44,159.4,Barranquilla
1526626219316975479,11.00501,-74.81592,Entire home/apt,Entire rental unit,5,199.37,Barranquilla
1374100529601417762,11.0005,-74.7977,Private room,Room in boutique hotel,2,130.06,Barranquilla
1685885014936188577,11.0033,-74.825,Entire home/apt,Entire rental unit,0,326.2,Barranquilla
1606720452425878661,11.00835,-74.79434,Entire home/apt,Entire rental unit,1,562.44,Barranquilla
755005346029694074,11.0057,-74.8378,Entire home/apt,Entire condo,53,445.83,Barranquilla
1024831037286021418,10.99923,-74.8201,Entire home/apt,Entire home,68,321.44,Barranquilla
832710820738752258,11.02,-74.9323,Entire home/apt,Entire cabin,22,344.73,Barranquilla
877560297290543482,11.0043,-74.8199,Entire home/apt,Entire rental unit,21,353.82,Barranquilla
1377105940965616158,11.0147,-74.825,Entire home/apt,Entire condo,3,421.73,Barranquilla
1595251382889213200,11.0127,-74.7949,Entire home/apt,Entire rental unit,1,359.09,Barranquilla
540423659467939692,11.01162,-74.82261,Private room,Private room in bed and breakfast,22,460.95,Barranquilla
1357377791390240534,11.0048,-74.8257,Entire home/apt,Entire home,0,331.27,Barranquilla
1500929532612887113,11.017326914510374,-74.93838281257686,Entire home/apt,Entire home,2,279.24,Barranquilla
1617626598942209519,11.0158,-74.8216,Entire home/apt,Entire home,1,336.82,Barranquilla
1357448174624788391,11.0109,-74.8,Private room,Private room in rental unit,23,386.35,Barranquilla
1379989008533098386,10.9974,-74.8428,Entire home/apt,Entire rental unit,3,344.28,Barranquilla
953229741172755974,10.99166,-74.82667,Entire home/apt,Entire rental unit,97,255.35,Barranquilla
45284872,11.04325,-74.9211,Entire home/apt,Entire cabin,113,394.35,Barranquilla
1288569684197936643,11.0175,-74.8217,Entire home/apt,Entire home,40,443.73,Barranquilla
1271082555045848460,10.9759,-74.7909,Entire home/apt,Entire rental unit,31,309.44,Barranquilla
1487800002855920938,11.0047,-74.8032,Entire home/apt,Entire rental unit,2,129.1,Barranquilla
1356847926303987196,11.01961604518617,-74.82290552079434,Entire home/apt,Entire rental unit,0,318.47,Barranquilla
21847806,11.01625,-74.83197,Entire home/apt,Entire condo,18,319.4,Barranquilla
1147726731555896483,11.0168,-74.8278,Entire home/apt,Entire loft,9,134.36,Barranquilla
41708526,11.0087,-74.83779,Entire home/apt,Entire rental unit,97,152.08,Barranquilla
660438096153089785,11.0121,-74.8272,Entire home/apt,Entire rental unit,70,127.15,Barranquilla
1354049010609546933,11.009257787795768,-74.82054802418169,Entire home/apt,Entire rental unit,4,313.25,Barranquilla
1582806850235043291,11.02246,-74.82166,Entire home/apt,Entire rental unit,10,141.15,Barranquilla
1262608220586613330,10.9879,-74.8256,Entire home/apt,Entire home,31,148.96,Barranquilla
1609810102583258925,10.99382,-74.85002,Entire home/apt,Entire rental unit,0,405.33,Barranquilla
1272575170396429269,10.9676,-74.8131,Entire home/apt,Entire home,0,540.58,Barranquilla
1081173744534308817,11.02337,-74.84736,Entire home/apt,Entire rental unit,0,267.77,Barranquilla
1225261060458906996,11.00684,-74.83531,Entire home/apt,Entire rental unit,1,459.04,Barranquilla
629686812490926308,11.00321,-74.82661,Entire home/apt,Entire loft,58,134.1,Barranquilla
39207577,11.01656,-74.82601,Entire home/apt,Entire serviced apartment,50,150.71,Barranquilla
1056037247367453157,11.0158,-74.8248,Private room,Private room in rental unit,0,267.77,Barranquilla
826907348992833581,10.9943,-74.8435,Entire home/apt,Entire rental unit,0,332.8,Barranquilla
1466946562382734220,11.0093,-74.9184,Entire home/apt,Entire home,1,437.29,Barranquilla
1087148829561140110,11.002,-74.7912,Private room,Private room in rental unit,0,332.8,Barranquilla
992079301727469505,11.02775,-74.8601,Entire home/apt,Entire home,0,350.01,Barranquilla
976057450446175852,11.016,-74.8248,Private room,Private room in rental unit,0,274.66,Barranquilla
1612670999892432733,10.991,-74.786,Private room,Private room in home,0,315.3,Barranquilla
897696610425471106,10.997,-74.8441,Entire home/apt,Entire rental unit,21,320.55,Barranquilla
1335526546652627646,10.9916,-74.79,Private room,Room in hotel,3,331.39,Barranquilla
1613999935760037449,11.0231,-74.8468,Entire home/apt,Entire rental unit,0,436.43,Barranquilla
1071058560981313756,10.99315,-74.84541,Entire home/apt,Entire rental unit,1,267.77,Barranquilla
1364568844597881796,11.013707307270685,-74.8281301879834,Entire home/apt,Entire home,0,344.28,Barranquilla
821176436111875827,10.98835,-74.80315,Entire home/apt,Entire rental unit,1,306.02,Barranquilla
1086199069615020017,11.011,-74.8228,Private room,Private room in rental unit,0,382.53,Barranquilla
889312835258874872,11.00642,-74.81069,Entire home/apt,Entire rental unit,0,455.13,Barranquilla
1365290279565887510,11.013703366378932,-74.8264573690048,Entire home/apt,Entire rental unit,0,300.4,Barranquilla
1344376770637305769,11.02422357036496,-74.84597640235056,Entire home/apt,Entire rental unit,1,260.12,Barranquilla
32640916,11.02307,-74.81705,Entire home/apt,Entire rental unit,34,414.24,Barranquilla
826937454063238301,10.99195,-74.84596,Entire home/apt,Entire rental unit,0,439.91,Barranquilla
1363060092073875869,11.0126,-74.8068,Entire home/apt,Entire rental unit,1,420.78,Barranquilla
1471306381591713437,11.021140756495495,-74.87024194062157,Entire home/apt,Entire serviced apartment,1,425.34,Barranquilla
1603723710607330725,11.0208,-74.8442,Entire home/apt,Entire rental unit,0,314.59,Barranquilla
784875055585410762,11.0172,-74.84078,Entire home/apt,Entire rental unit,5,306.76,Barranquilla
1638486688859472889,10.999610465530115,-74.82065214398646,Private room,Private room in home,1,303.23,Barranquilla
1610068280117015416,10.9943,-74.8452,Entire home/apt,Entire rental unit,2,290.34,Barranquilla
697665711303815154,11.0237,-74.9277,Entire home/apt,Entire villa,2,428.43,Barranquilla
42267457,10.9801,-74.7938,Entire home/apt,Entire serviced apartment,3,263.67,Barranquilla
812359309376249380,10.98568,-74.78595,Entire home/apt,Entire rental unit,1,336.63,Barranquilla
1334263120397105935,11.0062,-74.8241,Entire home/apt,Entire rental unit,3,257.57,Barranquilla
826200563102102793,11.0036,-74.8244,Entire home/apt,Entire loft,37,492.7,Barranquilla
48851272,11.02236,-74.92802,Entire home/apt,Entire home,56,352.19,Barranquilla
1338432092990168302,11.023,-74.8457,Entire home/apt,Entire rental unit,12,337.77,Barranquilla
1619969376482233530,11.02673,-74.86248,Entire home/apt,Entire rental unit,1,262.41,Barranquilla
1374214546837308587,11.012259362983485,-74.79486891959101,Entire home/apt,Entire home,2,260.12,Barranquilla
32781781,11.0171,-74.9393,Entire home/apt,Entire home,72,272.0,Barranquilla
828559391686124252,10.986,-74.7902,Entire home/apt,Entire serviced apartment,30,413.13,Barranquilla
1508170489152541774,10.99341,-74.8003,Entire home/apt,Entire rental unit,22,401.66,Barranquilla
1571269475816514007,11.0005,-74.7976,Private room,Room in boutique hotel,1,130.06,Barranquilla
538933432380677072,11.00293,-74.82547,Entire home/apt,Entire vacation home,12,280.01,Barranquilla
1592877728389081511,11.021405307166479,-74.81986693099054,Entire home/apt,Entire rental unit,4,273.23,Barranquilla
1366039455435928764,11.022710600240444,-74.81055379140473,Entire home/apt,Entire rental unit,19,316.33,Barranquilla
1069550860669837700,11.0001,-74.8213,Private room,Private room in home,22,319.19,Barranquilla
1623961350381529137,10.995629311747953,-74.82590795522657,Entire home/apt,Entire rental unit,0,278.97,Barranquilla
53341810,11.00463,-74.82454,Entire home/apt,Entire serviced apartment,54,131.6,Barranquilla
859475500739794053,11.0044,-74.8164,Entire home/apt,Entire rental unit,61,181.48,Barranquilla
710842670199420109,11.00267,-74.82557,Entire home/apt,Entire condo,89,140.8,Barranquilla
1747299985826712235,11.017,-74.8571,Entire home/apt,Entire rental unit,0,147.24,Barranquilla
1724692290224229041,11.0214,-74.8212,Entire home/apt,Entire rental unit,5,133.73,Barranquilla
1366717659928474933,11.0182,-74.8043,Private room,Private room in guesthouse,0,298.03,Barranquilla
801393213968490993,11.0178,-74.9386,Entire home/apt,Entire home,53,135.86,Barranquilla
1316093805775066196,11.005,-74.8032,Entire home/apt,Entire rental unit,2,133.89,Barranquilla
1366635533208366745,11.005,-74.8032,Entire home/apt,Entire rental unit,18,127.56,Barranquilla
1688860890100188721,11.01491414630853,-74.83041088497075,Entire home/apt,Entire rental unit,1,169.11,Barranquilla
651902258592782631,11.00438,-74.82592,Entire home/apt,Entire rental unit,220,132.52,Barranquilla
53197318,11.01645,-74.82421,Entire home/apt,Entire serviced apartment,70,195.38,Barranquilla
40674974,11.00838,-74.83097,Entire home/apt,Entire home,51,132.42,Barranquilla
1083928884336768258,11.01749,-74.93997,Entire home/apt,Entire cabin,17,131.45,Barranquilla
23169847,11.00113,-74.79594,Entire home/apt,Entire home,146,167.6,Barranquilla
914666185889380885,11.0039,-74.8247,Entire home/apt,Entire rental unit,76,143.0,Barranquilla
820504348048390383,10.9989,-74.8151,Entire home/apt,Entire home,4,198.91,Barranquilla
1342914611980694016,11.0043,-74.8199,Entire home/apt,Entire rental unit,51,134.97,Barranquilla
1355816077796442873,11.0232,-74.8035,Entire home/apt,Entire home,70,172.13,Barranquilla
753634281548222790,11.02131,-74.82293,Entire home/apt,Entire condo,38,131.8,Barranquilla
1604414594488577339,11.0019,-74.8287,Entire home/apt,Entire serviced apartment,26,162.78,Barranquilla
47320661,11.0163,-74.81799,Entire home/apt,Entire rental unit,263,72.8,Barranquilla
1414500463920022547,11.0046,-74.82616,Entire home/apt,Entire rental unit,69,67.41,Barranquilla
1233307895860439484,11.0044,-74.803,Entire home/apt,Entire rental unit,21,71.82,Barranquilla
1648604912361481939,11.0035,-74.8254,Entire home/apt,Entire rental unit,16,67.45,Barranquilla
1487744866606905752,11.004051695342854,-74.818946652998,Entire home/apt,Entire rental unit,62,64.66,Barranquilla
17489678,11.0044,-74.8163,Entire home/apt,Entire rental unit,68,138.59,Barranquilla
1650682471711711313,11.003549180627383,-74.81281923167657,Entire home/apt,Entire rental unit,8,68.37,Barranquilla
30294799,10.99545,-74.81994,Entire home/apt,Entire rental unit,100,111.23,Barranquilla
1530830835577870497,11.004629351872374,-74.82060226393338,Entire home/apt,Entire rental unit,53,65.41,Barranquilla
1617645938738562161,11.01511,-74.82114,Entire home/apt,Entire home,11,169.31,Barranquilla
869669841426111432,11.0035,-74.8254,Entire home/apt,Entire rental unit,128,74.07,Barranquilla
577053965114209215,10.99743,-74.8153,Entire home/apt,Entire serviced apartment,100,90.01,Barranquilla
46554593,11.00254,-74.82726,Entire home/apt,Entire condo,11,66.35,Barranquilla
50087304,10.99703,-74.79687,Private room,Room in hotel,155,99.45,Barranquilla
658938851757794784,11.0035,-74.8249,Entire home/apt,Entire rental unit,618,82.62,Barranquilla
1731573398460185115,11.0044,-74.8163,Entire home/apt,Entire rental unit,1,105.33,Barranquilla
1706188651263407017,11.012345787418642,-74.83191639546351,Entire home/apt,Entire rental unit,7,85.12,Barranquilla
618872985161033491,11.0155,-74.8241,Entire home/apt,Entire loft,125,106.75,Barranquilla
928895827859484618,11.0054,-74.82611,Entire home/apt,Entire rental unit,9,309.85,Barranquilla
760231210463511963,11.00257,-74.8252,Entire home/apt,Entire serviced apartment,145,84.01,Barranquilla
1040675014365655186,10.99983,-74.82175,Private room,Room in hotel,25,321.44,Barranquilla
1570451238573064629,10.99231,-74.81829,Entire home/apt,Entire rental unit,18,67.02,Barranquilla
916602102090569075,11.0443,-74.9155,Entire home/apt,Entire home,5,263.79,Barranquilla
1633588093715521005,10.99733,-74.82289,Private room,Private room in guesthouse,2,26.94,Barranquilla
576406649126491956,11.00287,-74.82561,Entire home/apt,Entire loft,80,103.03,Barranquilla
52546166,11.0168,-74.81029,Private room,Private room in home,43,24.26,Barranquilla
1037123063993046768,10.99891,-74.82036,Entire home/apt,Entire home,29,290.27,Barranquilla
1614434975788261765,10.9797,-74.8184,Entire home/apt,Entire rental unit,1,374.3,Barranquilla
22673987,11.012216886907153,-74.82736138906974,Private room,Private room in home,11,30.32,Barranquilla
33826956,11.01682,-74.82711,Entire home/apt,Entire loft,135,77.88,Barranquilla
1691950496206634683,10.971124335226824,-74.8076963874395,Private room,Private room in home,1,16.85,Barranquilla
1466749983686987736,11.00349,-74.81955,Entire home/apt,Entire rental unit,63,71.82,Barranquilla
1234298894131078050,11.0017,-74.7914,Private room,Private room in rental unit,59,26.78,Barranquilla
1218401365944149424,10.9905,-74.8158,Private room,Private room in home,52,16.78,Barranquilla
51603466,11.01673,-74.80846,Private room,Private room in home,84,24.26,Barranquilla
1479700799974281191,10.9933,-74.8196,Private room,Private room in rental unit,18,28.14,Barranquilla
1063994071024695718,11.00062,-74.83396,Private room,Private room in rental unit,54,30.95,Barranquilla
51947458,10.96827,-74.80833,Entire home/apt,Entire serviced apartment,95,30.57,Barranquilla
1690761737613868423,10.971989802336012,-74.80627780531988,Private room,Private room in home,5,16.79,Barranquilla
862953268318435753,10.99357,-74.82677,Private room,Private room in guesthouse,36,26.42,Barranquilla
49548458,10.99567,-74.79674,Private room,Private room in loft,175,27.54,Barranquilla
1745927880168783344,10.9769,-74.785,Entire home/apt,Entire guesthouse,1,30.84,Barranquilla
24353459,11.02393,-74.80762,Private room,Private room in casa particular,120,28.69,Barranquilla
1072465626620858076,11.0073,-74.7925,Private room,Private room in home,134,24.68,Barranquilla
1542344337805335281,10.979427037840612,-74.81825607371003,Entire home/apt,Entire rental unit,6,30.6,Barranquilla
23086893,11.0244,-74.8081,Private room,Private room in casa particular,335,28.69,Barranquilla
1542634511828508109,10.99045,-74.79755,Entire home/apt,Entire rental unit,61,88.85,Barranquilla
1600343850601161219,10.9969,-74.8239,Private room,Private room in rental unit,17,27.53,Barranquilla
48676276,10.97064,-74.80986,Entire home/apt,Entire rental unit,85,30.57,Barranquilla
1384329071313127682,10.926975295187258,-74.86539916467646,Entire home/apt,Entire rental unit,9,30.57,Barranquilla
862973677076760393,10.99334,-74.82763,Private room,Private room in guesthouse,8,26.42,Barranquilla
1215986508623214757,10.9905,-74.8158,Private room,Private room in home,18,17.21,Barranquilla
19490030,11.0039,-74.7961,Private room,Private room in home,36,22.98,Barranquilla
1246013315912560358,11.0018,-74.7913,Private room,Private room in rental unit,57,27.54,Barranquilla
1401496833136048482,10.9976,-74.7919,Private room,Private room in home,15,25.89,Barranquilla
675408743920506179,10.9918,-74.8203,Private room,Private room in bed and breakfast,281,26.77,Barranquilla
1675432727095832964,10.99273,-74.80225,Private room,Room in hotel,1,30.68,Barranquilla
1262575314372787525,10.985301107068477,-74.82191064058854,Private room,Private room in home,70,30.32,Barranquilla
1083430837707571217,10.9938,-74.7865,Entire home/apt,Tiny home,13,20.33,Barranquilla
27200996,10.99696,-74.80278,Private room,Private room in rental unit,106,24.23,Barranquilla
1492787057390443611,11.0048,-74.8311,Entire home/apt,Entire rental unit,1,387.12,Barranquilla
1496361903131624142,11.016,-74.838,Entire home/apt,Entire condo,2,383.03,Barranquilla
1037109193899006305,11.0009,-74.82229,Entire home/apt,Entire home,72,321.44,Barranquilla
1479710028093027741,10.989476910069886,-74.82032944062641,Private room,Private room in rental unit,16,27.29,Barranquilla
1015299530503794248,10.99215,-74.81084,Private room,Private room in rental unit,0,286.89,Barranquilla
1348179682890208706,10.99496204985773,-74.80159611654501,Entire home/apt,Entire home,1,382.53,Barranquilla
1467429750278541185,10.99,-74.7911,Entire home/apt,Entire rental unit,0,255.23,Barranquilla
1040656062181517162,10.99918,-74.82022,Private room,Room in hotel,61,321.44,Barranquilla
1544275880611827877,10.9388,-74.7764,Entire home/apt,Entire rental unit,1,319.19,Barranquilla
969567962000048719,11.01595,-74.93271,Entire home/apt,Entire condo,0,302.02,Barranquilla
1115215364448852777,10.9948,-74.7961,Private room,Private room in rental unit,50,20.0,Barranquilla
1010966780915582801,10.9913,-74.7982,Private room,Private room in casa particular,117,25.21,Barranquilla
1609276168310680567,10.97064,-74.80281,Entire home/apt,Entire rental unit,0,406.85,Barranquilla
1451734110404367120,11.0054,-74.9518,Entire home/apt,Entire rental unit,29,138.71,Barranquilla
1571376055778382410,11.0005,-74.7976,Private room,Room in boutique hotel,1,130.06,Barranquilla
1468154098764347616,11.00272,-74.83245,Entire home/apt,Entire home,9,142.31,Barranquilla
1365488477535236132,11.0086,-74.8333,Private room,Private room in rental unit,1,153.01,Barranquilla
965869669070667236,11.0169,-74.9319,Entire home/apt,Entire condo,2,153.21,Barranquilla
1343440143636202852,10.9255,-74.8221,Entire home/apt,Entire rental unit,1,286.89,Barranquilla
1318882354733273999,11.0005,-74.8289,Entire home/apt,Entire guesthouse,2,153.01,Barranquilla
1249268332755130951,11.006145533700902,-74.835064075365,Entire home/apt,Entire rental unit,9,180.24,Barranquilla
826843013179875663,10.98162,-74.82851,Private room,Private room in rental unit,0,191.26,Barranquilla
1042829571168503964,11.01471,-74.82585,Entire home/apt,Entire rental unit,1,138.1,Barranquilla
565899705454093372,11.0033,-74.8375,Entire home/apt,Entire rental unit,20,155.03,Barranquilla
1067203016530284164,11.00867,-74.81967,Private room,Private room in rental unit,0,172.13,Barranquilla
1348486998270795355,10.9931,-74.954,Entire home/apt,Entire home,0,172.13,Barranquilla
1612644532355558014,10.991,-74.786,Private room,Private room in home,0,179.46,Barranquilla
978972791457474624,11.0159,-74.8317,Entire home/apt,Entire rental unit,2,138.53,Barranquilla
1029053324755077727,11.01262,-74.82247,Entire home/apt,Entire rental unit,5,130.82,Barranquilla
41461296,10.99364,-74.95181,Entire home/apt,Entire serviced apartment,3,170.0,Barranquilla
895094380151620579,11.0182,-74.8043,Private room,Private room in home,0,136.95,Barranquilla
1052888677012684862,10.98749,-74.7855,Entire home/apt,Entire rental unit,0,149.18,Barranquilla
1081196409535565346,11.0079,-74.8366,Entire home/apt,Entire rental unit,1,156.84,Barranquilla
919058402684309489,10.99289,-74.84717,Entire home/apt,Entire rental unit,2,134.61,Barranquilla
1375017311537739713,11.0232,-74.8475,Entire home/apt,Entire rental unit,1,131.6,Barranquilla
1528316489020655958,11.023349665103135,-74.86546753989485,Private room,Private room in home,0,199.72,Barranquilla
813013134728854561,10.9802,-74.81393,Private room,Private room in home,2,172.13,Barranquilla
1611877194079549382,11.0228,-74.864,Entire home/apt,Entire home,0,358.77,Barranquilla
1498688921013525218,10.994041975186542,-74.84439627341926,Entire home/apt,Entire rental unit,0,140.78,Barranquilla
1346413257173089945,11.009147643706147,-74.83701427667826,Entire home/apt,Entire rental unit,1,148.64,Barranquilla
1493481145748841288,11.0202,-74.8176,Entire home/apt,Entire rental unit,3,132.14,Barranquilla
1619261431102870328,11.01151,-74.82256,Private room,Private room in home,1,133.89,Barranquilla
1392781105520787419,11.0166,-74.9316,Entire home/apt,Entire rental unit,0,164.48,Barranquilla
810173554707462351,11.02376,-74.80349,Private room,Private room in home,0,133.89,Barranquilla
1086571759930492646,11.0148,-74.9399,Private room,Private room in home,1,172.13,Barranquilla
1446806394864604101,10.98577,-74.80847,Private room,Private room in home,1,153.01,Barranquilla
1663827739253585328,11.023740203264518,-74.84693015931438,Entire home/apt,Entire rental unit,2,153.14,Barranquilla
1242756720786758563,10.9856,-74.7837,Private room,Room in hotel,0,131.14,Barranquilla
1607476520338912073,10.9891,-74.8115,Entire home/apt,Entire rental unit,0,157.75,Barranquilla
739053611385994664,10.99397,-74.78941,Entire home/apt,Entire rental unit,6,151.86,Barranquilla
1392769337911466012,11.0166,-74.9316,Entire home/apt,Entire rental unit,0,133.89,Barranquilla
1505470099396023044,11.004,-74.9507,Entire home/apt,Entire home,1,184.92,Barranquilla
1366283899874077843,10.991575843822298,-74.81706204066091,Entire home/apt,Entire rental unit,1,133.89,Barranquilla
15829826,11.0141,-74.8388,Entire home/apt,Entire serviced apartment,5,153.98,Barranquilla
1407475572779130456,10.9923,-74.8177,Entire home/apt,Entire rental unit,4,159.59,Barranquilla
1366714436768532388,10.998468216060864,-74.82326580148913,Entire home/apt,Entire rental unit,0,153.01,Barranquilla
24869929,10.99152,-74.8168,Entire home/apt,Entire rental unit,24,151.27,Barranquilla
830614356888063662,10.96149,-74.83968,Entire home/apt,Entire rental unit,8,127.68,Barranquilla
1491289691182919884,11.035160581938213,-74.89734435964742,Entire home/apt,Tiny home,3,198.52,Barranquilla
1679138977931905493,10.92173,-74.79808,Entire home/apt,Entire rental unit,0,165.98,Barranquilla
944191311807183095,11.0061,-74.8216,Entire home/apt,Entire rental unit,8,144.64,Barranquilla
1076887882912631270,11.0033,-74.825,Entire home/apt,Entire rental unit,3,183.61,Barranquilla
1613414887072511783,11.02476,-74.81122,Entire home/apt,Entire home,0,182.34,Barranquilla
16529151,11.01305,-74.82634,Entire home/apt,Entire rental unit,106,133.58,Barranquilla
1610576214834587715,11.02215,-74.86697,Entire home/apt,Entire rental unit,0,153.25,Barranquilla
1336211181723625933,10.9915,-74.7901,Private room,Room in hotel,1,135.19,Barranquilla
675444051263092121,10.95333,-74.95215,Entire home/apt,Entire cottage,7,154.69,Barranquilla
1150890349627801700,11.01797,-74.82019,Entire home/apt,Entire rental unit,16,157.61,Barranquilla
1076934527334851812,10.99092,-74.843,Entire home/apt,Entire rental unit,4,137.71,Barranquilla
20694318,11.00096,-74.83343,Entire home/apt,Entire rental unit,38,130.06,Barranquilla
26960237,11.0142,-74.83553,Entire home/apt,Entire condo,6,163.91,Barranquilla
1363356499407338624,11.0239,-74.8043,Private room,Private room in home,1,175.96,Barranquilla
1610493531520150299,10.9967,-74.8296,Private room,Private room in rental unit,0,155.62,Barranquilla
994151674524780101,10.9949,-74.82,Entire home/apt,Entire rental unit,9,172.13,Barranquilla
1605478033757502339,10.98713,-74.80895,Private room,Private room in home,1,145.36,Barranquilla
978356808713689748,10.9928,-74.8472,Entire home/apt,Entire rental unit,10,185.13,Barranquilla
1610801967355448859,11.02262,-74.84725,Entire home/apt,Entire rental unit,0,166.79,Barranquilla
1403697369381040032,11.0091,-74.8381,Entire home/apt,Entire rental unit,16,137.71,Barranquilla
1303091027695627803,11.043,-74.9176,Private room,Room in hotel,0,183.61,Barranquilla
1360103012224211091,11.014549901468426,-74.80456360312377,Entire home/apt,Entire home,0,172.13,Barranquilla
1605501253148454962,10.98618,-74.808,Private room,Private room in home,0,133.89,Barranquilla
1517509410468991503,10.99745,-74.79101,Private room,Private room in rental unit,0,153.89,Barranquilla
857345895769341095,11.0147,-74.82929,Entire home/apt,Entire rental unit,0,160.67,Barranquilla
1354256693273697900,11.0281,-74.8701,Entire home/apt,Entire rental unit,0,172.13,Barranquilla
1358245608473122471,10.9931,-74.7977,Private room,Private room in home,0,157.61,Barranquilla
1456031881759258106,10.99748,-74.80462,Entire home/apt,Entire rental unit,0,160.43,Barranquilla
1537829394850806404,11.0094,-74.8351,Entire home/apt,Entire rental unit,0,224.02,Barranquilla
49591590,11.02379,-74.81688,Entire home/apt,Entire rental unit,85,143.98,Barranquilla
1690396316489059238,11.0024,-74.9528,Entire home/apt,Entire rental unit,0,180.73,Barranquilla
966046522921542432,10.98759,-74.82009,Entire home/apt,Entire home,0,130.06,Barranquilla
1353877869808640386,11.011618206779646,-74.79534290079684,Entire home/apt,Entire rental unit,3,153.01,Barranquilla
1064065815200247673,10.98944,-74.81015,Private room,Private room in rental unit,0,187.44,Barranquilla
1336456012496516968,11.0181,-74.933,Entire home/apt,Entire home,0,169.54,Barranquilla
1616341662972351050,10.9995,-74.8275,Private room,Private room in rental unit,0,176.25,Barranquilla
1704683681376893253,11.022458188798051,-74.81476129243111,Entire home/apt,Entire rental unit,1,138.13,Barranquilla
929196745117751976,11.01442,-74.93883,Private room,Private room in home,0,214.52,Barranquilla
47734635,10.99642,-74.82573,Entire home/apt,Entire rental unit,0,140.5,Barranquilla
1445746315577429643,10.9981,-74.80538,Private room,Private room in rental unit,0,130.1,Barranquilla
1616360446831020852,10.99864,-74.82664,Private room,Private room in rental unit,0,181.58,Barranquilla
1084178386792274485,11.00888,-74.9186,Entire home/apt,Entire home,2,176.72,Barranquilla
1618577915611718618,11.01129,-74.82279,Private room,Private room in home,0,133.89,Barranquilla
969562691553730796,11.01804,-74.93075,Entire home/apt,Entire condo,0,159.59,Barranquilla
1355167573593806264,10.993512499877136,-74.8272736206507,Entire home/apt,Entire rental unit,0,191.26,Barranquilla
1424039750695352800,11.006092284389693,-74.8369517646287,Entire home/apt,Entire rental unit,2,155.34,Barranquilla
1471811225374138815,10.9884,-74.9496,Entire home/apt,Entire rental unit,1,135.42,Barranquilla
1167476973658458508,11.00425,-74.94899,Private room,Room in hotel,1,131.21,Barranquilla
1179166678418775833,10.9919,-74.7891,Private room,Private room in rental unit,1,132.09,Barranquilla
1650835644761614763,11.0054,-74.9518,Entire home/apt,Entire rental unit,0,141.54,Barranquilla
965919723433823931,10.98975,-74.79223,Entire home/apt,Entire rental unit,1,140.5,Barranquilla
1257380226259171217,11.0079,-74.8373,Entire home/apt,Entire rental unit,5,179.74,Barranquilla
1069834268884587060,10.9978,-74.8445,Entire home/apt,Entire rental unit,0,131.97,Barranquilla
1086635512209832355,11.0147,-74.9399,Private room,Private room in home,0,133.89,Barranquilla
1078121035482633781,10.9986,-74.9514,Private room,Private room in guesthouse,0,137.71,Barranquilla
1601767781539041139,11.014351168676773,-74.82572149870597,Entire home/apt,Entire rental unit,1,135.04,Barranquilla
1066847369037885451,10.9969,-74.9532,Private room,Room in hotel,0,175.55,Barranquilla
1039174957265124926,11.01695,-74.82545,Entire home/apt,Entire rental unit,0,138.1,Barranquilla
1206558191775691481,10.99459,-74.95139,Entire home/apt,Entire home,1,141.54,Barranquilla
1060340783899663293,10.97854,-74.81401,Private room,Private room in home,0,172.13,Barranquilla
1392808840491489853,11.0166,-74.9316,Entire home/apt,Entire rental unit,0,145.36,Barranquilla
1513085094145602523,11.04198923609314,-74.92115953171606,Entire home/apt,Entire rental unit,2,156.84,Barranquilla
1616441123204068360,10.990725653175426,-74.95487049229781,Entire home/apt,Entire rental unit,1,149.11,Barranquilla
1610503010104394761,10.96773,-74.7967,Private room,Private room in home,0,153.01,Barranquilla
1411738725085161641,11.0003,-74.8072,Entire home/apt,Entire home,3,175.62,Barranquilla
1107402524343950995,11.01077,-74.82558,Entire home/apt,Entire rental unit,19,158.17,Barranquilla
1259366674814988868,10.990556094020738,-74.81635149756845,Entire home/apt,Entire rental unit,4,141.54,Barranquilla
648624742495173730,11.02314,-74.86651,Entire home/apt,Entire condo,0,187.06,Barranquilla
21294408,11.0118,-74.827,Entire home/apt,Entire vacation home,14,135.57,Barranquilla
978428394564154258,11.01414,-74.83516,Entire home/apt,Entire condo,7,149.18,Barranquilla
1534052232117504989,11.02047,-74.8703,Entire home/apt,Entire rental unit,2,133.89,Barranquilla
53235425,11.0222,-74.8193,Entire home/apt,Entire home,1,165.52,Barranquilla
1261886514459890612,11.006668890901281,-74.83264923487664,Entire home/apt,Entire rental unit,9,177.11,Barranquilla
50641133,11.00473,-74.80774,Private room,Private room in home,4,127.47,Barranquilla
540428478029265753,10.94999,-74.78988,Entire home/apt,Entire home,55,128.32,Barranquilla
1626162959436457414,11.0242,-74.8103,Entire home/apt,Entire rental unit,3,162.79,Barranquilla
1561748381874603104,11.0083,-74.8336,Entire home/apt,Entire rental unit,7,147.65,Barranquilla
1358665699474386557,11.00866227492255,-74.82938091894827,Private room,Private room in home,0,166.48,Barranquilla
1346593728422137099,11.018966830455655,-74.93189097937127,Entire home/apt,Entire cabin,7,182.13,Barranquilla
1366723314866883113,11.008828375678354,-74.82935504357987,Entire home/apt,Entire home,0,166.48,Barranquilla
1079092719480245612,10.9969,-74.8178,Entire home/apt,Entire rental unit,5,157.61,Barranquilla
1608973384406683345,10.9656,-74.7855,Private room,Private room in rental unit,0,144.78,Barranquilla
1649571057106360287,11.008491474028837,-74.83088597641441,Entire home/apt,Entire home,2,139.64,Barranquilla
644679,11.01359,-74.81543,Entire home/apt,Entire place,73,132.36,Barranquilla
1437787271266600650,11.01948,-74.81898,Entire home/apt,Entire rental unit,15,152.63,Barranquilla
1037111367265254969,11.00122,-74.82237,Private room,Room in boutique hotel,32,321.44,Barranquilla
1609276130905903539,10.97077,-74.80423,Entire home/apt,Entire rental unit,0,348.41,Barranquilla
1081880174126446455,10.96184,-74.78804,Private room,Private room in home,1,133.89,Barranquilla
827408791429420131,10.98993,-74.84609,Entire home/apt,Entire rental unit,0,323.62,Barranquilla
1149340129710943844,11.016,-74.9306,Entire home/apt,Entire home,2,451.38,Barranquilla
1040681906306337529,11.00106,-74.82188,Private room,Room in hotel,39,289.52,Barranquilla
881931327222265269,11.00524,-74.81921,Entire home/apt,Entire rental unit,23,353.82,Barranquilla
1571274610701888312,11.0005,-74.7976,Private room,Room in boutique hotel,0,130.06,Barranquilla
1426111899347508670,11.0005,-74.7976,Private room,Room in boutique hotel,1,130.06,Barranquilla
23023324,11.01983,-74.93162,Entire home/apt,Entire home,96,159.14,Barranquilla
45634486,11.02396,-74.92927,Entire home/apt,Entire cabin,17,257.83,Barranquilla
1086495499797462128,10.9795,-74.8149,Private room,Private room in home,1,191.26,Barranquilla
1673939790485574668,11.0398,-74.91688,Entire home/apt,Entire cottage,4,437.51,Barranquilla
1619056874806191425,10.916807929165573,-74.76767133530828,Private room,Private room in home,1,18.51,Barranquilla
1029800052070295792,10.9849,-74.79116,Private room,Private room in rental unit,0,22.95,Barranquilla
993547806486528796,10.96846,-74.79361,Private room,Private room in home,30,26.77,Barranquilla
1574791659880816759,10.99608,-74.82081,Entire home/apt,Entire rental unit,35,56.61,Barranquilla
1231340318909115208,11.00883,-74.80599,Entire home/apt,Entire rental unit,10,126.05,Barranquilla
53081036,11.0033,-74.8255,Entire home/apt,Entire loft,317,60.58,Barranquilla
1283674376702408231,11.0,-74.7999,Entire home/apt,Entire loft,102,48.52,Barranquilla
1082684267916871208,10.98849,-74.78575,Private room,Private room in home,6,21.61,Barranquilla
1335315477866525484,11.00433,-74.80652,Entire home/apt,Entire rental unit,78,45.32,Barranquilla
1361965858601289984,10.997316241935861,-74.82958900263559,Shared room,Shared room in guesthouse,0,30.61,Barranquilla
892348544541560990,11.0156,-74.8205,Entire home/apt,Entire condo,90,120.6,Barranquilla
666732140760556880,11.0036,-74.8262,Entire home/apt,Entire loft,176,61.6,Barranquilla
1706635425538595302,11.01896,-74.81144,Entire home/apt,Entire rental unit,17,95.02,Barranquilla
580653642250764980,11.0081,-74.83375,Entire home/apt,Entire condo,84,117.84,Barranquilla
814439602040671350,11.0121,-74.8272,Entire home/apt,Entire condo,94,104.8,Barranquilla
888615338551252102,11.00408,-74.82563,Entire home/apt,Entire condo,227,103.48,Barranquilla
979977910033551396,11.0035,-74.8249,Entire home/apt,Entire rental unit,114,61.66,Barranquilla
1712803688477902931,11.0245,-74.812,Entire home/apt,Entire rental unit,7,113.95,Barranquilla
1706616755164504145,10.9983,-74.8073,Entire home/apt,Entire rental unit,2,100.01,Barranquilla
1080395571266317660,10.9981,-74.9517,Entire home/apt,Entire home,42,119.26,Barranquilla
51885650,11.01418,-74.82425,Entire home/apt,Entire loft,116,95.37,Barranquilla
1458652459382821164,10.99805468381134,-74.82259753920043,Entire home/apt,Entire rental unit,37,122.96,Barranquilla
1722765914016330709,11.0165,-74.8279,Entire home/apt,Entire rental unit,1,107.34,Barranquilla
1079888467091222014,11.00933,-74.83732,Entire home/apt,Entire rental unit,1,253.69,Barranquilla
1722856602017862520,11.0016,-74.8064,Entire home/apt,Entire rental unit,1,97.01,Barranquilla
50777074,11.004,-74.80859,Private room,Room in hotel,2,194.37,Barranquilla
1484936657348326970,10.9864,-74.8111,Entire home/apt,Entire home,23,198.91,Barranquilla
1364715305117869654,11.0123,-74.8269,Entire home/apt,Entire rental unit,21,249.41,Barranquilla
968768385242115811,11.00006,-74.80512,Private room,Room in hotel,0,280.25,Barranquilla
849967004630167160,11.00796,-74.83634,Entire home/apt,Entire rental unit,2,229.51,Barranquilla
1723325117791595426,11.0213,-74.8462,Entire home/apt,Entire rental unit,0,236.02,Barranquilla
1620008005873302975,10.99177,-74.81837,Entire home/apt,Entire rental unit,0,295.96,Barranquilla
982801410586770502,11.0292,-74.8613,Entire home/apt,Entire serviced apartment,20,198.91,Barranquilla
817481792005666036,11.01322,-74.80446,Private room,Private room in home,0,229.52,Barranquilla
1023857161857804235,11.035893408560261,-74.91922782577055,Entire home/apt,Entire rental unit,14,237.02,Barranquilla
1219093183956452451,11.0214,-74.868,Entire home/apt,Entire rental unit,10,206.56,Barranquilla
746907291274098468,11.03888,-74.89804,Entire home/apt,Entire bungalow,35,199.11,Barranquilla
1062396442068004879,11.01518,-74.80891,Entire home/apt,Entire rental unit,3,216.51,Barranquilla
1600190011614122832,11.03632,-74.89772,Entire home/apt,Entire guesthouse,4,113.07,Barranquilla
577674310554239569,11.02012,-74.93218,Entire home/apt,Entire cottage,13,195.09,Barranquilla
1353240794692394215,10.9964,-74.8418,Entire home/apt,Entire rental unit,5,244.82,Barranquilla
816726750591985064,10.98946,-74.8217,Private room,Private room in home,1,209.58,Barranquilla
630699190423569712,10.9964,-74.9532,Private room,Room in boutique hotel,0,197.9,Barranquilla
1358292964546477358,11.02461,-74.80508,Private room,Private room in home,17,191.99,Barranquilla
1424210527000023336,11.000332587968922,-74.78703080251846,Entire home/apt,Entire home,8,245.31,Barranquilla
15828665,11.0141,-74.8388,Entire home/apt,Entire serviced apartment,19,192.47,Barranquilla
808198520780520361,10.99198,-74.84705,Private room,Private room in rental unit,0,211.0,Barranquilla
1151457902421471699,10.9928,-74.819,Entire home/apt,Entire condo,17,244.55,Barranquilla
1612490955471149629,11.0028,-74.821,Entire home/apt,Entire rental unit,0,288.85,Barranquilla
658097935084104570,11.0121,-74.8851,Entire home/apt,Holiday park,5,221.87,Barranquilla
1197983794088742039,11.0003,-74.8367,Private room,Private room in home,4,202.74,Barranquilla
1074922216092136173,11.00551,-74.82595,Entire home/apt,Entire rental unit,24,251.7,Barranquilla
799276928056919440,11.0164,-74.8291,Entire home/apt,Entire rental unit,54,95.11,Barranquilla
1522053328494958238,11.02254366739118,-74.8632487386536,Entire home/apt,Entire home,3,231.58,Barranquilla
1127711578107011662,11.0035,-74.8254,Private room,Private room in rental unit,1,232.73,Barranquilla
1619621109252395547,10.99761995323492,-74.81339712183576,Entire home/apt,Entire rental unit,0,103.28,Barranquilla
1739888178573567527,10.9869,-74.7898,Entire home/apt,Entire rental unit,0,103.31,Barranquilla
53720023,11.0042,-74.8201,Entire home/apt,Entire loft,294,100.21,Barranquilla
861129353554838553,10.992,-74.791,Private room,Private room in guesthouse,1,19.63,Barranquilla
819668839000533767,11.00107,-74.8261,Entire home/apt,Entire serviced apartment,11,236.4,Barranquilla
807910020120859698,11.0044,-74.8163,Entire home/apt,Entire rental unit,94,120.55,Barranquilla
1029796279720349894,10.98341,-74.79188,Private room,Private room in rental unit,1,22.95,Barranquilla
1634139012564969844,11.01638,-74.8313,Entire home/apt,Entire rental unit,5,96.86,Barranquilla
1012383876188024097,10.99072,-74.79892,Entire home/apt,Entire home,11,224.45,Barranquilla
1112476732294612408,10.95537,-74.80105,Private room,Private room in rental unit,2,18.39,Barranquilla
1389038031879279649,11.0034,-74.9524,Private room,Private room in rental unit,0,30.15,Barranquilla
1362007855047674610,11.0098,-74.838,Private room,Private room in rental unit,3,27.55,Barranquilla
1437190243884396575,10.9326,-74.7874,Shared room,Shared room in home,0,19.31,Barranquilla
1247222531948181668,10.9889,-74.9438,Private room,Private room in home,0,26.77,Barranquilla
1578062665533342165,10.992,-74.791,Private room,Private room in rental unit,1,31.34,Barranquilla
963700363397306157,10.98003,-74.78534,Private room,Room in hotel,1,22.49,Barranquilla
1383024029784654946,10.985236749983986,-74.7829964666887,Private room,Room in hotel,3,17.74,Barranquilla
47475011,10.9805,-74.7949,Private room,Private room in rental unit,1,29.27,Barranquilla
730513706151214543,10.99388,-74.81922,Private room,Private room in bed and breakfast,0,23.4,Barranquilla
1076029293814189750,10.9976,-74.83023,Shared room,Shared room in guesthouse,0,30.61,Barranquilla
1616373188249480385,10.9995,-74.8275,Private room,Private room in rental unit,0,210.79,Barranquilla
1714028168099905802,10.9947,-74.825,Private room,Private room in home,1,36.99,Barranquilla
1387915499507128599,10.917259687051438,-74.80103773525182,Private room,Private room in home,0,26.77,Barranquilla
764029339706755678,11.02182,-74.86816,Private room,Private room in home,6,28.3,Barranquilla
1411654181890784320,10.93035156205399,-74.77369783058204,Private room,Private room in rental unit,0,18.97,Barranquilla
963936403242995905,11.01971,-74.81768,Private room,Private room in rental unit,9,22.95,Barranquilla
884092341863153593,10.9958,-74.7885,Private room,Private room in guesthouse,0,22.95,Barranquilla
1365399244853667927,10.991962617004218,-74.79020050390326,Shared room,Shared room in home,1,19.28,Barranquilla
1537695128255333150,11.03695806215329,-74.89767272334277,Entire home/apt,Entire cabin,10,141.02,Barranquilla
1027666551770566110,10.9895,-74.8086,Private room,Private room in rental unit,0,25.89,Barranquilla
1739572309230665363,11.01821,-74.79976,Entire home/apt,Entire rental unit,0,218.32,Barranquilla
38815292,11.0243,-74.8649,Entire home/apt,Entire rental unit,75,143.0,Barranquilla
1644965219636838412,10.9159,-74.7666,Private room,Private room in home,0,16.6,Barranquilla
1423387410261492449,11.0134,-74.8117,Entire home/apt,Entire rental unit,10,157.0,Barranquilla
1193821589031478136,11.016,-74.8248,Entire home/apt,Entire rental unit,31,154.92,Barranquilla
1218977395487553182,11.00596,-74.80276,Entire home/apt,Entire rental unit,1,134.75,Barranquilla
1669831349041404306,10.99921,-74.80221,Entire home/apt,Room in aparthotel,0,177.08,Barranquilla
1050756800409949841,11.0007,-74.8091,Entire home/apt,Entire rental unit,23,129.29,Barranquilla
1352572744548446267,11.0159,-74.9349,Entire home/apt,Entire home,4,132.36,Barranquilla
1394594219424675042,10.990861946158745,-74.81985746962125,Entire home/apt,Entire rental unit,1,176.72,Barranquilla
1312750493372782080,10.9898,-74.798,Entire home/apt,Entire rental unit,15,131.97,Barranquilla
1687868352312501900,10.9703,-74.7802,Private room,Room in hotel,1,17.62,Barranquilla
1327742594818021118,10.9861,-74.7924,Entire home/apt,Entire rental unit,4,148.42,Barranquilla
1620392292163970283,11.024743270422986,-74.81679099555514,Entire home/apt,Entire rental unit,3,174.43,Barranquilla
53915796,11.01836,-74.86152,Entire home/apt,Entire serviced apartment,16,146.83,Barranquilla
1690134445187028204,11.00352,-74.81657,Entire home/apt,Entire serviced apartment,0,183.65,Barranquilla
1615069459215906638,11.02254,-74.81734,Entire home/apt,Entire rental unit,1,137.72,Barranquilla
1651095066812353048,10.9867,-74.8122,Entire home/apt,Entire condo,1,135.42,Barranquilla
53797668,11.01099,-74.82174,Entire home/apt,Entire rental unit,12,146.35,Barranquilla
1543698280335153176,10.9895,-74.798,Entire home/apt,Entire rental unit,33,141.54,Barranquilla
1391575849222329220,10.98497,-74.83378,Entire home/apt,Entire rental unit,3,156.99,Barranquilla
1331346517887781633,10.99425,-74.84428,Entire home/apt,Entire serviced apartment,4,132.74,Barranquilla
1354630894817064612,11.017528858639768,-74.8169740098187,Entire home/apt,Entire rental unit,6,139.47,Barranquilla
765325697891374384,11.0148,-74.8242,Entire home/apt,Entire home,7,168.47,Barranquilla
1612587110482641561,10.995761415210273,-74.8273564543324,Entire home/apt,Entire rental unit,1,195.34,Barranquilla
1652209785652073430,11.0165,-74.83155,Entire home/apt,Entire serviced apartment,0,158.51,Barranquilla
1601090155548392924,11.0018112801389,-74.79649340953496,Entire home/apt,Entire rental unit,2,175.35,Barranquilla
585295511397999042,11.01333,-74.83801,Entire home/apt,Entire condo,16,157.44,Barranquilla
960212536184452662,11.02193,-74.82551,Entire home/apt,Entire rental unit,4,160.66,Barranquilla
1303172031718207661,11.0077,-74.8298,Private room,Private room in home,0,205.66,Barranquilla
1070911717005949097,11.02552,-74.86486,Entire home/apt,Entire rental unit,29,128.95,Barranquilla
1144181680131153856,11.0076,-74.838,Entire home/apt,Entire rental unit,13,127.33,Barranquilla
1613100709784196417,11.0221,-74.8158,Entire home/apt,Entire rental unit,8,155.72,Barranquilla
948800259087727598,10.9974,-74.8429,Entire home/apt,Entire rental unit,2,144.06,Barranquilla
17271432,11.01506,-74.80272,Entire home/apt,Entire rental unit,116,146.13,Barranquilla
1335613549959819034,10.9915,-74.7901,Private room,Room in hotel,1,150.37,Barranquilla
1340247935083997663,11.0156,-74.8312,Entire home/apt,Entire rental unit,6,187.43,Barranquilla
44377979,11.016441273326487,-74.80165737731602,Entire home/apt,Entire serviced apartment,79,146.13,Barranquilla
1434320741659767637,11.007346286465825,-74.83703404420798,Entire home/apt,Entire rental unit,5,198.47,Barranquilla
1327793992966977567,11.0233,-74.8457,Entire home/apt,Entire rental unit,57,192.93,Barranquilla
1607372348984404220,10.9891,-74.8115,Entire home/apt,Entire rental unit,0,159.9,Barranquilla
48786700,11.01292,-74.82811,Entire home/apt,Entire rental unit,1,142.89,Barranquilla
1734935992961766293,10.986,-74.9542,Shared room,Shared room in guesthouse,0,20.81,Barranquilla
1614603603813700608,11.019,-74.9313,Entire home/apt,Entire home,5,153.01,Barranquilla
1515247586323696981,11.00551,-74.81725,Entire home/apt,Entire rental unit,5,140.39,Barranquilla
1651635957362858204,11.023067960984596,-74.81672697699953,Private room,Private room in rental unit,1,26.88,Barranquilla
1719032972442235147,10.9206,-74.7986,Private room,Private room in bed and breakfast,3,17.42,Barranquilla
1066009560313431167,10.9728,-74.808,Private room,Private room in home,6,25.78,Barranquilla
1620572335248689679,11.02223,-74.84663,Entire home/apt,Entire rental unit,0,143.07,Barranquilla
1595287421723247175,10.92282,-74.8298,Private room,Private room in condo,2,27.66,Barranquilla
575330106048077730,10.9976,-74.83144,Private room,Private room in guesthouse,2,30.61,Barranquilla
1732834596459127837,10.9173,-74.8059,Private room,Private room in guesthouse,0,16.12,Barranquilla
1361964299102567711,10.9965,-74.8304,Shared room,Shared room in guesthouse,0,30.61,Barranquilla
1574797158579836810,11.0091,-74.8381,Private room,Private room in rental unit,13,25.94,Barranquilla
1611975725256010197,10.983211398484553,-74.79984768658696,Entire home/apt,Entire rental unit,1,382.53,Barranquilla
1069675862172948911,10.9885,-74.8178,Entire home/apt,Entire rental unit,2,325.15,Barranquilla
1367385763711337432,10.997312095968551,-74.83070651590567,Shared room,Shared room in guesthouse,1,30.61,Barranquilla
1364689134616993338,10.9891529898633,-74.78701949073992,Shared room,Shared room in home,2,21.61,Barranquilla
1691494944651076783,10.9275,-74.8223,Private room,Private room in rental unit,0,26.62,Barranquilla
1617798522618170055,10.9745,-74.8337,Private room,Private room in home,0,31.53,Barranquilla
26752502,11.00236,-74.83432,Private room,Private room in rental unit,52,20.19,Barranquilla
684705318895348075,10.9946,-74.8057,Entire home/apt,Entire rental unit,1,197.89,Barranquilla
575322990363567067,10.9953,-74.83139,Private room,Private room in guesthouse,3,30.61,Barranquilla
575335629817590676,10.99703,-74.83164,Private room,Private room in guesthouse,2,30.61,Barranquilla
575308496338784375,10.99701,-74.83135,Entire home/apt,Entire guesthouse,7,30.61,Barranquilla
1265400496069236424,10.979251457292367,-74.78355716203066,Private room,Room in hotel,7,26.94,Barranquilla
1364155161207060334,10.9965,-74.8304,Entire home/apt,Entire guesthouse,0,30.61,Barranquilla
1361967791044641494,10.995584309424917,-74.82932904046977,Shared room,Shared room in guesthouse,1,30.61,Barranquilla
1361600860396022756,10.987166924300379,-74.80279188717306,Private room,Private room in rental unit,1,21.42,Barranquilla
1029783153448201948,10.98401,-74.79108,Private room,Private room in rental unit,1,22.95,Barranquilla
1714006994850621342,10.9946,-74.8255,Private room,Private room in home,0,36.99,Barranquilla
1363050258884282524,10.969709281621789,-74.7908208414996,Private room,Private room in guesthouse,2,23.85,Barranquilla
1501581087728304554,10.96795,-74.78934,Private room,Private room in rental unit,3,29.51,Barranquilla
1421825310569414207,10.9829,-74.7932,Private room,Private room in rental unit,2,27.54,Barranquilla
1625639277517401154,10.9947,-74.825,Private room,Private room in home,1,36.99,Barranquilla
1347268103411726181,10.9029,-74.8008,Private room,Private room in home,16,30.19,Barranquilla
1131822340162035167,11.00797,-74.83886,Private room,Private room in rental unit,24,26.4,Barranquilla
31406022,11.001837330409899,-74.8344096192286,Private room,Private room in condo,16,28.66,Barranquilla
1518220999379060765,10.93198,-74.77382,Private room,Private room in rental unit,7,16.88,Barranquilla
949459143995540665,10.96949,-74.79133,Entire home/apt,Entire rental unit,3,27.67,Barranquilla
983361056533850473,10.98463,-74.79061,Private room,Private room in rental unit,3,21.04,Barranquilla
575315659381146834,10.9972,-74.83081,Private room,Private room in guesthouse,1,30.61,Barranquilla
575333883372678442,10.99611,-74.83136,Private room,Private room in guesthouse,4,30.61,Barranquilla
1106606157351677012,10.9999,-74.7958,Private room,Private room in bed and breakfast,0,30.61,Barranquilla
1630239370763777690,10.9948,-74.825,Private room,Private room in home,0,36.99,Barranquilla
1623290134398668946,11.008949127747705,-74.83853247813543,Private room,Private room in rental unit,6,25.17,Barranquilla
1063209884357656284,10.99563,-74.8313,Shared room,Shared room in guesthouse,1,30.61,Barranquilla
1721838371980475428,11.0194,-74.8049,Private room,Private room in home,0,28.1,Barranquilla
1109296665381610946,10.9915,-74.9497,Private room,Private room in tiny home,28,30.61,Barranquilla
1495562405082253300,10.9943,-74.8433,Private room,Private room in rental unit,6,20.53,Barranquilla
575319650718539425,10.99682,-74.83071,Private room,Private room in guesthouse,2,30.61,Barranquilla
1355155136034979390,10.993261301495444,-74.81317580177779,Private room,Private room in rental unit,0,19.15,Barranquilla
1337671408420369147,10.9906,-74.7843,Private room,Private room in guesthouse,0,27.13,Barranquilla
10785679,10.9805,-74.7949,Private room,Private room in home,1,29.27,Barranquilla
1721017415237914506,11.0194,-74.8049,Private room,Private room in home,0,24.69,Barranquilla
1690055688255761982,10.981323450623488,-74.8296114938057,Private room,Private room in rental unit,0,16.16,Barranquilla
1107392007553245003,11.00823,-74.82532,Private room,Private room in guesthouse,41,30.19,Barranquilla
983348997050194828,10.98371,-74.79134,Private room,Private room in rental unit,2,30.61,Barranquilla
1357558428290710100,11.0108,-74.7999,Private room,Private room in rental unit,21,23.72,Barranquilla
1684128263786043680,10.9277,-74.8223,Private room,Private room in rental unit,1,26.5,Barranquilla
1619337396629050871,10.9723,-74.78917,Private room,Private room in rental unit,2,25.54,Barranquilla
1372112949115171076,10.9943,-74.8122,Private room,Private room in rental unit,2,28.69,Barranquilla
1739276742025910898,11.0235,-74.8091,Private room,Private room in guesthouse,0,24.71,Barranquilla
1142727690753635401,10.98575,-74.80605,Private room,Private room in rental unit,0,25.89,Barranquilla
987271488435802348,10.9201,-74.7804,Private room,Private room in home,14,25.58,Barranquilla
47765212,11.01762,-74.93068,Entire home/apt,Entire villa,3,426.91,Barranquilla
1706158501363054420,10.999401694275932,-74.79892182912009,Entire home/apt,Entire rental unit,3,38.76,Barranquilla
1557661849449451193,10.9942,-74.8134,Entire home/apt,Entire rental unit,18,56.69,Barranquilla
1616015682786512411,11.0006,-74.8366,Private room,Private room in rental unit,0,28.9,Barranquilla
1605796638779594454,10.978926567566285,-74.78854678127337,Private room,Private room in rental unit,2,28.88,Barranquilla
1437214732272151251,10.93337,-74.77345,Private room,Private room in rental unit,2,18.59,Barranquilla
1684947415404479207,11.0245,-74.8082,Private room,Private room in guesthouse,0,29.13,Barranquilla
1695938181078825365,10.917798834970801,-74.77201924305908,Private room,Private room in rental unit,0,24.48,Barranquilla
868763440716890249,11.00822,-74.83756,Private room,Private room in rental unit,23,29.69,Barranquilla
983799106257902396,10.98404,-74.78998,Private room,Private room in rental unit,0,22.95,Barranquilla
1387921282332918706,10.917297812661435,-74.79972665029351,Private room,Private room in home,2,26.77,Barranquilla
1711322828684394405,10.9205,-74.7985,Private room,Private room in bed and breakfast,0,16.84,Barranquilla
955722385397058632,10.98007,-74.78597,Private room,Room in hotel,1,26.39,Barranquilla
1436249488550510460,10.9922,-74.7893,Private room,Private room in guesthouse,1,25.58,Barranquilla
1257520582002147285,10.979510004915664,-74.7834521039133,Private room,Room in hotel,5,29.99,Barranquilla
983794911495114577,10.98546,-74.79154,Private room,Private room in rental unit,0,22.95,Barranquilla
52827235,10.97524,-74.80801,Entire home/apt,Entire serviced apartment,69,28.69,Barranquilla
1695937471691701301,10.9282,-74.8223,Private room,Private room in rental unit,0,14.42,Barranquilla
1538532103004958869,10.98239,-74.78415,Private room,Room in hotel,0,27.76,Barranquilla
1364698393472830923,10.99087,-74.78598,Shared room,Shared room in home,1,21.61,Barranquilla
1044854156987836602,11.00889,-74.83427,Private room,Private room in home,4,26.4,Barranquilla
868162608694745965,10.95557,-74.78679,Private room,Private room in guesthouse,3,17.36,Barranquilla
1668324578414458509,10.972241188537053,-74.8043343753559,Private room,Private room in home,0,24.04,Barranquilla
1364152563576644805,10.9965,-74.8304,Entire home/apt,Entire guesthouse,0,30.61,Barranquilla
1434743121427679895,10.91666145677197,-74.76754155317867,Private room,Private room in home,4,28.73,Barranquilla
1237113699881446694,10.91733,-74.79927,Private room,Private room in home,12,26.77,Barranquilla
1689527570582470850,11.025,-74.8427,Private room,Private room in serviced apartment,0,36.86,Barranquilla
710164047120578286,11.00646,-74.83189,Private room,Private room,1,28.01,Barranquilla
1063212876985842283,10.99583,-74.82989,Shared room,Shared room in guesthouse,1,30.61,Barranquilla
1689289126807710572,10.998457473540732,-74.79217196073958,Private room,Private room in home,0,25.54,Barranquilla
928291878528157122,10.9991,-74.8183,Private room,Private room in rental unit,1,22.95,Barranquilla
47475342,10.9805,-74.7949,Private room,Private room in rental unit,0,23.42,Barranquilla
1527171408556467799,10.959258449720522,-74.80248303403708,Entire home/apt,Entire rental unit,0,34.65,Barranquilla
34949580,11.02231,-74.86636,Private room,Private room in home,9,32.89,Barranquilla
54325080,10.99116,-74.95232,Private room,Private room in home,12,26.01,Barranquilla
1081413723665217946,11.02306,-74.80677,Private room,Private room in rental unit,3,31.38,Barranquilla
1258121781879284644,10.978050715844393,-74.784583824208,Private room,Room in hotel,5,25.39,Barranquilla
1335464790775941611,10.9915,-74.7901,Private room,Room in hotel,1,272.21,Barranquilla
1357235325842787101,11.008,-74.8118,Private room,Private room in rental unit,6,28.73,Barranquilla
790051718243583533,10.978,-74.7949,Private room,Private room in home,1,25.06,Barranquilla
1618090880854225359,10.9995,-74.8275,Private room,Private room in rental unit,0,478.78,Barranquilla
1339870682227237359,10.99081857377125,-74.8468949918732,Entire home/apt,Entire rental unit,1,332.87,Barranquilla
1066280962460868209,10.9974,-74.9484,Entire home/apt,Entire home,0,328.98,Barranquilla
1697371410226605518,10.995246455044425,-74.79358948306279,Private room,Private room in rental unit,0,35.32,Barranquilla
1361957078663090925,10.9964,-74.8303,Shared room,Shared room in guesthouse,1,30.61,Barranquilla
1355153735551926347,10.991,-74.8427,Private room,Private room in rental unit,0,38.3,Barranquilla
1039190765261506293,11.0158,-74.8248,Entire home/apt,Entire rental unit,0,276.18,Barranquilla
1716154912868116705,11.0235,-74.8091,Private room,Private room in guesthouse,2,25.3,Barranquilla
594212559105022587,11.02089,-74.81809,Private room,Private room in condo,0,390.18,Barranquilla
826263199739078963,10.98204,-74.79541,Private room,Private room in home,1,30.51,Barranquilla
1086353248567371089,10.98966,-74.78705,Private room,Private room in home,4,21.61,Barranquilla
1381082023093770633,11.0134,-74.8249,Entire home/apt,Entire rental unit,0,287.66,Barranquilla
1081212131514036745,10.9959,-74.8171,Private room,Private room in rental unit,0,24.87,Barranquilla
1621000254583579715,11.0107,-74.8291,Entire home/apt,Entire home,0,274.57,Barranquilla
826383336908227909,10.98452,-74.79892,Entire home/apt,Entire rental unit,0,424.61,Barranquilla
1607458704853238497,11.01414,-74.80788,Private room,Private room in home,0,267.77,Barranquilla
657352078560436515,10.99574,-74.79993,Entire home/apt,Entire condo,6,132.8,Barranquilla
1440061795568802033,10.93262,-74.77514,Private room,Private room in rental unit,6,18.97,Barranquilla
896396407833193536,11.01549,-74.93006,Private room,Private room in guesthouse,0,443.84,Barranquilla
1361960535760367715,10.996196388371828,-74.82970521160199,Shared room,Shared room in guesthouse,0,30.61,Barranquilla
1060914805747626547,11.0208,-74.86743,Private room,Private room in home,0,33.29,Barranquilla
1598107813165135983,11.02298,-74.84632,Entire home/apt,Entire rental unit,1,286.89,Barranquilla
47968722,10.99645,-74.9523,Shared room,Shared room in rental unit,4,17.21,Barranquilla
1063208663914793374,10.99717,-74.83147,Shared room,Shared room in guesthouse,0,30.61,Barranquilla
1627815012395377103,10.99913,-74.79937,Entire home/apt,Entire loft,29,43.41,Barranquilla
1681231352364717445,10.9565,-74.7873,Private room,Private room in hostel,0,35.13,Barranquilla
1053239522638431507,10.96586,-74.83231,Private room,Private room in home,0,18.34,Barranquilla
882539466169311055,10.97972,-74.78612,Private room,Room in hotel,4,27.55,Barranquilla
1154519511743200101,10.9726,-74.7846,Private room,Private room in home,0,26.77,Barranquilla
1107759952250659160,10.9919,-74.94866,Entire home/apt,Entire rental unit,3,30.61,Barranquilla
1371362423346625014,11.0201,-74.8168,Private room,Private room in rental unit,0,26.77,Barranquilla
1683633250177232655,10.9469,-74.7865,Private room,Private room in rental unit,0,26.85,Barranquilla
1538539081203520347,10.981261976331652,-74.78338328246367,Private room,Room in hotel,0,33.55,Barranquilla
582754483332484402,10.98593,-74.7919,Private room,Private room in rental unit,0,26.04,Barranquilla
1076026629098369369,10.99585,-74.83075,Shared room,Shared room in guesthouse,0,30.61,Barranquilla
787561107141606841,11.0397,-74.8291,Private room,Room in hotel,0,20.71,Barranquilla
1605221692021411049,11.01708,-74.8216,Entire home/apt,Entire rental unit,0,372.82,Barranquilla
896393674282427988,10.9363,-74.8241,Entire home/apt,Entire cabin,1,502.64,Barranquilla
42684926,11.0048,-74.7985,Entire home/apt,Entire loft,34,106.0,Barranquilla
1725638910144304875,11.0044,-74.8253,Entire home/apt,Entire rental unit,0,48.04,Barranquilla
1616834861131199360,11.0084,-74.7989,Private room,Private room in rental unit,1,30.61,Barranquilla
1643038370613658790,11.02224,-74.81777,Entire home/apt,Entire rental unit,4,122.94,Barranquilla
847320334876206929,11.0034,-74.8247,Entire home/apt,Entire rental unit,53,96.4,Barranquilla
806321966404313683,11.0181,-74.9387,Entire home/apt,Entire home,32,121.55,Barranquilla
833280906279763158,11.0035,-74.8254,Entire home/apt,Entire rental unit,24,115.05,Barranquilla
1130424271664096452,10.9901,-74.8175,Entire home/apt,Entire rental unit,28,120.77,Barranquilla
1530097636233468035,11.02177,-74.84665,Entire home/apt,Entire rental unit,28,111.16,Barranquilla
1683445005190943758,11.013596536564293,-74.79609057116514,Entire home/apt,Entire rental unit,3,108.91,Barranquilla
1605396722912491154,10.992320611727765,-74.85090750410772,Entire home/apt,Entire rental unit,5,124.72,Barranquilla
947663096844517383,11.00547,-74.83894,Entire home/apt,Entire rental unit,29,111.8,Barranquilla
54356634,11.000385489111,-74.7921472313466,Entire home/apt,Entire home,132,124.54,Barranquilla
1618933619373312432,11.003829,-74.82225,Hotel room,Room in hotel,0,120.0,Barranquilla
1600231128407293509,11.0221,-74.8478,Entire home/apt,Entire rental unit,0,286.89,Barranquilla
1516964921499923185,11.01283,-74.82269,Entire home/apt,Entire rental unit,27,133.6,Barranquilla
1324102778899670940,11.0034,-74.8345,Entire home/apt,Entire rental unit,38,118.27,Barranquilla
1361962722789038920,10.996119240893554,-74.82980820867547,Shared room,Shared room in guesthouse,0,30.61,Barranquilla
1726321856432520705,11.0076,-74.8138,Entire home/apt,Entire rental unit,0,111.72,Barranquilla
673931303791391354,11.016,-74.8023,Entire home/apt,Entire rental unit,31,112.85,Barranquilla
1376255346816158669,11.023251209772265,-74.80887660742064,Entire home/apt,Entire rental unit,25,133.92,Barranquilla
1498223066293281632,11.0212,-74.8442,Entire home/apt,Entire condo,17,115.22,Barranquilla
1359824411656728191,11.01445165395627,-74.8189481437942,Entire home/apt,Entire rental unit,1,114.76,Barranquilla
1618952757059711965,11.0,-74.8201,Entire home/apt,Entire rental unit,0,113.98,Barranquilla
787266934276265103,11.0037,-74.8253,Entire home/apt,Entire condo,138,115.55,Barranquilla
1260914657850011176,11.0076,-74.838,Entire home/apt,Entire rental unit,67,116.51,Barranquilla
1063205982534953511,10.99724,-74.83076,Shared room,Shared room in guesthouse,0,30.61,Barranquilla
1363951909642267390,10.997111170537748,-74.84455413560246,Entire home/apt,Entire rental unit,52,124.93,Barranquilla
744046686886408906,11.01336,-74.82957,Entire home/apt,Entire condo,90,114.91,Barranquilla
587828993419066052,10.996666943245462,-74.84350486545907,Entire home/apt,Entire condo,62,111.71,Barranquilla
1382061275116120761,11.0159,-74.8317,Entire home/apt,Entire serviced apartment,5,96.59,Barranquilla
1362662196676394724,11.0213,-74.9313,Entire home/apt,Entire cabin,5,122.41,Barranquilla
1359654120397398470,11.0121,-74.8272,Entire home/apt,Entire rental unit,15,120.12,Barranquilla
953891264026685309,11.017672657596892,-74.8036841067761,Private room,Private room in home,0,420.78,Barranquilla
961561988302318415,11.0035,-74.8249,Entire home/apt,Entire rental unit,61,119.0,Barranquilla
1706680515537416967,11.015781089980981,-74.81168987161627,Entire home/apt,Entire rental unit,4,96.18,Barranquilla
1566323539211773603,10.9574,-74.7974,Entire home/apt,Entire rental unit,4,64.35,Barranquilla
23496927,10.95629,-74.79217,Entire home/apt,Entire rental unit,40,34.43,Barranquilla
53882258,10.93677,-74.77067,Entire home/apt,Entire serviced apartment,147,33.97,Barranquilla
46215771,10.9364,-74.7968,Entire home/apt,Entire rental unit,65,61.12,Barranquilla
1378936529807481651,10.9670600141306,-74.79066213498069,Entire home/apt,Entire home,13,49.41,Barranquilla
988346430749895567,10.96851,-74.79225,Private room,Private room in home,58,26.77,Barranquilla
1357173656737710925,10.94308,-74.78856,Entire home/apt,Entire rental unit,49,33.59,Barranquilla
1055171788715661903,10.96923503117062,-74.79065411791304,Entire home/apt,Entire rental unit,24,27.48,Barranquilla
1725517360729499819,10.9769,-74.785,Private room,Room in hotel,2,38.53,Barranquilla
1746747453553647510,10.965,-74.7971,Entire home/apt,Entire rental unit,0,69.9,Barranquilla
47237255,10.93659,-74.7782,Entire home/apt,Entire rental unit,126,53.62,Barranquilla
883336273691640352,10.97043,-74.79259,Entire home/apt,Entire rental unit,52,55.96,Barranquilla
1061816705813271691,10.93526,-74.77838,Entire home/apt,Entire rental unit,39,51.39,Barranquilla
830677529291975959,10.93575,-74.7785,Entire home/apt,Entire rental unit,25,52.8,Barranquilla
1318865494703120402,10.9682,-74.7912,Entire home/apt,Entire rental unit,20,50.56,Barranquilla
1505177267300923662,10.9714,-74.8066,Entire home/apt,Entire loft,15,39.07,Barranquilla
911758835305406314,10.9221,-74.8031,Entire home/apt,Entire rental unit,220,45.1,Barranquilla
540423002431758079,10.951,-74.7893,Entire home/apt,Entire home,61,83.03,Barranquilla
1707664822262718460,10.965,-74.7971,Entire home/apt,Entire rental unit,14,62.95,Barranquilla
1613064162842386429,10.9741,-74.7898,Private room,Private room in home,5,21.07,Barranquilla
1726963057933838784,10.922,-74.8033,Entire home/apt,Casa particular,1,35.97,Barranquilla
799934896123877760,11.0002,-74.7913,Entire home/apt,Entire home,127,90.27,Barranquilla
34018181,10.96906,-74.79053,Private room,Private room in rental unit,166,25.5,Barranquilla
1610373051585147448,10.96665,-74.79301,Entire home/apt,Entire guesthouse,8,17.3,Barranquilla
23729468,10.96736,-74.79297,Entire home/apt,Entire home,64,45.9,Barranquilla
1024976378200658887,10.9219,-74.8032,Entire home/apt,Entire rental unit,146,37.99,Barranquilla
1745944509328029019,10.9769,-74.785,Entire home/apt,Entire guesthouse,0,38.3,Barranquilla
1232799722798492464,10.9308,-74.7873,Entire home/apt,Entire serviced apartment,23,76.51,Barranquilla
1274570864833600381,10.9681,-74.7912,Entire home/apt,Entire rental unit,29,47.94,Barranquilla
1502211992406140418,10.9574,-74.7976,Entire home/apt,Entire rental unit,31,65.16,Barranquilla
1456006637066938804,10.9529,-74.8018,Entire home/apt,Entire rental unit,25,36.98,Barranquilla
50826851,10.93486,-74.7778,Entire home/apt,Entire rental unit,86,52.67,Barranquilla
1395958106969958028,10.9402485373579,-74.79581283705735,Entire home/apt,Entire rental unit,64,51.64,Barranquilla
1624831774027047200,10.980908202512431,-74.79248925448547,Entire home/apt,Entire rental unit,10,34.77,Barranquilla
513197261807740970,10.95051,-74.78825,Entire home/apt,Entire home,105,102.16,Barranquilla
1272071954183965230,10.799,-74.7771,Entire home/apt,Entire cabin,8,1077.04,Barranquilla
1547181596824096816,10.986549394070238,-74.95704211169772,Entire home/apt,Entire home,0,584.5,Barranquilla
1055018342983986150,10.93623,-75.01294,Entire home/apt,Entire home,0,865.78,Barranquilla
54182589,10.9959,-74.9538,Entire home/apt,Entire villa,1,591.41,Barranquilla
53264140,10.94178,-75.00997,Entire home/apt,Entire vacation home,5,633.33,Barranquilla
905365650617865294,11.0044,-74.9498,Entire home/apt,Entire cabin,3,549.21,Barranquilla
1739273650767930796,10.8762,-75.0092,Entire home/apt,Entire cabin,0,713.45,Barranquilla
1082678159283402732,10.9105,-75.003,Entire home/apt,Entire cabin,0,535.5,Barranquilla
1566068526546607980,10.87166386985091,-74.97769312814752,Entire home/apt,Entire cabin,0,696.2,Barranquilla
53001583,10.9116,-75.00365,Entire home/apt,Entire villa,5,619.69,Barranquilla
1330717011877116808,11.0203,-74.8149,Entire home/apt,Entire rental unit,1,770.41,Barranquilla
1569666294915589424,10.937991762641454,-75.02732051765243,Entire home/apt,Entire cabin,0,726.81,Barranquilla
1343434579507895722,11.0083,-74.9496,Entire home/apt,Entire home,0,561.95,Barranquilla
1498673634609480144,11.002862028243008,-74.94931097526799,Entire home/apt,Entire home,1,514.88,Barranquilla
1624834337814839240,10.98142135186355,-74.79310630667158,Entire home/apt,Entire rental unit,14,35.52,Barranquilla
1087653556760679471,10.93841,-75.01261,Entire home/apt,Entire home,0,776.7,Barranquilla
1022323190709652070,10.90417,-75.03246,Entire home/apt,Entire home,1,759.34,Barranquilla
803041699519081181,10.90487,-75.0326,Entire home/apt,Cycladic home,0,745.93,Barranquilla
1404536803048413705,10.9534,-75.0338,Entire home/apt,Entire cabin,38,402.17,Barranquilla
1607867181482160529,11.0026,-74.9531,Entire home/apt,Entire home,8,354.41,Barranquilla
54126373,10.93723,-75.01256,Entire home/apt,Entire villa,47,310.35,Barranquilla
549474333289068877,11.00645,-74.95083,Entire home/apt,Entire cabin,28,351.93,Barranquilla
1564557314358963292,10.9541,-75.0206,Entire home/apt,Entire cabin,10,297.37,Barranquilla
1476411457813141906,10.937349922454676,-74.78171991463773,Private room,Room in hotel,2,306.42,Barranquilla
1016746451117304923,11.0043,-74.9505,Entire home/apt,Entire home,9,470.51,Barranquilla
1561064398678610567,10.936669767610718,-75.01345563016349,Entire home/apt,Entire home,2,391.75,Barranquilla
602903233724020484,10.93059,-75.02852,Entire home/apt,Entire villa,0,749.76,Barranquilla
1592519124288469494,10.872973457510298,-74.97769761670433,Entire home/apt,Entire cabin,0,893.41,Barranquilla
800877730094606731,11.001,-74.9508,Entire home/apt,Entire rental unit,0,507.02,Barranquilla
1330053264992286711,10.865524267578053,-74.82587422521871,Private room,Private room in cabin,0,576.09,Barranquilla
1582079636233695469,10.9869,-74.9616,Entire home/apt,Entire home,0,567.35,Barranquilla
1740115167568401757,11.006667409047107,-74.95186642605904,Entire home/apt,Entire home,0,603.61,Barranquilla
53395329,10.82894,-75.02897,Private room,Room in boutique hotel,0,319.19,Barranquilla
1128391684901889326,11.0141,-74.93881,Entire home/apt,Entire home,1,286.89,Barranquilla
1687007260076615433,10.88502160889364,-74.76601166114345,Entire home/apt,Entire cabin,0,400.08,Barranquilla
1620651183717552905,11.01148,-74.82281,Entire home/apt,Entire rental unit,0,400.05,Barranquilla
1548656523118587260,10.999082657506655,-74.78950753755724,Private room,Private room in rental unit,2,274.8,Barranquilla
1689356084129249635,10.8279,-75.03,Entire home/apt,Entire cabin,2,400.11,Barranquilla
805870585252377297,10.9182,-75.0173,Entire home/apt,Entire villa,0,565.0,Barranquilla
1040694901048990144,10.99908,-74.82036,Private room,Room in hotel,31,321.44,Barranquilla
1637806282480825734,10.9341,-75.0258,Entire home/apt,Entire cabin,0,414.24,Barranquilla
1337110634210430620,10.9914,-74.9563,Entire home/apt,Entire home,8,378.7,Barranquilla
1686430593481417221,10.873,-74.977,Entire home/apt,Entire home,0,360.73,Barranquilla
1218289586029748994,10.9914,-74.9563,Entire home/apt,Entire home,5,489.63,Barranquilla
1026750874116404668,11.0008,-74.9511,Entire home/apt,Entire home,0,344.27,Barranquilla
1139835982252568825,10.8797,-75.0147,Entire home/apt,Entire cabin,0,749.34,Barranquilla
1081290503497937414,10.9994,-74.9515,Entire home/apt,Entire cabin,3,468.22,Barranquilla
1112249502828682047,10.9061,-75.0352,Entire home/apt,Entire home,0,480.81,Barranquilla
1480652113888128266,11.00112,-74.95051,Entire home/apt,Entire home,0,400.89,Barranquilla
1619857402918762395,11.01871,-74.82143,Entire home/apt,Entire rental unit,0,324.87,Barranquilla
1358973825004070372,11.024290754442083,-74.84449602979909,Entire home/apt,Entire rental unit,11,309.23,Barranquilla
1076185025083639580,10.9975,-74.9526,Private room,Room in hotel,0,287.27,Barranquilla
973114376821428772,10.98519,-74.78236,Entire home/apt,Entire rental unit,10,70.67,Barranquilla
42902135,10.87499,-74.97951,Entire home/apt,Entire cabin,5,459.04,Barranquilla
924642361507582177,11.01881,-74.80518,Entire home/apt,Entire guesthouse,1,386.35,Barranquilla
1416024458268665803,10.8687,-74.9865,Entire home/apt,Entire cottage,1,319.19,Barranquilla
1216684173691695419,10.986765194547324,-74.78599013271604,Entire home/apt,Entire rental unit,0,279.24,Barranquilla
1022366398938869143,10.90426,-75.03378,Entire home/apt,Entire home,1,457.42,Barranquilla
1077056640502137658,11.00043,-74.80226,Entire home/apt,Entire serviced apartment,0,409.3,Barranquilla
1587249313757702834,10.9844,-74.8007,Entire home/apt,Entire rental unit,0,369.86,Barranquilla
1634972536571025428,11.016,-74.831,Entire home/apt,Entire rental unit,16,78.2,Barranquilla
1698534969602834452,11.0249,-74.841,Entire home/apt,Entire rental unit,13,97.67,Barranquilla
1088995756425617049,10.9882,-74.792,Entire home/apt,Entire serviced apartment,29,57.4,Barranquilla
1648807061161052060,10.9487,-75.0366,Entire home/apt,Entire cabin,0,196.62,Barranquilla
1166236510409096219,11.0159,-74.8316,Entire home/apt,Entire rental unit,7,164.49,Barranquilla
1616892394031813493,11.0044,-74.8253,Entire home/apt,Entire rental unit,40,66.58,Barranquilla
1072423875920873938,11.0049,-74.7985,Entire home/apt,Entire loft,53,91.94,Barranquilla
1071915296822930399,11.0136,-74.8118,Entire home/apt,Entire rental unit,157,148.04,Barranquilla
1630066025900993536,10.979683447832937,-74.79330460658487,Entire home/apt,Entire rental unit,5,71.05,Barranquilla
1163349992213781715,10.9863,-74.7901,Entire home/apt,Entire rental unit,67,80.24,Barranquilla
1272581403103893798,10.93607,-75.01375,Entire home/apt,Entire home,4,229.52,Barranquilla
1499493198608271295,10.9473,-75.0386,Entire home/apt,Entire cabin,16,162.54,Barranquilla
1617529449793992360,11.0265,-74.8623,Entire home/apt,Entire rental unit,0,249.6,Barranquilla
1556891648926110556,11.000106864910357,-74.78730714537247,Entire home/apt,Entire home,0,213.22,Barranquilla
11011357,11.01545,-74.8276,Entire home/apt,Entire rental unit,194,107.41,Barranquilla
1622101338517556269,10.9487,-75.0366,Entire home/apt,Entire cabin,1,173.21,Barranquilla
1083373033040531172,11.008,-74.8382,Entire home/apt,Entire rental unit,87,100.36,Barranquilla
1294531861498442198,11.016,-74.831,Entire home/apt,Entire rental unit,33,109.61,Barranquilla
1521123647520434782,11.0069,-74.791,Entire home/apt,Entire rental unit,10,104.4,Barranquilla
1421872178784940550,11.01507575243204,-74.83194696524191,Entire home/apt,Entire serviced apartment,29,108.38,Barranquilla
969431646715793256,11.0001,-74.7913,Entire home/apt,Entire home,64,90.27,Barranquilla
1161562699315546684,11.0008,-74.8095,Entire home/apt,Entire rental unit,17,135.4,Barranquilla
967572864696659355,11.01356,-74.80451,Entire home/apt,Entire rental unit,186,75.48,Barranquilla
1592164575653212448,11.0081,-74.7946,Entire home/apt,Entire rental unit,41,78.2,Barranquilla
1463873211916174081,10.9842,-74.7955,Entire home/apt,Entire rental unit,54,81.86,Barranquilla
1633024347668651647,10.9876,-74.7958,Entire home/apt,Entire rental unit,8,64.56,Barranquilla
1697881764803463462,11.02483,-74.8076,Entire home/apt,Entire rental unit,9,73.09,Barranquilla
1232070761884497297,11.01669,-74.93278,Entire home/apt,Entire rental unit,1,207.47,Barranquilla
51903908,11.01558,-74.82282,Entire home/apt,Entire loft,194,97.96,Barranquilla
1615299265174932946,11.0232,-74.8438,Entire home/apt,Entire rental unit,1,248.64,Barranquilla
1138714238624250449,10.965,-74.83213,Entire home/apt,Entire rental unit,0,195.63,Barranquilla
1526405184688615579,10.97766,-74.81411,Private room,Private room in guesthouse,0,208.85,Barranquilla
1079966469518146294,10.97132,-74.79002,Private room,Private room in serviced apartment,0,206.07,Barranquilla
1608991254013196448,10.9656,-74.7855,Entire home/apt,Entire home,0,207.47,Barranquilla
1356825837926907003,11.0031,-74.7942,Private room,Private room in home,0,206.07,Barranquilla
1529049796817674679,10.948970061657105,-75.03551288741978,Entire home/apt,Entire rental unit,1,236.58,Barranquilla
1364090522946130715,10.962588272456351,-74.8071315659141,Private room,Private room in home,0,295.89,Barranquilla
1604378648263573986,10.9826,-74.7853,Entire home/apt,Entire rental unit,0,189.59,Barranquilla
1367453061542066236,10.9969,-74.7925,Entire home/apt,Entire home,0,229.52,Barranquilla
1290012398563413438,11.017133508028332,-74.83587920265472,Entire home/apt,Entire rental unit,10,112.97,Barranquilla
53414839,10.82973,-75.03084,Private room,Room in boutique hotel,0,223.43,Barranquilla
1341484783613260354,10.9049,-75.0361,Entire home/apt,Entire rental unit,0,241.0,Barranquilla
830533372788535473,11.01125,-74.79532,Entire home/apt,Entire rental unit,0,248.64,Barranquilla
1490257229946520902,11.00079,-74.82029,Entire home/apt,Entire rental unit,61,109.57,Barranquilla
1528348738191002215,11.02477,-74.86476,Private room,Private room in guesthouse,0,215.82,Barranquilla
1613078425255268846,10.9838,-74.9537,Entire home/apt,Entire rental unit,4,213.45,Barranquilla
51425514,10.9487,-75.0366,Entire home/apt,Entire cabin,33,194.91,Barranquilla
1330741170757198214,10.9945,-74.9538,Entire home/apt,Entire home,4,197.89,Barranquilla
1693674450544108706,10.88371978384426,-74.76585818168694,Private room,Private room in cabin,0,248.33,Barranquilla
1346070124100296398,10.92902549168332,-74.79932231195612,Entire home/apt,Entire rental unit,5,97.55,Barranquilla
50775298,10.94755,-75.03753,Entire home/apt,Houseboat,2,190.78,Barranquilla
1697356838899340359,11.02539,-74.80623,Entire home/apt,Entire rental unit,10,63.52,Barranquilla
1476404809724812553,10.936975482942737,-74.781717816795,Private room,Room in hotel,7,61.28,Barranquilla
1020254469574963760,11.01862,-74.82661,Entire home/apt,Entire rental unit,5,134.65,Barranquilla
1253703109989402582,10.992164340494432,-74.95674138045578,Entire home/apt,Entire cabin,1,133.89,Barranquilla
980489830687541485,10.9871,-74.7896,Entire home/apt,Entire rental unit,30,107.18,Barranquilla
1381144266944759245,10.999632343305164,-74.79112697328988,Entire home/apt,Entire home,16,59.06,Barranquilla
1709801695442136503,11.0235,-74.80755,Entire home/apt,Entire rental unit,11,60.33,Barranquilla
1679824914356656594,10.9207,-74.7984,Entire home/apt,Entire rental unit,6,38.43,Barranquilla
736375852728653151,10.9852,-74.7842,Private room,Room in boutique hotel,1,38.94,Barranquilla
1745034768039481423,11.000873822886545,-74.7910273177264,Entire home/apt,Entire rental unit,0,70.6,Barranquilla
926717121529590423,10.9862,-74.8093,Entire home/apt,Entire rental unit,143,36.34,Barranquilla
548699800306932313,11.0108,-74.82247,Private room,Private room in bed and breakfast,31,38.06,Barranquilla
968895877066676756,11.0049,-74.7971,Entire home/apt,Entire guesthouse,40,44.6,Barranquilla
1162341988627224642,10.99188,-74.82654,Entire home/apt,Entire rental unit,35,43.99,Barranquilla
1729878657534048856,10.9769,-74.785,Shared room,Shared room in guesthouse,0,36.0,Barranquilla
1144473832997762785,10.9998,-74.7997,Entire home/apt,Entire loft,87,42.71,Barranquilla
22642846,10.9997,-74.796,Private room,Private room in home,43,41.57,Barranquilla
1527111906115803274,11.0003,-74.7999,Entire home/apt,Entire loft,61,41.98,Barranquilla
1092231716450484596,11.01564,-74.8054,Private room,Private room in rental unit,215,39.4,Barranquilla
1082693372111213277,10.9887,-74.7911,Entire home/apt,Entire serviced apartment,42,55.63,Barranquilla
1739309939338957122,10.9769,-74.785,Private room,Room in hotel,2,32.11,Barranquilla
1007927953219287013,11.02084,-74.81594,Private room,Private room in rental unit,35,32.08,Barranquilla
1126097555285806804,10.9473,-74.8005,Entire home/apt,Entire rental unit,20,42.18,Barranquilla
762939474833298755,10.9582,-74.806,Private room,Private room in vacation home,39,19.13,Barranquilla
1554481968018838060,10.969661771754836,-74.81054249777166,Entire home/apt,Entire rental unit,2,30.19,Barranquilla
1501066380084345666,10.96769,-74.79087,Entire home/apt,Entire rental unit,9,29.1,Barranquilla
7394503,11.0045,-74.796,Private room,Private room in home,79,38.64,Barranquilla
989360001223900202,10.95751,-74.80633,Private room,Private room in rental unit,11,16.27,Barranquilla
1362414552326978884,10.970170700707044,-74.79042021676133,Private room,Private room in guesthouse,7,23.2,Barranquilla
1066080944808512842,10.91612,-74.7953,Private room,Private room in home,6,22.34,Barranquilla
803613998144110416,10.9795,-74.8149,Private room,Private room in home,0,229.52,Barranquilla
1066961491786132292,10.9895,-74.9586,Entire home/apt,Entire rental unit,1,207.47,Barranquilla
1287619684489339722,11.02192,-74.81846,Entire home/apt,Entire rental unit,0,248.64,Barranquilla
1614140059370335832,11.009043331518924,-74.8349923388538,Entire home/apt,Entire rental unit,0,193.56,Barranquilla
1693033446184697895,10.88516,-74.76432,Private room,Private room in cabin,0,271.79,Barranquilla
1596734726101167979,10.94892,-75.03543,Entire home/apt,Entire home,16,161.0,Barranquilla
1364564050210262367,10.994029583268565,-74.84460238741521,Entire home/apt,Entire rental unit,0,229.52,Barranquilla
1686385272125192944,10.9275,-74.8223,Entire home/apt,Entire serviced apartment,5,30.06,Barranquilla
1597402860424733450,10.948848925213605,-75.03609596625284,Entire home/apt,Entire cabin,3,156.84,Barranquilla
1309624575222853805,10.992,-74.791,Entire home/apt,Entire rental unit,0,206.07,Barranquilla
1244226905213122172,10.94124,-75.01253,Entire home/apt,Entire home,21,271.04,Barranquilla
1304485579741627118,10.95072,-75.01872,Entire home/apt,Entire cabin,0,295.89,Barranquilla
1533749360858063271,11.025616883528082,-74.84351572521732,Entire home/apt,Entire serviced apartment,39,49.47,Barranquilla
1612664460089222921,10.99074,-74.78477,Private room,Private room in home,0,217.92,Barranquilla
1284235549420314985,10.9488,-75.0368,Entire home/apt,Entire rental unit,0,248.64,Barranquilla
1597912209523001334,10.974,-74.80563,Entire home/apt,Entire rental unit,3,90.28,Barranquilla
1664615326576214410,11.0094,-74.8382,Entire home/apt,Entire rental unit,16,79.26,Barranquilla
1350855445511540303,10.9914,-74.9563,Entire home/apt,Entire home,1,194.17,Barranquilla
1706898559607339154,11.011698534237523,-74.82656920119406,Entire home/apt,Entire rental unit,13,51.07,Barranquilla
1691692838686457016,11.02374,-74.81745,Entire home/apt,Entire rental unit,12,90.65,Barranquilla
560046096793026954,11.0035,-74.8254,Entire home/apt,Entire loft,271,53.14,Barranquilla
41735641,11.00199,-74.79747,Private room,Room in boutique hotel,33,52.02,Barranquilla
782846862791353409,10.95635,-74.79711,Entire home/apt,Entire townhouse,65,49.06,Barranquilla
1613442690465923343,10.997252638191327,-74.80591020309832,Entire home/apt,Entire rental unit,16,48.86,Barranquilla
1238579767258392663,11.00053,-74.79914,Entire home/apt,Entire serviced apartment,63,48.84,Barranquilla
637012002461631201,10.99648,-74.82587,Entire home/apt,Entire loft,27,48.84,Barranquilla
1439369624440612262,10.9828,-74.8067,Entire home/apt,Entire rental unit,33,52.7,Barranquilla
1599493278753137238,11.01625,-74.83118,Entire home/apt,Entire rental unit,11,90.66,Barranquilla
1476331025051738397,10.936171773519405,-74.78150660219616,Private room,Room in hotel,0,153.21,Barranquilla
1707624759333760341,11.020868693297865,-74.83999661400951,Entire home/apt,Entire rental unit,6,101.8,Barranquilla
17408736,11.0161,-74.8024,Entire home/apt,Entire serviced apartment,39,114.76,Barranquilla
633808320040884591,11.0039,-74.8248,Entire home/apt,Entire loft,67,120.4,Barranquilla
51321120,10.948221668513135,-75.03837156083966,Private room,Private room in rental unit,20,112.27,Barranquilla
1602281368570426230,10.9686,-74.7961,Private room,Private room in home,1,147.95,Barranquilla
1532933233938361876,11.0214,-74.8212,Entire home/apt,Entire rental unit,26,124.31,Barranquilla
1618303687976473036,10.952073471435833,-74.86133036434309,Entire home/apt,Entire home,7,61.5,Barranquilla
1228380807063147968,10.99713,-74.83084,Entire home/apt,Entire rental unit,26,124.54,Barranquilla
1352151875420017115,10.9861,-74.7835,Entire home/apt,Entire rental unit,2,114.61,Barranquilla
41735859,11.00288,-74.79892,Private room,Room in boutique hotel,9,57.38,Barranquilla
53702117,10.97489,-74.80751,Entire home/apt,Entire condo,36,59.29,Barranquilla
1543453978416684164,10.97997,-74.79334,Entire home/apt,Entire home,28,180.93,Barranquilla
49613027,10.99554,-74.82545,Entire home/apt,Entire rental unit,246,61.58,Barranquilla
1680459608225862699,10.9207,-74.7984,Entire home/apt,Entire rental unit,1,57.45,Barranquilla
1460402547381268071,10.99416,-74.81996,Entire home/apt,Entire rental unit,7,57.2,Barranquilla
1381224104750462400,10.974382346461429,-74.80785590663244,Entire home/apt,Entire rental unit,18,58.99,Barranquilla
1630058802037486467,10.981386384161652,-74.79287225734612,Entire home/apt,Entire rental unit,4,56.69,Barranquilla
564440861675572539,11.00384,-74.80325,Entire home/apt,Entire serviced apartment,11,116.15,Barranquilla
1054203212572885776,11.0221,-74.8478,Entire home/apt,Entire rental unit,40,57.77,Barranquilla
1641675723711705236,11.008321529030953,-74.83772621038533,Entire home/apt,Entire rental unit,1,59.17,Barranquilla
23020260,11.0174,-74.80861,Entire home/apt,Entire serviced apartment,311,56.17,Barranquilla
728352596726874856,11.00986782429177,-74.83602414358933,Entire home/apt,Entire condo,158,60.44,Barranquilla
1398851362774749060,11.007014294506705,-74.81468861848288,Entire home/apt,Entire rental unit,34,61.86,Barranquilla
1086924761883920094,10.9978,-74.7945,Entire home/apt,Entire rental unit,13,61.2,Barranquilla
1308041264917514960,11.0042,-74.82,Entire home/apt,Entire rental unit,85,58.8,Barranquilla
1523900531751436695,11.0148,-74.814,Entire home/apt,Entire rental unit,34,57.45,Barranquilla
1735699331054243909,10.9934,-74.8415,Entire home/apt,Entire rental unit,1,60.24,Barranquilla
948448092861830161,11.0021,-74.8065,Entire home/apt,Entire rental unit,242,59.05,Barranquilla
1248600635750855231,10.94605,-74.79458,Entire home/apt,Entire rental unit,47,57.34,Barranquilla
1543768577726343082,11.0001,-74.7999,Entire home/apt,Entire loft,34,53.94,Barranquilla
806504146652463995,10.87739,-74.98672,Entire home/apt,Entire home,0,226.46,Barranquilla
818220221751003661,10.9742,-74.8088,Entire home/apt,Entire rental unit,6,59.29,Barranquilla
49230855,10.97627,-74.80771,Entire home/apt,Entire serviced apartment,30,59.29,Barranquilla
1151396737029012197,10.94617,-74.80063,Entire home/apt,Entire rental unit,24,51.26,Barranquilla
1280719980272499722,11.0139,-74.8258,Entire home/apt,Entire rental unit,0,195.85,Barranquilla
21038082,11.00135,-74.79255,Entire home/apt,Entire home,3,238.0,Barranquilla
1367397853789595288,10.9947,-74.7983,Private room,Private room in rental unit,1,234.88,Barranquilla
586231419963321492,11.0034,-74.8252,Entire home/apt,Entire loft,22,81.96,Barranquilla
1264441208146684280,10.930398993724678,-74.80366598619518,Entire home/apt,Entire rental unit,9,53.55,Barranquilla
1409557352594302433,11.02441864966015,-74.80388854685428,Entire home/apt,Entire condo,10,56.98,Barranquilla
14210991,11.01874,-74.80944,Entire home/apt,Entire serviced apartment,292,56.17,Barranquilla
1745116601780257928,10.9332,-74.7867,Entire home/apt,Entire rental unit,0,103.78,Barranquilla
635551171314602495,10.9997,-74.8268,Private room,Room in boutique hotel,41,62.77,Barranquilla
653493719653425692,11.01727,-74.80634,Entire home/apt,Entire serviced apartment,150,57.38,Barranquilla
42233484,11.00363,-74.80348,Entire home/apt,Entire serviced apartment,140,57.37,Barranquilla
34314571,10.98856,-74.80983,Entire home/apt,Entire rental unit,45,85.69,Barranquilla
1531367655243338544,11.003510235002928,-74.95082145186706,Entire home/apt,Entire rental unit,14,65.27,Barranquilla
1179869068380740360,11.008675740346428,-74.79414933458138,Entire home/apt,Entire condo,17,59.29,Barranquilla
1442953471261737754,11.0048,-74.9509,Entire home/apt,Entire rental unit,29,65.58,Barranquilla
1699351317889729171,10.995986077302426,-74.84598843858831,Entire home/apt,Entire rental unit,4,58.47,Barranquilla
1349391080634569937,10.9979,-74.8449,Entire home/apt,Entire rental unit,5,58.91,Barranquilla
989825382174586069,11.0056,-74.8227,Entire home/apt,Entire rental unit,16,56.49,Barranquilla
1361295723611325626,10.995449869011797,-74.79763345249732,Private room,Private room in rental unit,3,58.15,Barranquilla
1158547158276479345,10.9681,-74.7912,Entire home/apt,Entire rental unit,34,51.07,Barranquilla
53215073,10.994,-74.81246,Entire home/apt,Entire rental unit,18,56.67,Barranquilla
1337288176534471486,10.9928,-74.8499,Entire home/apt,Entire rental unit,50,58.81,Barranquilla
1442937482568813955,11.0048,-74.9509,Entire home/apt,Entire rental unit,15,65.58,Barranquilla
1290075234172841730,11.0051,-74.8029,Entire home/apt,Entire rental unit,27,62.14,Barranquilla
1126202604811793774,11.0027,-74.80652,Private room,Private room in rental unit,7,61.21,Barranquilla
1606019660832928637,11.02243,-74.84269,Private room,Private room in rental unit,7,60.65,Barranquilla
1726273795947850055,11.0213,-74.8462,Entire home/apt,Entire rental unit,0,74.56,Barranquilla
1535900770892747502,11.0035,-74.8254,Entire home/apt,Entire rental unit,25,61.03,Barranquilla
50356568,10.995037583320464,-74.84710403189666,Entire home/apt,Entire condo,12,61.2,Barranquilla
1384796922926218855,10.996126354428602,-74.84547817546111,Entire home/apt,Entire serviced apartment,37,61.54,Barranquilla
1380539226091073813,10.992784033116127,-74.84251613792654,Entire home/apt,Entire rental unit,3,57.82,Barranquilla
1615517093331371120,10.99857,-74.83607,Entire home/apt,Entire rental unit,18,61.92,Barranquilla
1337079511939038634,10.9906,-74.7843,Private room,Private room in guesthouse,1,60.0,Barranquilla
1531362219826658300,11.004719474742856,-74.95088945775161,Entire home/apt,Entire rental unit,9,62.26,Barranquilla
54103659,11.00712,-74.81749,Entire home/apt,Entire rental unit,22,61.8,Barranquilla
1369554336526469880,11.0083,-74.8362,Entire home/apt,Entire rental unit,52,62.35,Barranquilla
719442454557131716,11.00386,-74.82,Entire home/apt,Entire loft,106,68.36,Barranquilla
1548688176705236804,11.01322,-74.82463,Entire home/apt,Entire rental unit,9,58.28,Barranquilla
54299466,10.99755,-74.81907,Entire home/apt,Entire condo,90,60.82,Barranquilla
41397737,11.00209,-74.79825,Private room,Room in boutique hotel,4,57.38,Barranquilla
48547844,11.0028,-74.8211,Entire home/apt,Entire rental unit,176,72.72,Barranquilla
41195807,11.02941,-74.86167,Entire home/apt,Entire rental unit,11,56.0,Barranquilla
841432258132537855,10.9754,-74.8083,Entire home/apt,Entire rental unit,22,57.38,Barranquilla
590576552996652949,10.99881,-74.95053,Entire home/apt,Entire serviced apartment,76,63.12,Barranquilla
1338606034017469413,11.0058,-74.8386,Entire home/apt,Entire rental unit,46,58.15,Barranquilla
587636680396832743,10.99288,-74.84842,Entire home/apt,Entire condo,33,60.9,Barranquilla
1354224791053038249,10.971625763536215,-74.78930238902339,Entire home/apt,Entire home,10,57.38,Barranquilla
1529163071005129734,11.0043,-74.9512,Entire home/apt,Entire rental unit,7,62.03,Barranquilla
1360882452414408667,11.0031,-74.8135,Entire home/apt,Entire rental unit,25,58.15,Barranquilla
739120340559293349,10.9852,-74.7842,Private room,Room in boutique hotel,11,58.09,Barranquilla
1338625063396792739,11.0045,-74.8198,Entire home/apt,Entire rental unit,20,59.37,Barranquilla
1177014177756496095,11.00592,-74.80252,Entire home/apt,Entire rental unit,50,60.13,Barranquilla
1436268031756464929,11.0128,-74.8134,Private room,Private room in rental unit,31,60.23,Barranquilla
760214194217416542,10.9852,-74.7842,Private room,Room in boutique hotel,2,58.42,Barranquilla
1530530940790151014,10.9881,-74.9601,Entire home/apt,Entire rental unit,6,59.29,Barranquilla
1077490957057158840,10.9971,-74.7998,Private room,Room in hotel,1,77.45,Barranquilla
908242832259013461,11.0029,-74.8211,Entire home/apt,Entire rental unit,84,58.5,Barranquilla
1600393216370488505,11.0241,-74.8036,Private room,Private room in rental unit,1,58.81,Barranquilla
1048130965653039022,11.00694,-74.79847,Entire home/apt,Entire rental unit,57,56.79,Barranquilla
1301784024845835594,11.0183,-74.8009,Entire home/apt,Entire rental unit,169,88.04,Barranquilla
24325642,10.99112,-74.81781,Private room,Room in hotel,17,61.2,Barranquilla
1615583106015651728,11.0235,-74.8431,Entire home/apt,Entire rental unit,6,91.49,Barranquilla
1693157095452125070,11.02321534763596,-74.84286947925179,Entire home/apt,Entire rental unit,4,56.69,Barranquilla
1443170527978092535,11.006362136148965,-74.95037730898183,Entire home/apt,Entire rental unit,10,57.61,Barranquilla
1690080868080004876,11.0153,-74.8119,Entire home/apt,Entire home,0,58.28,Barranquilla
1531366934446805746,11.005436745583616,-74.95089099081055,Entire home/apt,Entire rental unit,22,65.42,Barranquilla
1594324707574603932,11.0043,-74.9512,Entire home/apt,Entire rental unit,7,68.39,Barranquilla
1668174089850389804,11.00471,-74.82447,Entire home/apt,Entire rental unit,2,59.05,Barranquilla
568336705834517701,10.9981,-74.9517,Entire home/apt,Entire loft,94,106.23,Barranquilla
1379889791893081642,11.0001,-74.7999,Entire home/apt,Entire loft,33,61.28,Barranquilla
1501597336794876115,11.0036,-74.8207,Entire home/apt,Entire rental unit,5,89.13,Barranquilla
1343658532901753688,11.02,-74.8159,Entire home/apt,Entire home,43,92.32,Barranquilla
1089975991603374944,11.004,-74.81904,Entire home/apt,Entire rental unit,14,87.24,Barranquilla
1604750529825468202,10.9853,-74.9626,Entire home/apt,Entire rental unit,1,122.5,Barranquilla
529525794015998653,11.00236,-74.81201,Entire home/apt,Entire condo,40,89.97,Barranquilla
1563127256053837078,11.0119,-74.8273,Entire home/apt,Entire rental unit,32,89.9,Barranquilla
1742115131624987755,10.9332,-74.7867,Entire home/apt,Entire rental unit,0,110.26,Barranquilla
49592074,11.02378,-74.8155,Entire home/apt,Entire loft,98,109.97,Barranquilla
1596704241602628354,11.0232,-74.8438,Entire home/apt,Entire rental unit,7,56.35,Barranquilla
1630170659201735872,10.958061555470662,-74.82532670378905,Entire home/apt,Entire rental unit,1,88.1,Barranquilla
1613462928396236709,11.020963769099902,-74.84717128365828,Entire home/apt,Entire condo,0,198.91,Barranquilla
1619058864122949898,10.991066538026297,-74.81735277427263,Entire home/apt,Entire rental unit,1,61.98,Barranquilla
50775766,11.02642,-74.86257,Entire home/apt,Entire serviced apartment,56,62.0,Barranquilla
1598170340708572329,11.0232,-74.8415,Entire home/apt,Entire rental unit,4,92.95,Barranquilla
1713131309970644882,11.0119,-74.8273,Entire home/apt,Entire rental unit,0,73.99,Barranquilla
1679244588607597292,6.2099,-75.5696,Entire home/apt,Entire rental unit,9,60.08,Medellin
52877226,6.21332,-75.57311,Entire home/apt,Entire rental unit,288,84.0,Medellin
601437882432275637,6.1742,-75.5913,Entire home/apt,Entire condo,96,4401.64,Medellin
1127524815612233953,6.208,-75.5681,Entire home/apt,Entire rental unit,3,2419.0,Medellin
1341718155084400768,10.9585,-74.8551,Entire home/apt,Entire rental unit,4,56.23,Barranquilla
1731575811031084564,10.9938,-74.8477,Entire home/apt,Entire rental unit,1,66.26,Barranquilla
45624685,10.95794,-74.85552,Entire home/apt,Entire rental unit,54,46.28,Barranquilla
1081167471432642878,10.9927,-74.8474,Entire home/apt,Entire rental unit,40,62.76,Barranquilla
1727011039705357569,10.9942,-74.8455,Entire home/apt,Entire rental unit,4,73.29,Barranquilla
981555065154563809,10.9934,-74.8415,Entire home/apt,Entire rental unit,2,59.69,Barranquilla
679830781267887700,10.90382,-74.88263,Entire home/apt,Entire home,56,45.9,Barranquilla
1276808427837996823,10.9861,-74.8095,Entire home/apt,Entire rental unit,139,34.43,Barranquilla
1237963701103591937,10.9851,-74.8216,Private room,Private room in home,74,33.2,Barranquilla
568708823224832287,11.01656,-74.8071,Entire home/apt,Entire home,56,167.93,Barranquilla
50777210,11.00545,-74.80775,Private room,Room in hotel,3,146.97,Barranquilla
1600973857589659561,10.9851,-74.963,Entire home/apt,Entire home,1,153.98,Barranquilla
1735009142254210102,11.005,-74.8032,Entire home/apt,Entire rental unit,0,186.16,Barranquilla
1434397150193047038,11.0212,-74.8463,Entire home/apt,Entire rental unit,3,137.0,Barranquilla
1363791669529239077,11.024412460123434,-74.84280696550731,Entire home/apt,Entire rental unit,3,162.28,Barranquilla
1304468554568826815,11.000796901659685,-74.81775864915537,Entire home/apt,Entire rental unit,0,157.64,Barranquilla
1239070609501345712,11.0049,-74.8029,Entire home/apt,Entire rental unit,15,139.24,Barranquilla
1326249698944433537,11.0107,-74.8244,Entire home/apt,Entire rental unit,3,139.24,Barranquilla
50526108,10.98646,-74.80928,Entire home/apt,Entire serviced apartment,131,36.34,Barranquilla
873965885928729659,11.01519,-74.8215,Entire home/apt,Entire rental unit,7,181.2,Barranquilla
21635211,11.00125,-74.83347,Private room,Private room in rental unit,77,30.95,Barranquilla
1518236780696147238,11.0236,-74.8417,Entire home/apt,Entire rental unit,48,68.85,Barranquilla
859982067225822486,11.0087,-74.8264,Entire home/apt,Entire serviced apartment,169,75.33,Barranquilla
23564658,11.0121,-74.8272,Entire home/apt,Entire rental unit,296,72.6,Barranquilla
1361084258130473009,11.0035,-74.8254,Entire home/apt,Entire rental unit,51,68.25,Barranquilla
827344165404520536,11.0035,-74.8254,Entire home/apt,Entire rental unit,137,82.41,Barranquilla
1364156877190453768,10.9965,-74.8304,Entire home/apt,Entire guesthouse,0,30.61,Barranquilla
41752908,11.00357,-74.80586,Entire home/apt,Entire rental unit,44,28.4,Barranquilla
1407358177482942482,11.00203527745392,-74.83435833902702,Private room,Private room in rental unit,2,25.25,Barranquilla
1290773073486748759,10.9903,-74.8474,Entire home/apt,Entire rental unit,58,51.64,Barranquilla
1357248863972334403,11.00077308448159,-74.8362708172297,Entire home/apt,Entire rental unit,56,53.64,Barranquilla
1361954142462008535,10.9965,-74.8304,Shared room,Shared room in guesthouse,1,30.61,Barranquilla
9530638,11.0227,-74.81215,Private room,Private room in home,5,24.48,Barranquilla
1343143975089682172,10.999291732266494,-74.79547286603609,Private room,Private room in home,8,30.22,Barranquilla
46121445,10.98982,-74.81473,Private room,Private room in home,29,19.13,Barranquilla
1710953411195983261,11.0011,-74.8352,Entire home/apt,Entire rental unit,2,109.09,Barranquilla
1614654637422766035,10.947,-74.7868,Private room,Private room in rental unit,3,28.73,Barranquilla
49031545,11.00226,-74.80651,Private room,Private room in home,35,19.13,Barranquilla
1509445456210245733,11.0221,-74.8158,Private room,Private room in condo,7,30.61,Barranquilla
1740267019812316937,11.0235,-74.8091,Private room,Private room in guesthouse,0,33.49,Barranquilla
1362314794314190228,10.971963934872146,-74.79026093648999,Private room,Private room in guesthouse,2,25.52,Barranquilla
1714001836630001681,10.9946,-74.825,Private room,Private room in home,0,36.99,Barranquilla
580485978343759437,11.0008,-74.8219,Private room,Private room in serviced apartment,28,30.19,Barranquilla
853107955226843561,11.00403,-74.82378,Entire home/apt,Entire rental unit,60,99.8,Barranquilla
54305164,10.87,-74.7793,Entire home/apt,Entire rental unit,16,15.1,Barranquilla
47725646,11.00433,-74.82313,Private room,Private room in home,3,16.6,Barranquilla
52759825,11.00669,-74.82056,Entire home/apt,Entire serviced apartment,76,69.48,Barranquilla
1157429385583931687,11.0035,-74.8362,Entire home/apt,Entire rental unit,237,73.28,Barranquilla
1513074694271667234,11.020911814340355,-74.84810304257716,Entire home/apt,Entire rental unit,22,68.47,Barranquilla
1706908303969351582,10.8728,-74.9774,Entire home/apt,Entire cabin,1,85.55,Barranquilla
1709790655002094317,11.0246,-74.8475,Entire home/apt,Entire rental unit,12,91.93,Barranquilla
15248301,11.00587,-74.82794,Entire home/apt,Entire rental unit,179,86.6,Barranquilla
578813021757943148,11.00825,-74.81473,Entire home/apt,Entire rental unit,48,88.73,Barranquilla
1596086225638623929,11.0212,-74.8444,Entire home/apt,Entire rental unit,60,82.25,Barranquilla
1175642595774392545,11.0035,-74.8254,Entire home/apt,Entire rental unit,37,82.47,Barranquilla
1725388279162867915,11.0242,-74.8411,Entire home/apt,Entire rental unit,6,84.91,Barranquilla
1673284481696257185,11.0133,-74.8042,Entire home/apt,Entire rental unit,16,93.2,Barranquilla
1478577693070938235,11.01152,-74.81049,Entire home/apt,Entire rental unit,56,44.75,Barranquilla
1638608772445531075,11.01658,-74.80129,Entire home/apt,Entire rental unit,38,82.09,Barranquilla
52233288,11.01399,-74.81403,Entire home/apt,Entire loft,187,54.72,Barranquilla
1478568033646267760,11.01285,-74.80914,Entire home/apt,Entire rental unit,71,44.84,Barranquilla
34981727,11.01834,-74.80824,Private room,Private room in home,220,33.84,Barranquilla
716592718384343041,10.9979,-74.8241,Private room,Private room in home,7,188.5,Barranquilla
1343715993321701866,11.003801628474363,-74.819491872311,Entire home/apt,Entire rental unit,93,63.11,Barranquilla
1688720636476637365,11.009,-74.8247,Private room,Private room in guesthouse,4,30.2,Barranquilla
1640176120888156701,11.0042,-74.7984,Entire home/apt,Entire loft,22,32.99,Barranquilla
724816411305148621,11.00637,-74.79103,Private room,Private room in home,281,23.85,Barranquilla
52027903,11.01414,-74.82227,Entire home/apt,Entire loft,824,86.18,Barranquilla
16441517,11.01534,-74.83134,Entire home/apt,Entire rental unit,20,84.27,Barranquilla
1263413022158762170,11.0159,-74.8317,Entire home/apt,Entire loft,104,82.95,Barranquilla
1003595258023738742,11.0155,-74.83193,Entire home/apt,Entire loft,52,83.31,Barranquilla
47305786,10.99771,-74.79626,Private room,Room in hotel,28,100.3,Barranquilla
1036257697635332746,11.0159,-74.8317,Entire home/apt,Entire rental unit,81,93.43,Barranquilla
1102454545461123609,11.0029,-74.8254,Entire home/apt,Entire rental unit,61,91.8,Barranquilla
54405684,11.01234,-74.81093,Entire home/apt,Entire serviced apartment,95,87.65,Barranquilla
858177435361335019,11.01271,-74.81995,Entire home/apt,Entire rental unit,54,84.54,Barranquilla
1219755974795016152,11.0093,-74.838,Entire home/apt,Entire serviced apartment,81,94.11,Barranquilla
1578585564722833740,11.023,-74.8161,Entire home/apt,Entire rental unit,22,95.64,Barranquilla
1136826693212953434,11.0035,-74.8249,Entire home/apt,Entire rental unit,38,83.6,Barranquilla
1707674433827134111,11.010755702537347,-74.82687995547428,Entire home/apt,Entire rental unit,13,47.88,Barranquilla
51525409,11.01559,-74.81393,Entire home/apt,Entire loft,160,50.1,Barranquilla
30045298,10.9966,-74.8194,Entire home/apt,Entire loft,131,90.58,Barranquilla
1713996303573974491,10.9946,-74.8255,Private room,Private room in home,0,36.99,Barranquilla
860812317159543419,11.00467,-74.8154,Entire home/apt,Entire rental unit,295,79.23,Barranquilla
29427876,10.980609206284047,-74.8307097083454,Private room,Private room in rental unit,13,26.78,Barranquilla
1614611225819688846,11.0105,-74.8268,Entire home/apt,Entire rental unit,25,63.84,Barranquilla
1525526877179874394,11.00382,-74.82576,Entire home/apt,Entire rental unit,12,70.77,Barranquilla
1071216641762095782,11.0126,-74.7949,Entire home/apt,Entire rental unit,50,67.03,Barranquilla
39637121,11.0119,-74.8269,Entire home/apt,Entire rental unit,214,73.37,Barranquilla
1642935844934183843,11.00369,-74.82097,Entire home/apt,Entire rental unit,8,75.69,Barranquilla
1081920530704276574,11.0163,-74.8077,Entire home/apt,Entire rental unit,86,67.16,Barranquilla
1132880007504735837,11.0047,-74.8198,Entire home/apt,Entire rental unit,135,68.69,Barranquilla
1360864378871849662,10.9965,-74.8304,Shared room,Shared room in guesthouse,0,30.61,Barranquilla
801402513848430640,11.0059,-74.8237,Entire home/apt,Entire rental unit,47,79.82,Barranquilla
1325623027631884075,11.0117,-74.8079,Entire home/apt,Entire rental unit,32,88.74,Barranquilla
575326991479794184,10.99571,-74.83132,Shared room,Shared room in guesthouse,0,30.61,Barranquilla
1063211928876879776,10.99532,-74.82976,Shared room,Shared room in guesthouse,0,30.61,Barranquilla
1624685615065487019,10.93211,-74.77476,Private room,Private room in rental unit,1,16.12,Barranquilla
1186162473770497370,10.9963,-74.8094,Entire home/apt,Entire rental unit,12,30.61,Barranquilla
1617660194705871122,11.016988447969828,-74.82073885886426,Entire home/apt,Entire rental unit,14,107.33,Barranquilla
862949176728996003,10.99327,-74.8276,Private room,Private room in guesthouse,27,26.42,Barranquilla
1625068941640169620,10.9849,-74.8125,Private room,Private room in home,1,26.61,Barranquilla
1218378525946868040,10.9905,-74.8158,Private room,Private room in home,50,16.07,Barranquilla
1029803545474562724,10.98469,-74.79048,Private room,Private room in rental unit,3,22.95,Barranquilla
1011002111953826172,10.9913,-74.7982,Private room,Private room in home,153,25.21,Barranquilla
760283844003863120,11.00805,-74.83785,Private room,Private room in vacation home,35,31.59,Barranquilla
1749385043869680286,11.0041,-74.797,Private room,Private room in rental unit,0,35.42,Barranquilla
862976286353185024,10.99295,-74.8263,Private room,Private room in guesthouse,58,26.42,Barranquilla
1347188247428917839,10.99796,-74.83065,Private room,Private room in rental unit,14,26.86,Barranquilla
1688530443385956723,11.011615800624702,-74.82610361883825,Private room,Private room in home,2,23.9,Barranquilla
1374104496083560697,10.9997,-74.8267,Entire home/apt,Entire rental unit,35,30.47,Barranquilla
47410731,11.01076,-74.82772,Private room,Private room in home,24,24.33,Barranquilla
1085566107447867656,10.99586,-74.80297,Private room,Private room in condo,25,22.57,Barranquilla
1010291674178933329,10.99072,-74.79879,Private room,Private room in home,104,25.21,Barranquilla
1341530497529318433,11.0221,-74.8158,Private room,Private room in rental unit,36,24.87,Barranquilla
1598013779406115388,10.99,-74.7864,Shared room,Shared room in home,0,21.61,Barranquilla
1386309751800227987,11.022,-74.8474,Entire home/apt,Entire rental unit,87,83.88,Barranquilla
1442027147835774101,11.0148,-74.8045,Entire home/apt,Entire home,43,98.63,Barranquilla
1081312293254972543,11.0121,-74.8272,Entire home/apt,Entire rental unit,30,108.0,Barranquilla
41584898,11.01519,-74.8319,Entire home/apt,Entire serviced apartment,16,99.25,Barranquilla
1675475412279096804,11.00230621821014,-74.8260028471067,Entire home/apt,Entire rental unit,6,97.35,Barranquilla
568625484739402893,11.0036,-74.8262,Entire home/apt,Entire condo,55,97.74,Barranquilla
607375636920225848,11.0036,-74.8262,Entire home/apt,Entire serviced apartment,93,101.14,Barranquilla
1020277955997279713,11.00312,-74.82068,Entire home/apt,Entire rental unit,85,63.52,Barranquilla
1431995959437768877,11.018809561513073,-74.8380274530182,Private room,Private room in rental unit,11,74.88,Barranquilla
1507287385298489942,11.0142,-74.813,Entire home/apt,Entire rental unit,8,66.04,Barranquilla
700637534486774580,11.0033,-74.8252,Entire home/apt,Entire loft,78,78.0,Barranquilla
1569169113844631443,11.0035,-74.8254,Entire home/apt,Entire serviced apartment,27,72.68,Barranquilla
1350046207714583835,11.0043,-74.8199,Entire home/apt,Entire rental unit,45,73.97,Barranquilla
1060470011397520008,11.0194,-74.80385,Private room,Private room in home,2,100.22,Barranquilla
854990651461629614,11.0046,-74.8198,Entire home/apt,Entire rental unit,83,73.44,Barranquilla
1420649995022521783,11.00534,-74.8189,Entire home/apt,Entire rental unit,7,73.83,Barranquilla
1320465942962040044,11.01235,-74.81931,Entire home/apt,Entire rental unit,27,98.54,Barranquilla
1325488517481138132,11.0159,-74.8317,Entire home/apt,Entire rental unit,14,79.37,Barranquilla
670908461546746562,11.0036,-74.8251,Entire home/apt,Entire rental unit,74,79.61,Barranquilla
1390621638699347826,11.0027,-74.8193,Private room,Room in hotel,0,109.02,Barranquilla
1661932408024159061,11.0037,-74.82571,Entire home/apt,Entire rental unit,2,82.25,Barranquilla
1706569441961403084,11.01373,-74.8111,Entire home/apt,Entire rental unit,8,81.32,Barranquilla
1543521683044443421,11.0091,-74.8381,Entire home/apt,Entire rental unit,16,86.45,Barranquilla
1085784403590045843,11.0035,-74.8254,Entire home/apt,Entire rental unit,65,83.2,Barranquilla
1218155659884207380,11.012,-74.8273,Entire home/apt,Entire rental unit,29,84.6,Barranquilla
1713861421308827549,11.0246,-74.8475,Entire home/apt,Entire rental unit,6,96.62,Barranquilla
746315210503007644,11.0036,-74.8253,Private room,Private room in serviced apartment,97,70.41,Barranquilla
1482816280060967687,11.0214,-74.8462,Entire home/apt,Entire rental unit,23,82.63,Barranquilla
1458724630091233782,11.011157596681642,-74.82689931811545,Entire home/apt,Entire rental unit,35,74.0,Barranquilla
1540111703747834988,11.0206,-74.8454,Entire home/apt,Entire condo,36,81.27,Barranquilla
47410575,11.00228,-74.82619,Entire home/apt,Entire serviced apartment,118,80.11,Barranquilla
1617609584597504316,11.023429779964648,-74.8655177439169,Entire home/apt,Entire rental unit,6,92.73,Barranquilla
1036422162775786511,11.0021,-74.824,Entire home/apt,Entire loft,19,83.04,Barranquilla
1698062679515593547,10.9871,-74.7907,Entire home/apt,Entire rental unit,2,79.29,Barranquilla
1748094217061436270,11.012470805552423,-74.8266609477558,Entire home/apt,Entire rental unit,0,81.08,Barranquilla
1560874793041012518,11.0035,-74.8254,Entire home/apt,Entire rental unit,21,99.54,Barranquilla
1652924545016649591,11.01369440110911,-74.81264746573198,Entire home/apt,Entire rental unit,4,101.5,Barranquilla
837834107803390824,11.01358,-74.82106,Entire home/apt,Entire rental unit,71,84.54,Barranquilla
1578567961559049832,11.01341,-74.83718,Entire home/apt,Entire rental unit,2,109.84,Barranquilla
1671214422464704469,11.02182,-74.81756,Entire home/apt,Entire rental unit,5,100.14,Barranquilla
832595936661372930,11.00339,-74.8119,Entire home/apt,Entire rental unit,36,56.5,Barranquilla
1567462351227347888,10.99522,-74.79583,Entire home/apt,Entire condo,0,125.09,Barranquilla
622555940568286296,11.01448,-74.83988,Entire home/apt,Entire rental unit,263,48.66,Barranquilla
979821416111844599,11.0158,-74.8248,Entire home/apt,Entire rental unit,0,97.54,Barranquilla
1077087373972710362,11.00176,-74.80345,Private room,Private room in rental unit,1,100.22,Barranquilla
32038352,10.99925,-74.80206,Entire home/apt,Entire serviced apartment,6,120.38,Barranquilla
1060507690301315180,11.01912,-74.80541,Private room,Private room in guesthouse,3,99.46,Barranquilla
1414854589606596639,11.0058,-74.8217,Entire home/apt,Entire rental unit,0,105.82,Barranquilla
1621156243231370800,11.011792084032898,-74.83350914689686,Entire home/apt,Entire rental unit,0,97.93,Barranquilla
1609431792809142753,10.98008,-74.77919,Private room,Room in hotel,0,102.02,Barranquilla
563243836518019383,11.0087,-74.79779,Entire home/apt,Entire vacation home,1,97.18,Barranquilla
1246049926885368275,11.0084,-74.8335,Entire home/apt,Entire rental unit,0,110.17,Barranquilla
800986429046148951,11.0028,-74.8257,Entire home/apt,Entire serviced apartment,4,107.11,Barranquilla
29156275,11.0188,-74.83868,Entire home/apt,Entire rental unit,30,96.57,Barranquilla
910256773923029715,11.00541,-74.81707,Entire home/apt,Entire serviced apartment,35,88.56,Barranquilla
1669011961654876905,11.001150055058812,-74.7879080422728,Entire home/apt,Entire rental unit,3,88.7,Barranquilla
1427595336540197413,11.022,-74.8474,Entire home/apt,Entire rental unit,85,88.27,Barranquilla
1614823596049273817,10.997719276647794,-74.81959550526965,Entire home/apt,Entire rental unit,0,104.05,Barranquilla
1353604379828138180,10.91404318857259,-74.79810716917731,Private room,Private room in home,2,97.54,Barranquilla
51693761,10.99978,-74.80766,Entire home/apt,Entire condo,26,89.22,Barranquilla
1511157901010424903,11.0111,-74.9103,Entire home/apt,Entire home,14,88.3,Barranquilla
41837118,11.0144,-74.82755,Entire home/apt,Entire rental unit,77,94.1,Barranquilla
924567924175912501,11.01062,-74.81331,Entire home/apt,Entire rental unit,16,91.6,Barranquilla
1107576857584532585,11.00234,-74.82874,Entire home/apt,Entire rental unit,0,99.46,Barranquilla
1439996243451514880,11.0057,-74.8257,Entire home/apt,Entire rental unit,25,95.64,Barranquilla
42220835,11.016,-74.8238,Entire home/apt,Entire condo,5,104.17,Barranquilla
1461204684634929666,11.01743,-74.80003,Entire home/apt,Entire rental unit,24,89.57,Barranquilla
1216847241935957219,11.0091,-74.8381,Entire home/apt,Entire rental unit,22,94.1,Barranquilla
848402067376250398,11.0077,-74.8357,Entire home/apt,Entire rental unit,23,89.4,Barranquilla
1573991814546766296,10.9958,-74.7999,Private room,Private room in home,6,95.76,Barranquilla
1669710194830075918,10.999108815682286,-74.8035325416254,Private room,Room in hotel,0,109.17,Barranquilla
1620919600067184258,10.97935,-74.7877,Entire home/apt,Casa particular,1,105.67,Barranquilla
12870057,11.0141,-74.8388,Entire home/apt,Entire serviced apartment,5,97.37,Barranquilla
1015466401710415041,11.0286,-74.8623,Entire home/apt,Entire rental unit,45,112.46,Barranquilla
1658267892693154045,11.01092,-74.82791,Entire home/apt,Entire rental unit,0,95.76,Barranquilla
1184965704655264185,10.99577,-74.84869,Entire home/apt,Entire rental unit,6,100.22,Barranquilla
1542915605284694731,11.02443,-74.84214,Entire home/apt,Entire rental unit,6,100.55,Barranquilla
1656097667022613953,10.988418964690206,-74.8117783614507,Entire home/apt,Entire rental unit,0,120.25,Barranquilla
1564635502733145858,10.9942,-74.8455,Entire home/apt,Entire rental unit,2,134.19,Barranquilla
1346642889927909440,10.9879,-74.8104,Entire home/apt,Entire rental unit,8,99.46,Barranquilla
46020410,10.99639,-74.81893,Entire home/apt,Entire rental unit,1,101.0,Barranquilla
1472129811490007116,10.9249,-74.833,Entire home/apt,Entire serviced apartment,6,104.86,Barranquilla
1110986801068164865,11.015,-74.8173,Entire home/apt,Entire rental unit,16,103.28,Barranquilla
1610324375794919453,10.98939,-74.81982,Entire home/apt,Entire home,0,129.21,Barranquilla
45618970,10.998,-74.7971,Private room,Room in hotel,69,110.5,Barranquilla
1381275090343394858,11.023,-74.8457,Entire home/apt,Entire rental unit,4,107.74,Barranquilla
1611106021755327092,10.99625,-74.81936,Entire home/apt,Entire rental unit,2,99.46,Barranquilla
1134188108006158381,11.0043,-74.8163,Entire home/apt,Entire rental unit,7,106.27,Barranquilla
1732898156207751692,11.0221,-74.8478,Entire home/apt,Entire rental unit,0,110.53,Barranquilla
1455221324599863937,10.9943,-74.8153,Entire home/apt,Entire rental unit,3,95.82,Barranquilla
1694475099257795034,11.0253,-74.8429,Entire home/apt,Entire rental unit,2,131.88,Barranquilla
1037934363551894566,11.02084,-74.82265,Entire home/apt,Entire rental unit,42,100.99,Barranquilla
684799634692128828,10.99406,-74.80462,Entire home/apt,Entire rental unit,6,103.42,Barranquilla
853712626958978062,11.01638,-74.803,Entire home/apt,Entire rental unit,30,102.76,Barranquilla
1629782530331133291,11.0146,-74.8119,Entire home/apt,Entire serviced apartment,0,99.09,Barranquilla
496487438021309087,11.00084,-74.81952,Entire home/apt,Entire vacation home,65,107.95,Barranquilla
1645784257475227539,11.0123,-74.8261,Entire home/apt,Entire rental unit,2,102.0,Barranquilla
821949874047827817,11.00018,-74.8073,Entire home/apt,Entire rental unit,12,96.01,Barranquilla
1678372619947718626,10.9891,-74.8115,Entire home/apt,Entire rental unit,0,99.64,Barranquilla
789678703222000841,11.0077,-74.8358,Entire home/apt,Entire rental unit,157,101.83,Barranquilla
1553082571562543059,10.9952,-74.826,Entire home/apt,Entire rental unit,4,95.76,Barranquilla
771178552588413980,10.99898,-74.8174,Entire home/apt,Entire rental unit,59,105.58,Barranquilla
1347222446787552840,11.0093,-74.8344,Entire home/apt,Entire condo,2,102.52,Barranquilla
1064421781356312412,11.0025,-74.7953,Entire home/apt,Entire rental unit,7,104.05,Barranquilla
1414117349777765509,11.0001,-74.7999,Entire home/apt,Entire loft,71,49.8,Barranquilla
1473364387804998201,11.01126,-74.80975,Entire home/apt,Entire serviced apartment,34,47.52,Barranquilla
1272097858402360896,11.01093,-74.83685,Entire home/apt,Entire rental unit,0,111.7,Barranquilla
1645249636097491688,11.019406450961874,-74.82517957175142,Entire home/apt,Entire rental unit,2,100.73,Barranquilla
20901482,11.0112,-74.8304,Private room,Private room in home,164,42.9,Barranquilla
10617631,11.0126,-74.8251,Private room,Private room in home,95,42.45,Barranquilla
552796139633976225,11.0113,-74.8309,Entire home/apt,Entire condo,76,53.12,Barranquilla
1500930191844684360,11.01299,-74.80929,Entire home/apt,Entire rental unit,35,47.82,Barranquilla
20728671,11.0112,-74.8305,Entire home/apt,Entire rental unit,161,50.05,Barranquilla
931855706044119867,11.0,-74.8288,Entire home/apt,Entire rental unit,159,34.47,Barranquilla
1695008879289106934,11.016,-74.8104,Private room,Private room in home,6,34.64,Barranquilla
52902863,10.99866,-74.82392,Private room,Private room,66,35.11,Barranquilla
21161944,11.0113,-74.8304,Entire home/apt,Entire rental unit,151,50.67,Barranquilla
717981371764923493,11.0047,-74.797,Entire home/apt,Entire guest suite,32,44.6,Barranquilla
894052310121405799,10.99789,-74.81722,Private room,Private room in rental unit,1,96.28,Barranquilla
791971508332135365,11.0107,-74.8209,Private room,Private room in bed and breakfast,35,46.92,Barranquilla
764607032658455510,10.99099,-74.80133,Entire home/apt,Entire rental unit,1,99.46,Barranquilla
1531300836039706066,11.0096,-74.8288,Entire home/apt,Entire rental unit,11,104.2,Barranquilla
746970567862689014,10.99592,-74.80625,Entire home/apt,Entire rental unit,2,103.42,Barranquilla
32043145,11.01027,-74.82765,Entire home/apt,Entire condo,60,108.89,Barranquilla
1736505898129010391,11.0146,-74.8431,Entire home/apt,Entire rental unit,0,119.0,Barranquilla
1618933594523807744,11.003829,-74.82225,Hotel room,Room in hotel,0,115.6,Barranquilla
590191740723740300,11.00269,-74.82449,Entire home/apt,Entire condo,2,113.57,Barranquilla
552746176400839347,11.0113,-74.8309,Entire home/apt,Entire condo,60,51.69,Barranquilla
1267661508829154105,11.022485766021477,-74.84808259058788,Entire home/apt,Entire rental unit,10,120.76,Barranquilla
1622027359428432882,11.01201,-74.79551,Entire home/apt,Entire rental unit,27,67.03,Barranquilla
1214561649865072223,11.0122,-74.811,Entire home/apt,Entire rental unit,6,117.75,Barranquilla
46410080,11.0171,-74.8373,Entire home/apt,Entire rental unit,22,117.91,Barranquilla
1630446199068240148,11.0146,-74.8119,Entire home/apt,Entire serviced apartment,0,101.5,Barranquilla
1275519852451935950,11.003183265977743,-74.8242429386414,Entire home/apt,Entire rental unit,76,67.41,Barranquilla
1651878917056403439,11.0178,-74.8053,Entire home/apt,Entire home,4,67.93,Barranquilla
48741373,11.0139,-74.8258,Entire home/apt,Entire rental unit,59,117.08,Barranquilla
735437251538856189,11.00365,-74.81391,Entire home/apt,Entire vacation home,71,67.61,Barranquilla
1356058879524037673,11.0051,-74.8029,Entire home/apt,Entire rental unit,70,67.73,Barranquilla
578471235529331247,11.00381,-74.82569,Entire home/apt,Entire loft,108,74.21,Barranquilla
1555924747170934000,11.00274,-74.82481,Entire home/apt,Entire rental unit,15,70.01,Barranquilla
1614539609608726067,11.0093,-74.8381,Entire home/apt,Entire rental unit,17,68.59,Barranquilla
1364468778236042225,11.0128,-74.8134,Private room,Private room in loft,29,64.16,Barranquilla
15469286,11.00091,-74.81084,Entire home/apt,Entire rental unit,195,37.0,Barranquilla
52905326,10.9926,-74.8198,Entire home/apt,Entire rental unit,42,65.5,Barranquilla
1720738079732202438,11.0038,-74.8255,Entire home/apt,Entire rental unit,1,67.94,Barranquilla
1186181796747245643,11.00239,-74.82595,Entire home/apt,Entire rental unit,16,64.11,Barranquilla
1733435485754192799,11.0041,-74.8163,Entire home/apt,Entire serviced apartment,2,69.46,Barranquilla
1624816304001458710,11.0044,-74.8253,Entire home/apt,Entire rental unit,6,67.71,Barranquilla
54225202,11.02356,-74.80759,Entire home/apt,Entire rental unit,106,69.05,Barranquilla
579854390511238715,11.00328,-74.8254,Entire home/apt,Entire loft,43,63.3,Barranquilla
1609526747357976004,11.0101,-74.8389,Entire home/apt,Entire rental unit,29,69.72,Barranquilla
1746481205626506636,11.0114,-74.7954,Entire home/apt,Entire home,0,85.14,Barranquilla
1614041868991660817,11.0205,-74.8224,Entire home/apt,Entire condo,1,66.33,Barranquilla
1664558458080741594,11.0044,-74.8253,Entire home/apt,Entire rental unit,0,70.77,Barranquilla
1452256423718414031,10.94405,-74.82616,Entire home/apt,Entire rental unit,4,64.72,Barranquilla
1620469986007999950,10.98973,-74.80788,Entire home/apt,Entire rental unit,4,63.59,Barranquilla
1081463409819437680,10.99384,-74.81713,Entire home/apt,Entire rental unit,3,70.54,Barranquilla
40749050,10.99147,-74.82324,Entire home/apt,Entire condo,4,63.8,Barranquilla
1550257747745696768,11.00289,-74.82502,Entire home/apt,Entire rental unit,13,70.41,Barranquilla
1042921784568301037,10.9954,-74.8141,Entire home/apt,Entire rental unit,12,69.07,Barranquilla
1693778947530277490,10.992121992484192,-74.84254231160831,Entire home/apt,Entire rental unit,0,70.38,Barranquilla
1330508079820684821,10.9926,-74.8479,Entire home/apt,Entire rental unit,37,64.87,Barranquilla
45173253,10.98538,-74.78262,Private room,Room in hotel,4,66.29,Barranquilla
1489417822063448185,10.916882200644999,-74.86195414796855,Entire home/apt,Entire rental unit,4,69.26,Barranquilla
1257189998269270501,11.0126,-74.7949,Entire home/apt,Entire rental unit,0,67.71,Barranquilla
41872974,10.99181,-74.82583,Entire home/apt,Entire guesthouse,4,66.56,Barranquilla
1599330278335310583,11.021920247017247,-74.84551052064519,Entire home/apt,Entire rental unit,0,66.83,Barranquilla
705272260989595334,10.97003,-74.80169,Entire home/apt,Entire condo,12,65.79,Barranquilla
577083600848070846,10.98988,-74.82043,Entire home/apt,Entire rental unit,36,68.09,Barranquilla
1621245648525977607,11.005359629873789,-74.83486692742619,Private room,Private room in rental unit,0,81.37,Barranquilla
1612413780900324828,10.969740206763111,-74.79323240799157,Entire home/apt,Entire rental unit,4,69.26,Barranquilla
1720436766008520851,10.9854,-74.8322,Entire home/apt,Entire rental unit,0,66.05,Barranquilla
49108625,11.00819,-74.81295,Entire home/apt,Entire rental unit,65,95.76,Barranquilla
1092165876803558598,11.0164,-74.8059,Private room,Private room in rental unit,126,39.4,Barranquilla
1371639260295124265,10.9994,-74.8254,Entire home/apt,Entire rental unit,0,77.8,Barranquilla
19221713,10.99914,-74.83084,Entire home/apt,Entire loft,162,34.19,Barranquilla
1351461409089392375,10.9863,-74.7901,Entire home/apt,Entire rental unit,35,64.78,Barranquilla
1359660561749545901,11.001,-74.7961,Entire home/apt,Entire rental unit,46,36.65,Barranquilla
552798728758574355,11.0112,-74.8309,Private room,Private room in home,59,42.9,Barranquilla
1620413108580745662,11.00275,-74.82568,Entire home/apt,Entire rental unit,13,68.85,Barranquilla
1110125538691295342,10.99993,-74.80168,Entire home/apt,Entire rental unit,0,84.69,Barranquilla
1077150144072182499,10.9374,-74.7708,Entire home/apt,Entire rental unit,0,65.79,Barranquilla
1071246380155601451,10.9916,-74.8492,Entire home/apt,Entire serviced apartment,2,65.03,Barranquilla
1591396418741064563,11.0045,-74.8252,Entire home/apt,Entire rental unit,1,67.03,Barranquilla
1600360338047867507,11.0246,-74.8036,Private room,Private room in rental unit,4,67.9,Barranquilla
49878794,11.01091,-74.82574,Private room,Private room in serviced apartment,19,67.93,Barranquilla
1449434398695464202,11.0147,-74.814,Entire home/apt,Entire rental unit,4,64.65,Barranquilla
1514509573637132037,11.001,-74.7993,Entire home/apt,Entire rental unit,5,70.77,Barranquilla
1332875387820871053,10.9969,-74.844,Private room,Private room in condo,3,68.48,Barranquilla
772331897890509884,11.0141,-74.8254,Entire home/apt,Entire rental unit,16,65.43,Barranquilla
1259651426266287648,11.0002,-74.7922,Private room,Room in hotel,4,68.94,Barranquilla
1668993315982390880,11.012568046312825,-74.82135281232198,Entire home/apt,Entire rental unit,0,71.42,Barranquilla
15560875,11.009276568739017,-74.83710740704424,Entire home/apt,Entire rental unit,40,46.68,Barranquilla
1604777980296451057,10.9942,-74.8469,Entire home/apt,Entire serviced apartment,2,64.52,Barranquilla
584062872538008881,11.00375,-74.82044,Entire home/apt,Entire serviced apartment,0,64.39,Barranquilla
1216728257182207368,10.9938,-74.8105,Entire home/apt,Entire rental unit,6,65.09,Barranquilla
28711506,11.0103,-74.8251,Entire home/apt,Entire loft,0,69.74,Barranquilla
1130713013630900053,11.00631,-74.83927,Entire home/apt,Entire serviced apartment,19,70.38,Barranquilla
1216681120279677109,10.9938,-74.8105,Private room,Room in hotel,1,69.31,Barranquilla
1345933705177375987,11.018302505776303,-74.80809541089455,Private room,Private room in bed and breakfast,2,64.16,Barranquilla
1320222359014732103,10.92349,-74.86913,Private room,Room in hotel,3,66.07,Barranquilla
1333379914688084303,10.9938,-74.8104,Entire home/apt,Entire rental unit,4,66.05,Barranquilla
1561729021937465042,10.9942,-74.8243,Entire home/apt,Entire rental unit,21,67.71,Barranquilla
1612285579080944238,11.0053,-74.8256,Entire home/apt,Entire rental unit,6,66.97,Barranquilla
1561132744054205265,11.0214,-74.8462,Entire home/apt,Entire rental unit,7,70.12,Barranquilla
1042928292104895955,10.9954,-74.8141,Entire home/apt,Entire rental unit,27,69.07,Barranquilla
1668195307783627834,11.0044,-74.8253,Entire home/apt,Entire rental unit,1,65.84,Barranquilla
1158834294405120017,11.00184,-74.7913,Entire home/apt,Entire rental unit,2,69.62,Barranquilla
1216686227248970318,10.9938,-74.8105,Private room,Room in hotel,2,65.03,Barranquilla
1615534129785560320,11.02402,-74.84754,Entire home/apt,Entire rental unit,5,44.01,Barranquilla
27980042,10.99834,-74.81431,Entire home/apt,Entire rental unit,7,68.86,Barranquilla
1044177872506403468,10.9954,-74.8141,Entire home/apt,Entire rental unit,20,69.07,Barranquilla
589122707879010684,11.01173,-74.82611,Entire home/apt,Entire serviced apartment,131,70.77,Barranquilla
1352356925806032207,10.9954,-74.8141,Entire home/apt,Entire rental unit,3,69.07,Barranquilla
1238375269975327324,11.0008,-74.8002,Entire home/apt,Entire serviced apartment,27,44.45,Barranquilla
1669258101732770434,11.01095,-74.79968,Entire home/apt,Entire rental unit,0,84.05,Barranquilla
1719757299787473460,10.9999,-74.7995,Entire home/apt,Entire rental unit,1,50.31,Barranquilla
1714041070674179634,10.9946,-74.825,Private room,Private room in home,1,42.08,Barranquilla
1619704010366244810,11.00542,-74.82468,Entire home/apt,Entire rental unit,1,68.7,Barranquilla
1543794043116634729,10.9994,-74.8354,Entire home/apt,Entire rental unit,3,68.05,Barranquilla
53153152,11.01872,-74.80201,Entire home/apt,Entire serviced apartment,106,68.86,Barranquilla
52756881,10.99782,-74.82487,Entire home/apt,Entire loft,133,43.09,Barranquilla
41689651,10.9964,-74.796,Private room,Private room in rental unit,5,71.53,Barranquilla
1491807240335923066,10.9879,-74.8119,Entire home/apt,Entire rental unit,78,44.12,Barranquilla
26305906,10.99562,-74.80498,Entire home/apt,Entire rental unit,55,47.6,Barranquilla
12781507,10.9987,-74.83,Entire home/apt,Entire loft,206,41.49,Barranquilla
1488487751276939452,11.01218,-74.81107,Entire home/apt,Entire rental unit,67,50.12,Barranquilla
1619150792736047831,11.012717644463557,-74.80518166893785,Entire home/apt,Entire rental unit,1,68.85,Barranquilla
1710346668377324184,11.0147,-74.812,Entire home/apt,Entire rental unit,1,67.5,Barranquilla
45482251,11.00376,-74.80566,Entire home/apt,Entire rental unit,9,65.2,Barranquilla
1668190296755745320,11.00474,-74.82622,Entire home/apt,Entire rental unit,2,64.51,Barranquilla
1627790443227619278,11.0146,-74.8119,Entire home/apt,Entire serviced apartment,2,69.58,Barranquilla
21362673,11.004,-74.7991,Entire home/apt,Entire serviced apartment,25,40.53,Barranquilla
1428525957735957905,10.998,-74.845,Entire home/apt,Entire rental unit,22,64.86,Barranquilla
1365410780921069977,11.0128,-74.8134,Private room,Private room in loft,33,44.82,Barranquilla
1712483255632463927,10.9904,-74.8474,Entire home/apt,Entire rental unit,1,84.46,Barranquilla
1610977029948389477,11.0044,-74.8253,Entire home/apt,Entire rental unit,8,66.39,Barranquilla
1710415768685685677,11.0146,-74.8119,Entire home/apt,Entire rental unit,0,67.5,Barranquilla
1485766254636498313,11.0218704083172,-74.8482209146485,Entire home/apt,Entire serviced apartment,4,69.98,Barranquilla
1414980969968056971,11.0071,-74.8253,Entire home/apt,Entire rental unit,10,41.31,Barranquilla
1341362430633861418,10.996199993250038,-74.81477906717392,Entire home/apt,Entire rental unit,18,69.07,Barranquilla
1365199350884676929,11.0128,-74.8134,Entire home/apt,Entire loft,11,67.93,Barranquilla
1509868309712989627,11.0064,-74.8385,Entire home/apt,Entire rental unit,42,63.84,Barranquilla
1591367649095210530,11.00194,-74.82974,Entire home/apt,Entire rental unit,1,68.85,Barranquilla
1708231243287303013,11.014427886184219,-74.81109846259962,Entire home/apt,Entire rental unit,0,67.5,Barranquilla
1452202294185044724,11.004028725218955,-74.80224765090684,Entire home/apt,Entire rental unit,5,69.27,Barranquilla
1399963033080773383,10.9954,-74.8142,Entire home/apt,Entire rental unit,5,69.07,Barranquilla
617972489566116286,11.0119,-74.7964,Private room,Private room in home,23,69.97,Barranquilla
1524185113734762134,10.997,-74.844,Entire home/apt,Entire rental unit,26,68.66,Barranquilla
1434070518128111459,10.9789,-74.80018,Entire home/apt,Entire townhouse,8,76.15,Barranquilla
1440188897387383451,11.00033,-74.82084,Entire home/apt,Entire rental unit,83,66.56,Barranquilla
1479738028466746479,11.0232,-74.8441,Entire home/apt,Entire rental unit,37,66.94,Barranquilla
974002420297723050,10.9938,-74.8104,Entire home/apt,Entire rental unit,1,65.26,Barranquilla
1531351747609082905,11.0232,-74.8438,Entire home/apt,Entire condo,12,68.6,Barranquilla
1540628308614035285,10.9996,-74.8059,Entire home/apt,Entire rental unit,2,65.03,Barranquilla
1366281406057470785,11.0141,-74.8254,Entire home/apt,Entire rental unit,12,65.43,Barranquilla
1407172350863326093,11.0064,-74.8385,Entire home/apt,Entire rental unit,12,68.7,Barranquilla
1097951698582298488,10.9923,-74.8463,Entire home/apt,Entire serviced apartment,112,56.04,Barranquilla
1574027641466264313,11.0069,-74.8252,Entire home/apt,Entire rental unit,5,42.08,Barranquilla
1044129293222889100,10.9954,-74.8141,Entire home/apt,Entire rental unit,26,69.07,Barranquilla
1476281137631830742,10.935352086312044,-74.77987536659504,Private room,Room in hotel,5,68.94,Barranquilla
719624964597870471,11.0115,-74.9144,Entire home/apt,Entire vacation home,18,65.03,Barranquilla
900150514295366737,11.0037,-74.8214,Private room,Room in hotel,0,68.85,Barranquilla
1624240918975901329,11.000086131475426,-74.82708398180695,Entire home/apt,Entire rental unit,0,81.52,Barranquilla
1618419134350947201,11.02148,-74.81538,Entire home/apt,Entire rental unit,1,65.24,Barranquilla
1610264459975651514,10.99831,-74.84633,Entire home/apt,Entire rental unit,8,68.67,Barranquilla
847297939850539429,10.99441,-74.80847,Private room,Room in hotel,22,64.04,Barranquilla
49879750,11.00948,-74.82601,Entire home/apt,Room in aparthotel,43,66.47,Barranquilla
558170263435010610,10.9572,-74.8546,Entire home/apt,Entire serviced apartment,24,66.69,Barranquilla
1517801586809156371,10.91623258155209,-74.86216047987548,Entire home/apt,Entire home,3,65.31,Barranquilla
1359833525692705421,10.9934,-74.8415,Entire home/apt,Entire rental unit,0,81.37,Barranquilla
1095683775795193570,11.01813,-74.80642,Entire home/apt,Entire rental unit,10,67.18,Barranquilla
1187869382787755691,11.0077,-74.8357,Entire home/apt,Entire condo,67,67.56,Barranquilla
1095649118860911586,10.9439,-74.7996,Entire home/apt,Entire home,0,65.03,Barranquilla
1618363176514233370,11.018250858309681,-74.80620051740237,Entire home/apt,Entire rental unit,0,66.36,Barranquilla
711520717032410135,11.00046,-74.79204,Private room,Private room in casa particular,4,69.33,Barranquilla
1534391117232525127,10.9363,-74.77139,Entire home/apt,Entire rental unit,2,65.55,Barranquilla
5091727,11.0098,-74.8215,Private room,Private room in home,228,46.24,Barranquilla
1228938789047371008,11.0126,-74.7949,Private room,Private room in rental unit,56,42.52,Barranquilla
1648262505201521830,10.99362,-74.84664,Entire home/apt,Entire rental unit,9,69.24,Barranquilla
1222717332023517173,10.99619,-74.82035,Entire home/apt,Entire rental unit,0,68.09,Barranquilla
1458446054479863600,10.974930596424842,-74.8425398645412,Entire home/apt,Entire rental unit,0,82.24,Barranquilla
52199676,10.9938,-74.8104,Entire home/apt,Room in aparthotel,1,67.52,Barranquilla
1683550408434333867,10.9975,-74.8443,Entire home/apt,Entire rental unit,5,65.87,Barranquilla
41637077,11.00355,-74.79765,Private room,Room in boutique hotel,5,70.77,Barranquilla
1084348635783305659,11.011,-74.82552,Entire home/apt,Entire rental unit,28,63.27,Barranquilla
1732778466859194664,10.9548,-74.8014,Entire home/apt,Entire rental unit,0,65.75,Barranquilla
1628266309804418378,11.0146,-74.8119,Entire home/apt,Entire serviced apartment,0,67.94,Barranquilla
50386930,10.99394,-74.84182,Entire home/apt,Entire condo,14,67.32,Barranquilla
1231746708381113654,11.000091080161193,-74.8374469959673,Entire home/apt,Entire rental unit,8,70.38,Barranquilla
763959976773149699,10.9852,-74.7842,Private room,Room in hotel,5,64.16,Barranquilla
1697864752900569960,11.02509,-74.80696,Entire home/apt,Entire rental unit,3,76.29,Barranquilla
1261067943205779506,11.00063482299321,-74.79118205469521,Private room,Room in hotel,17,68.94,Barranquilla
1023972403244646226,11.0182,-74.8049,Entire home/apt,Entire rental unit,16,65.03,Barranquilla
1350869039467869186,10.9954,-74.8141,Entire home/apt,Entire rental unit,21,69.07,Barranquilla
1408206138927330557,10.999633176245602,-74.8345926039312,Entire home/apt,Entire rental unit,14,67.5,Barranquilla
1414632919652169552,10.99697,-74.81543,Entire home/apt,Entire rental unit,25,71.31,Barranquilla
1363811864047293165,11.0009,-74.8157,Entire home/apt,Entire serviced apartment,4,67.93,Barranquilla
1665311421826423870,11.0091,-74.8381,Entire home/apt,Entire rental unit,6,66.13,Barranquilla
1216694656065948025,10.9938,-74.8105,Entire home/apt,Entire rental unit,9,65.03,Barranquilla
1311539170945922797,11.0093,-74.838,Entire home/apt,Entire rental unit,88,68.38,Barranquilla
1558752110567998871,11.0077,-74.8357,Entire home/apt,Entire rental unit,47,69.62,Barranquilla
1628335116016738692,11.0146,-74.8119,Entire home/apt,Entire serviced apartment,6,70.22,Barranquilla
1405272951195394357,10.9863,-74.7844,Private room,Private room in bed and breakfast,0,67.44,Barranquilla
1445662782371818672,11.0235,-74.8438,Entire home/apt,Entire rental unit,8,64.16,Barranquilla
1617086868731046776,11.0237,-74.8436,Entire home/apt,Entire rental unit,4,66.71,Barranquilla
1347191581178049896,10.9954,-74.8141,Entire home/apt,Entire rental unit,3,67.93,Barranquilla
1216615382649463634,10.99283,-74.79352,Entire home/apt,Entire rental unit,4,65.03,Barranquilla
1363265394961071266,11.0056,-74.7982,Entire home/apt,Entire rental unit,3,66.42,Barranquilla
1562401345994105867,11.0026,-74.8048,Entire home/apt,Entire rental unit,2,67.74,Barranquilla
1431405694809664635,11.007437881325199,-74.83671393752779,Entire home/apt,Entire home,4,64.15,Barranquilla
1505379849773039376,11.0087,-74.8373,Entire home/apt,Entire rental unit,4,68.85,Barranquilla
822400549847555951,11.01004,-74.82555,Private room,Room in hotel,4,65.85,Barranquilla
1634353212209800522,11.00398849573467,-74.81899544570841,Entire home/apt,Entire rental unit,17,72.78,Barranquilla
1585074974577289876,11.0044,-74.8253,Entire home/apt,Entire rental unit,13,73.44,Barranquilla
1351014752829311733,10.993019616675847,-74.84042051025966,Entire home/apt,Entire rental unit,15,64.43,Barranquilla
1729168447807928530,11.0193,-74.8179,Entire home/apt,Entire rental unit,2,83.31,Barranquilla
47957855,10.99439,-74.82075,Entire home/apt,Entire condo,64,75.03,Barranquilla
1305819613360450806,11.0232,-74.8113,Entire home/apt,Entire home,19,67.04,Barranquilla
1583398913640704949,11.0079,-74.7959,Entire home/apt,Entire rental unit,31,77.74,Barranquilla
1711156075846443409,10.9954,-74.8142,Entire home/apt,Entire rental unit,0,67.93,Barranquilla
1606899887410338591,11.0236,-74.8088,Entire home/apt,Entire rental unit,10,74.97,Barranquilla
1502474142665682628,11.00681,-74.80527,Entire home/apt,Entire rental unit,22,74.41,Barranquilla
1626174050437417938,11.0146,-74.8119,Entire home/apt,Entire serviced apartment,15,72.78,Barranquilla
1082778892400245295,11.01224,-74.79448,Entire home/apt,Entire rental unit,201,74.64,Barranquilla
1221775421076305369,11.0132,-74.82601,Entire home/apt,Entire rental unit,45,75.48,Barranquilla
1294297378751921272,11.0238,-74.8435,Entire home/apt,Entire condo,36,64.16,Barranquilla
1576885601816081458,11.00404409900989,-74.82317107574612,Entire home/apt,Entire rental unit,10,71.88,Barranquilla
1365983373311658943,11.017,-74.8331,Entire home/apt,Entire rental unit,14,72.31,Barranquilla
1734795102386488558,11.0221,-74.8478,Entire home/apt,Entire rental unit,3,72.84,Barranquilla
1482115953814894043,11.0119,-74.8273,Entire home/apt,Entire rental unit,32,73.65,Barranquilla
1075597138569025892,10.9924,-74.8465,Entire home/apt,Entire rental unit,4,107.11,Barranquilla
645142142828890299,11.00519,-74.82688,Entire home/apt,Entire rental unit,2,100.53,Barranquilla
1345229799244133891,11.0244,-74.8434,Entire home/apt,Entire rental unit,46,71.53,Barranquilla
1728300388233524906,11.02268531009963,-74.8459677793706,Entire home/apt,Entire rental unit,4,75.78,Barranquilla
1326870003898438369,11.00459,-74.82136,Entire home/apt,Entire rental unit,13,77.72,Barranquilla
1610616267821700656,11.0043,-74.8199,Entire home/apt,Entire rental unit,8,73.71,Barranquilla
1074110661195726555,11.01392,-74.80501,Entire home/apt,Entire condo,1,99.46,Barranquilla
53061514,11.0169,-74.83166,Entire home/apt,Entire serviced apartment,4,107.34,Barranquilla
1576928648977242275,11.008922829818161,-74.79819947147308,Private room,Private room in guesthouse,1,93.67,Barranquilla
1364598669939902533,10.9953,-74.8037,Private room,Room in hotel,0,95.64,Barranquilla
1653096014494909573,11.0162,-74.8078,Private room,Private room in home,1,113.31,Barranquilla
1338036263208016771,10.994391158923753,-74.8145805230587,Entire home/apt,Entire rental unit,2,91.43,Barranquilla
1141465684308052039,11.00376,-74.82052,Entire home/apt,Entire serviced apartment,0,87.43,Barranquilla
1363162184640613077,11.009165556202538,-74.79863929141979,Private room,Private room in guesthouse,1,93.67,Barranquilla
49649771,10.99731,-74.79759,Private room,Room in hotel,4,109.24,Barranquilla
1285099057899647791,11.0181,-74.8035,Entire home/apt,Entire serviced apartment,5,92.01,Barranquilla
1719618221370136003,11.0146,-74.8119,Entire home/apt,Entire rental unit,0,93.38,Barranquilla
1302396254523491342,10.9942,-74.8455,Entire home/apt,Entire rental unit,10,95.64,Barranquilla
1458063699285331300,10.992,-74.8181,Entire home/apt,Entire rental unit,28,64.91,Barranquilla
1143775012558253522,11.023,-74.8457,Entire home/apt,Entire condo,58,97.46,Barranquilla
1214551188407223863,11.0122,-74.811,Entire home/apt,Entire rental unit,5,87.56,Barranquilla
1532733496123786241,11.0226,-74.8436,Entire home/apt,Entire rental unit,23,91.5,Barranquilla
1486620030097011482,11.0232,-74.8158,Entire home/apt,Entire rental unit,8,90.19,Barranquilla
1589089469906340692,11.02242,-74.84887,Entire home/apt,Entire rental unit,29,88.27,Barranquilla
53962867,11.01902,-74.86158,Entire home/apt,Entire serviced apartment,3,102.14,Barranquilla
1618933605401413632,11.003829,-74.82225,Hotel room,Room in hotel,0,88.8,Barranquilla
1609424755438013349,11.023025152878997,-74.84882117311741,Entire home/apt,Entire rental unit,11,89.38,Barranquilla
1618933605329091300,11.003829,-74.82225,Hotel room,Room in hotel,0,88.8,Barranquilla
1745099359255994927,10.9332,-74.7867,Entire home/apt,Entire rental unit,0,110.26,Barranquilla
1506449933108589912,10.9934,-74.79297,Entire home/apt,Entire rental unit,17,87.56,Barranquilla
1320231088725553775,10.92294,-74.86939,Private room,Room in hotel,2,88.1,Barranquilla
1587689097018731034,11.01104,-74.79886,Private room,Private room in guesthouse,1,93.67,Barranquilla
1349452384299770042,11.0186,-74.8392,Private room,Room in hotel,1,91.93,Barranquilla
1742099114462963743,10.9332,-74.7867,Entire home/apt,Entire rental unit,0,110.26,Barranquilla
1267546821696594769,10.994597843350684,-74.84310321848119,Entire home/apt,Entire rental unit,0,91.8,Barranquilla
1355172519790869893,10.999770870430668,-74.79039765748655,Entire home/apt,Entire rental unit,1,107.11,Barranquilla
1456030441815897134,10.9861,-74.7835,Entire home/apt,Entire rental unit,0,112.44,Barranquilla
601656040152588821,11.00664,-74.83503,Entire home/apt,Entire serviced apartment,49,87.45,Barranquilla
1209572516746998146,11.0122,-74.811,Entire home/apt,Entire rental unit,5,87.56,Barranquilla
1343520779958141549,10.9902,-74.8504,Entire home/apt,Entire rental unit,3,113.26,Barranquilla
1611782230489621956,11.024382914488557,-74.84603944930934,Entire home/apt,Entire rental unit,0,91.22,Barranquilla
1104478985419042194,11.004716742938339,-74.8342350745657,Entire home/apt,Entire rental unit,30,94.81,Barranquilla
40889682,11.01467,-74.83854,Entire home/apt,Entire serviced apartment,169,64.39,Barranquilla
22996738,11.00474,-74.79717,Private room,Private room in home,5,95.64,Barranquilla
53952818,10.97697,-74.79387,Entire home/apt,Entire home,3,89.51,Barranquilla
973097587776458691,11.0142,-74.813,Entire home/apt,Entire rental unit,127,49.2,Barranquilla
928965055076855754,10.98748,-74.7941,Private room,Room in hotel,1,92.56,Barranquilla
612281462227645955,10.997,-74.8441,Entire home/apt,Entire serviced apartment,5,92.49,Barranquilla
1735922611321800798,11.0044,-74.8253,Entire home/apt,Entire rental unit,0,54.13,Barranquilla
1024588186252505739,11.001264142519082,-74.82772412793149,Entire home/apt,Entire rental unit,6,51.93,Barranquilla
858726137366146069,11.00187,-74.78764,Entire home/apt,Entire rental unit,15,91.8,Barranquilla
1074782658931266930,11.01401,-74.80482,Entire home/apt,Entire rental unit,85,54.8,Barranquilla
1518554787140128858,11.0012,-74.8052,Entire home/apt,Entire rental unit,0,107.36,Barranquilla
1087226151842536666,11.00983882275828,-74.7962468391735,Entire home/apt,Entire rental unit,15,49.73,Barranquilla
1098390442910218617,10.9885,-74.8523,Entire home/apt,Entire rental unit,0,96.17,Barranquilla
925281014897225361,11.0135,-74.8205,Entire home/apt,Entire rental unit,32,95.09,Barranquilla
1411925297456379375,11.0014,-74.7919,Entire home/apt,Entire rental unit,25,50.75,Barranquilla
1353035024626728167,11.009714160814708,-74.829750546844,Entire home/apt,Entire rental unit,4,91.41,Barranquilla
1670468075654851709,10.9943,-74.8146,Entire home/apt,Entire rental unit,2,90.21,Barranquilla
1506725848635880679,11.003,-74.8148,Entire home/apt,Entire rental unit,15,49.88,Barranquilla
1128313474487263048,10.99108,-74.84694,Entire home/apt,Entire rental unit,1,95.64,Barranquilla
1284249110953627705,11.021295416711652,-74.84772584840597,Entire home/apt,Entire rental unit,40,90.7,Barranquilla
705295317607140725,10.9934,-74.8454,Entire home/apt,Entire condo,15,92.57,Barranquilla
1283498512027906173,11.0235,-74.8438,Entire home/apt,Entire rental unit,1,95.64,Barranquilla
1076346791703158555,11.0234,-74.8159,Entire home/apt,Entire condo,0,109.8,Barranquilla
957323974812899495,10.97948,-74.78548,Private room,Room in hotel,0,95.64,Barranquilla
53749440,11.00433,-74.82016,Entire home/apt,Entire serviced apartment,14,50.0,Barranquilla
1075017197250793567,11.003611209464125,-74.81317634051001,Entire home/apt,Entire rental unit,0,120.77,Barranquilla
1208847311333245215,11.0122,-74.811,Entire home/apt,Entire condo,2,87.56,Barranquilla
1394289037475923463,11.008202970086318,-74.8131886288657,Entire home/apt,Entire rental unit,2,89.68,Barranquilla
1358956555797269875,11.0152,-74.8164,Entire home/apt,Entire rental unit,7,87.46,Barranquilla
1476306388019364226,10.93594,-74.77959,Private room,Room in hotel,1,114.91,Barranquilla
894085096139843582,10.99666,-74.81721,Private room,Private room in rental unit,0,96.28,Barranquilla
1329780032548637902,10.9914992910222,-74.84747027831179,Entire home/apt,Entire rental unit,4,102.52,Barranquilla
1192815272743575763,11.0041,-74.8203,Entire home/apt,Entire rental unit,4,95.64,Barranquilla
1335699794362178524,11.014359337569937,-74.81894251694577,Entire home/apt,Entire rental unit,2,102.14,Barranquilla
32697033,11.02166,-74.86863,Entire home/apt,Entire serviced apartment,2,91.43,Barranquilla
796505290521782166,10.9914,-74.8112,Entire home/apt,Entire rental unit,9,106.57,Barranquilla
54326726,11.00686,-74.83884,Entire home/apt,Entire serviced apartment,46,107.18,Barranquilla
48419611,11.00503,-74.83083,Entire home/apt,Entire serviced apartment,43,120.01,Barranquilla
1361328848572072077,11.0093,-74.8383,Entire home/apt,Entire rental unit,2,103.28,Barranquilla
1614608795804028552,10.98492,-74.79148,Entire home/apt,Entire rental unit,6,110.93,Barranquilla
827530653450839645,11.01764,-74.82724,Private room,Private room in condo,10,99.75,Barranquilla
1502394722179546382,11.0157,-74.83006,Entire home/apt,Entire rental unit,22,100.39,Barranquilla
54358682,11.01588,-74.82286,Entire home/apt,Barn,25,97.96,Barranquilla
1433609244598866617,11.0014,-74.7919,Entire home/apt,Entire home,53,98.95,Barranquilla
1350083137150401356,11.018260440289987,-74.83823801964097,Private room,Room in hotel,1,106.48,Barranquilla
1316488936142326335,10.9924,-74.85,Entire home/apt,Entire rental unit,4,100.76,Barranquilla
1004725605213927402,11.0029,-74.8214,Entire home/apt,Entire condo,46,100.83,Barranquilla
859907191647936086,11.0028,-74.8206,Entire home/apt,Entire rental unit,39,101.37,Barranquilla
1286583913238253472,11.0234,-74.8436,Entire home/apt,Entire rental unit,13,112.46,Barranquilla
1256831158926492800,11.008529699236464,-74.80031897015475,Entire home/apt,Entire guest suite,52,54.38,Barranquilla
1584052568115274008,11.0035,-74.8254,Entire home/apt,Entire rental unit,13,100.8,Barranquilla
805798678471977934,11.0048,-74.8031,Private room,Private room in rental unit,10,105.1,Barranquilla
965032549272525185,11.01587,-74.83302,Entire home/apt,Entire rental unit,1,98.04,Barranquilla
1011654348226861576,10.9972,-74.81544,Entire home/apt,Entire rental unit,73,98.92,Barranquilla
1722840899945677977,11.0016,-74.8064,Entire home/apt,Entire rental unit,0,102.19,Barranquilla
1704694995587942330,11.0119,-74.8273,Entire home/apt,Entire rental unit,9,96.71,Barranquilla
1307843011436186807,11.0128,-74.8378,Entire home/apt,Entire loft,119,54.9,Barranquilla
27402204,11.02178,-74.81993,Entire home/apt,Entire condo,42,105.37,Barranquilla
1009443533026111455,11.0077,-74.8298,Private room,Private room in home,0,133.58,Barranquilla
1579382456807303526,11.0101,-74.8381,Entire home/apt,Entire condo,5,99.52,Barranquilla
1357284542325336450,11.0077,-74.8298,Private room,Private room in home,0,133.58,Barranquilla
1276841833438502214,10.972331306180154,-74.80504943282722,Entire home/apt,Entire rental unit,0,123.16,Barranquilla
1039163519933391818,11.01554,-74.82376,Entire home/apt,Entire rental unit,1,110.55,Barranquilla
1558175750639502959,10.959360593002877,-74.85931579809659,Entire home/apt,Entire rental unit,0,122.36,Barranquilla
1079682669582420539,10.9901,-74.7936,Private room,Room in hotel,1,92.56,Barranquilla
1603221405028112054,10.9875,-74.7918,Private room,Private room in condo,0,119.39,Barranquilla
1357235082226416209,11.0139,-74.8258,Entire home/apt,Entire rental unit,38,120.44,Barranquilla
1359510088428872334,11.007145705549483,-74.82590046109415,Entire home/apt,Entire rental unit,49,105.91,Barranquilla
1121067487898530290,10.9875,-74.7918,Private room,Private room in home,1,124.72,Barranquilla
1345851286669776216,11.0129,-74.8111,Entire home/apt,Entire rental unit,0,95.64,Barranquilla
1629761887680481224,11.0146,-74.8119,Entire home/apt,Entire rental unit,5,101.5,Barranquilla
1410897468132854723,10.943133956079755,-74.82723601260957,Shared room,Shared room in hotel,0,94.87,Barranquilla
1039183424389293838,11.0158,-74.8248,Entire home/apt,Entire rental unit,0,110.55,Barranquilla
1512542908061515443,11.0127,-74.7948,Entire home/apt,Entire rental unit,18,104.81,Barranquilla
1197156698642980918,10.9945,-74.8437,Entire home/apt,Entire rental unit,0,107.56,Barranquilla
1675141694905063184,11.01571,-74.8302,Entire home/apt,Entire rental unit,6,99.13,Barranquilla
924558456054875333,11.00631,-74.83631,Entire home/apt,Entire rental unit,5,101.76,Barranquilla
909637503286804746,11.02334,-74.86629,Entire home/apt,Entire rental unit,1,99.83,Barranquilla
1741054833851175769,11.0019,-74.8287,Private room,Private room in guesthouse,0,63.48,Barranquilla
53826276,11.022,-74.86711,Entire home/apt,Entire condo,2,108.28,Barranquilla
873936726871335738,11.0131,-74.8039,Entire home/apt,Entire rental unit,92,95.4,Barranquilla
578280889077229087,10.99026,-74.81009,Entire home/apt,Entire vacation home,8,100.99,Barranquilla
1739498114157403710,10.9938,-74.8477,Entire home/apt,Entire rental unit,0,70.77,Barranquilla
1567452037385366672,11.0221,-74.8478,Entire home/apt,Entire rental unit,31,75.49,Barranquilla
1055302787396621641,11.0158,-74.8248,Private room,Private room in rental unit,0,107.11,Barranquilla
1646484968164096465,11.0091,-74.8381,Entire home/apt,Entire rental unit,17,76.0,Barranquilla
1716333593025334672,11.0075,-74.8183,Entire home/apt,Entire rental unit,4,82.08,Barranquilla
53642450,11.02296,-74.81593,Entire home/apt,Entire condo,0,103.28,Barranquilla
1614866598627129660,11.02593063437204,-74.81593039834752,Entire home/apt,Entire rental unit,10,69.82,Barranquilla
1461748024204557229,11.0066,-74.8148,Entire home/apt,Entire rental unit,10,163.91,Barranquilla
1424150343542186677,11.0079,-74.7959,Entire home/apt,Entire rental unit,2,108.64,Barranquilla
53956978,11.02239,-74.8154,Entire home/apt,Entire serviced apartment,13,97.88,Barranquilla
1374848465779667889,11.005,-74.8032,Entire home/apt,Entire rental unit,31,69.0,Barranquilla
34843190,10.9958,-74.8262,Entire home/apt,Entire rental unit,35,79.62,Barranquilla
1357435088605605600,10.99409726200552,-74.79747517850465,Private room,Private room in rental unit,3,81.1,Barranquilla
1186516995176807672,11.0053,-74.8379,Entire home/apt,Entire rental unit,2,79.25,Barranquilla
1405379317584464209,10.99357,-74.84857,Entire home/apt,Entire rental unit,1,82.63,Barranquilla
1359633882674583216,11.005,-74.8261,Entire home/apt,Entire rental unit,3,86.45,Barranquilla
1203806544566474025,11.0197,-74.8252,Entire home/apt,Entire condo,1,84.16,Barranquilla
1264834353534406518,10.9954,-74.848,Entire home/apt,Entire rental unit,2,87.98,Barranquilla
1093523651953616030,10.9955,-74.8479,Entire home/apt,Entire rental unit,14,79.33,Barranquilla
1435828620681818173,11.017097921618207,-74.83698197726552,Entire home/apt,Entire rental unit,2,80.77,Barranquilla
1587825544653611523,11.015852425430092,-74.80565788861199,Entire home/apt,Entire rental unit,6,85.3,Barranquilla
1350207947842264410,11.013,-74.8037,Entire home/apt,Entire rental unit,13,81.86,Barranquilla
1612552590214345530,11.0232,-74.847,Entire home/apt,Entire rental unit,6,81.14,Barranquilla
1334393329201126285,11.00296644806096,-74.8243266997218,Entire home/apt,Entire rental unit,1,85.11,Barranquilla
1158136821940923360,11.0239,-74.8455,Entire home/apt,Entire condo,51,84.92,Barranquilla
1133435233394111655,10.999,-74.8283,Entire home/apt,Entire condo,14,82.25,Barranquilla
1577854313174023546,10.995214049481921,-74.84812613764916,Entire home/apt,Entire serviced apartment,15,83.31,Barranquilla
1498486404829096101,11.02110574303277,-74.84454629345746,Entire home/apt,Entire condo,2,82.63,Barranquilla
593631758439685633,11.00321,-74.82697,Entire home/apt,Entire loft,19,81.96,Barranquilla
1613381572755090866,11.0035,-74.8254,Entire home/apt,Entire rental unit,6,81.63,Barranquilla
1280484200353534975,11.0033,-74.8319,Entire home/apt,Entire rental unit,36,79.53,Barranquilla
1353739455592655035,10.9911,-74.8502,Entire home/apt,Entire serviced apartment,33,79.25,Barranquilla
1734808403527894740,11.005,-74.8032,Entire home/apt,Entire rental unit,0,101.06,Barranquilla
44267433,10.99712,-74.79631,Private room,Room in hotel,49,100.3,Barranquilla
795316764305609104,10.98708,-74.78564,Private room,Private room in rental unit,12,79.25,Barranquilla
1739069468181188814,11.0035,-74.8254,Entire home/apt,Entire serviced apartment,0,79.8,Barranquilla
826028608484644417,11.00925,-74.82582,Private room,Room in hotel,10,83.79,Barranquilla
590632794989752073,11.01614,-74.81763,Entire home/apt,Entire serviced apartment,14,84.69,Barranquilla
1658331268326404972,11.00390980057459,-74.82966858798072,Entire home/apt,Entire rental unit,4,87.98,Barranquilla
1356845836754101439,10.9942,-74.8452,Entire home/apt,Entire rental unit,15,87.98,Barranquilla
1052192881936558353,11.023392478862679,-74.84661298038674,Entire home/apt,Entire rental unit,71,83.29,Barranquilla
1554614175717565838,11.01092,-74.80874,Entire home/apt,Entire condo,6,102.79,Barranquilla
1442729163265007239,11.0148,-74.8045,Entire home/apt,Entire rental unit,31,81.52,Barranquilla
915261565675458175,11.01771,-74.83923,Entire home/apt,Entire condo,8,81.38,Barranquilla
551396674828288062,11.00256,-74.82409,Entire home/apt,Entire loft,69,63.41,Barranquilla
47213583,11.00681,-74.81359,Entire home/apt,Entire loft,118,85.14,Barranquilla
550216105475918370,11.02316,-74.81612,Entire home/apt,Entire condo,151,81.83,Barranquilla
542714295772839948,11.02384,-74.81535,Entire home/apt,Entire serviced apartment,66,82.74,Barranquilla
42639153,11.00446,-74.82137,Entire home/apt,Entire rental unit,15,79.8,Barranquilla
872663909500279323,11.00455,-74.82428,Entire home/apt,Entire loft,9,84.31,Barranquilla
955869233304026885,11.012,-74.8273,Entire home/apt,Entire rental unit,46,84.6,Barranquilla
1616317278498825190,11.00057,-74.82858,Private room,Private room in guesthouse,1,79.16,Barranquilla
1652961438097272565,11.0094,-74.8382,Entire home/apt,Entire rental unit,17,79.26,Barranquilla
47386076,10.99839,-74.7983,Private room,Room in hotel,52,100.3,Barranquilla
1361896237270680846,10.998656688168571,-74.80723928626772,Private room,Private room in rental unit,0,84.16,Barranquilla
1473152146411789136,10.993810139874824,-74.84641808552595,Entire home/apt,Entire rental unit,5,81.89,Barranquilla
1532180067290942246,10.9941,-74.8423,Entire home/apt,Entire rental unit,18,92.18,Barranquilla
684194276208042252,11.01685,-74.80392,Entire home/apt,Entire rental unit,26,87.98,Barranquilla
1348772487361257543,11.015009669668432,-74.80737914144818,Entire home/apt,Entire serviced apartment,6,86.45,Barranquilla
1346418295691109830,10.9902,-74.8504,Entire home/apt,Entire rental unit,0,85.29,Barranquilla
1034374313308812247,10.9259,-74.8311,Entire home/apt,Entire rental unit,9,85.05,Barranquilla
1734065760208847880,10.9877,-74.8097,Entire home/apt,Entire rental unit,0,82.66,Barranquilla
41666594,10.99264,-74.79281,Shared room,Shared room in rental unit,0,81.48,Barranquilla
1621291596191617244,11.02313,-74.80331,Private room,Private room in loft,8,82.63,Barranquilla
1634268069668085101,11.00291,-74.82488,Entire home/apt,Entire rental unit,2,87.02,Barranquilla
1611265823948112971,10.99121,-74.81175,Entire home/apt,Entire rental unit,6,82.99,Barranquilla
1366037642880763852,10.9951,-74.8033,Private room,Room in hotel,0,87.98,Barranquilla
1525000294135559109,11.0253,-74.8429,Entire home/apt,Entire rental unit,29,87.22,Barranquilla
1077092169286641746,11.0014,-74.80361,Private room,Private room in rental unit,2,81.97,Barranquilla
684705387693294750,10.9959,-74.80468,Entire home/apt,Entire rental unit,0,83.63,Barranquilla
1405915408120076577,11.0224,-74.8474,Entire home/apt,Entire rental unit,1,85.54,Barranquilla
1453389062433788190,11.00303885053598,-74.82497523939573,Entire home/apt,Entire rental unit,1,83.19,Barranquilla
1680882015175306851,11.02364,-74.84282,Entire home/apt,Entire rental unit,0,87.98,Barranquilla
1399507557440482787,11.00401601531287,-74.82464495455467,Entire home/apt,Entire rental unit,2,83.39,Barranquilla
1355430372695551114,10.9758,-74.8127,Entire home/apt,Entire rental unit,0,79.25,Barranquilla
1087743479153318930,10.99917,-74.79712,Entire home/apt,Entire rental unit,2,84.94,Barranquilla
1036828380217912590,11.02313,-74.84808,Entire home/apt,Entire rental unit,2,84.15,Barranquilla
746225631154020402,10.99385,-74.84487,Entire home/apt,Entire serviced apartment,19,87.98,Barranquilla
1177439992320290597,10.9954,-74.848,Entire home/apt,Entire rental unit,8,87.98,Barranquilla
1355679814205668351,10.9758,-74.8133,Entire home/apt,Entire rental unit,0,79.25,Barranquilla
1658368847370014675,11.022622283827797,-74.80379663022084,Private room,Private room in loft,1,81.09,Barranquilla
1650787756887070988,11.0045,-74.8252,Entire home/apt,Entire rental unit,0,84.15,Barranquilla
1087530465386515305,11.02099,-74.84678,Entire home/apt,Entire rental unit,39,87.5,Barranquilla
1120418804983110943,10.99284618093849,-74.81076126370772,Entire home/apt,Entire rental unit,0,84.15,Barranquilla
1658175998730220466,11.00402,-74.82414,Entire home/apt,Entire rental unit,1,82.78,Barranquilla
1086757519834868165,10.96358,-74.78905,Private room,Private room in home,1,87.98,Barranquilla
1212403571767154855,11.0122,-74.811,Entire home/apt,Entire rental unit,1,80.01,Barranquilla
981039252700474150,11.0013,-74.7875,Entire home/apt,Entire rental unit,20,83.78,Barranquilla
1651729975097995079,11.003760320911715,-74.82615055119585,Entire home/apt,Entire rental unit,1,87.98,Barranquilla
823498861082614048,10.99322,-74.81776,Entire home/apt,Entire rental unit,14,92.66,Barranquilla
1344924449126845410,11.021980921715123,-74.84768594474805,Entire home/apt,Entire rental unit,11,79.45,Barranquilla
42354866,10.99976,-74.80532,Entire home/apt,Entire rental unit,13,83.36,Barranquilla
816123004885506264,11.0224,-74.8678,Entire home/apt,Entire rental unit,16,81.1,Barranquilla
1568407653258425504,11.00568,-74.83963,Entire home/apt,Entire rental unit,1,82.02,Barranquilla
974531014240841655,11.0386,-74.9016,Entire home/apt,Entire rental unit,1,95.89,Barranquilla
1305924150843510766,10.9927,-74.8474,Entire home/apt,Entire rental unit,0,105.58,Barranquilla
1077505110348253865,10.9971,-74.7998,Private room,Room in hotel,0,99.47,Barranquilla
1290717601174408889,11.019386167543502,-74.80527102020345,Entire home/apt,Entire rental unit,6,81.1,Barranquilla
1619972227772775576,11.021800472751034,-74.8466678643825,Entire home/apt,Entire rental unit,1,85.16,Barranquilla
813882955383538487,10.9951,-74.8065,Entire home/apt,Entire rental unit,1,83.63,Barranquilla
18460654,10.99716,-74.82062,Private room,Private room in serviced apartment,2,87.98,Barranquilla
1597831258600144188,10.976721390326478,-74.79945409330715,Entire home/apt,Entire home,0,81.25,Barranquilla
1361015499390929783,10.94302069158304,-74.78423298136819,Private room,Private room in rental unit,2,84.15,Barranquilla
1608270066030620319,11.013367545608322,-74.8048723151118,Entire home/apt,Entire rental unit,4,88.74,Barranquilla
42116891,11.00629,-74.80545,Entire home/apt,Entire rental unit,19,83.6,Barranquilla
1353793043687371449,10.9758,-74.8129,Entire home/apt,Entire rental unit,1,79.25,Barranquilla
1022453022296178695,11.0183,-74.8049,Entire home/apt,Entire rental unit,9,85.15,Barranquilla
1586633553388128073,11.01544,-74.80528,Entire home/apt,Entire rental unit,4,86.84,Barranquilla
1187921344071309723,10.99976,-74.83637,Entire home/apt,Entire rental unit,46,81.52,Barranquilla
841405780336997425,10.99505,-74.82109,Entire home/apt,Entire rental unit,6,87.98,Barranquilla
1446328860005821906,10.9864,-74.8122,Entire home/apt,Entire rental unit,17,69.62,Barranquilla
1589878447872342280,10.9917,-74.8156,Entire home/apt,Entire rental unit,1,82.05,Barranquilla
38873348,11.01062,-74.82237,Entire home/apt,Entire rental unit,14,85.69,Barranquilla
1698060766546483865,11.0054,-74.8379,Entire home/apt,Entire rental unit,0,80.03,Barranquilla
807272509559947026,11.0044,-74.8253,Entire home/apt,Entire loft,14,67.03,Barranquilla
1713102813548161770,11.0119,-74.8273,Entire home/apt,Entire rental unit,3,69.84,Barranquilla
1358201404509093341,10.992268891639755,-74.84628817136236,Entire home/apt,Entire rental unit,43,65.55,Barranquilla
589129454099628578,11.01312,-74.82623,Entire home/apt,Entire serviced apartment,105,66.94,Barranquilla
1215859490661079871,10.9927,-74.8474,Entire home/apt,Entire rental unit,6,84.54,Barranquilla
1714084981102382262,11.0129,-74.8134,Private room,Private room in rental unit,5,63.4,Barranquilla
1192738627837272640,11.00055,-74.83632,Entire home/apt,Entire condo,32,65.03,Barranquilla
1507670857172247227,11.02111,-74.84567,Entire home/apt,Entire rental unit,23,67.99,Barranquilla
1571992363001378892,10.992419560184512,-74.81859232809627,Entire home/apt,Entire rental unit,11,63.58,Barranquilla
1245544877643446137,11.00656642361018,-74.8288609531127,Entire home/apt,Entire rental unit,9,69.59,Barranquilla
1668213988219290461,11.00541,-74.82409,Entire home/apt,Entire rental unit,3,65.14,Barranquilla
1050249999104112519,10.9966,-74.8227,Entire home/apt,Entire rental unit,0,68.85,Barranquilla
723042570605398341,10.9995,-74.7931,Private room,Private room in casa particular,3,69.33,Barranquilla
589139148003778436,11.01315,-74.82626,Entire home/apt,Entire serviced apartment,181,70.77,Barranquilla
1486771942694834627,10.9879,-74.8119,Entire home/apt,Entire rental unit,108,34.78,Barranquilla
1373952531305885640,10.9954,-74.8142,Entire home/apt,Entire rental unit,13,69.07,Barranquilla
1332155533657496906,10.978978457711719,-74.83260225830911,Entire home/apt,Entire rental unit,1,64.67,Barranquilla
45471283,11.00215,-74.80523,Entire home/apt,Entire rental unit,19,67.0,Barranquilla
1606818720100684892,11.01116,-74.83406,Entire home/apt,Entire rental unit,8,80.59,Barranquilla
52601886,11.01341,-74.88829,Entire home/apt,Entire rental unit,0,100.66,Barranquilla
720377698505698936,11.0108,-74.82229,Entire home/apt,Entire serviced apartment,56,67.24,Barranquilla
1698745066759242567,11.0213,-74.8461,Entire home/apt,Entire rental unit,5,79.89,Barranquilla
1275014108579757243,10.991680255460063,-74.84723829324653,Entire home/apt,Entire rental unit,32,43.15,Barranquilla
1360111998615113507,10.981897296262229,-74.83133650507179,Entire home/apt,Entire serviced apartment,11,83.53,Barranquilla
17556548,11.0012,-74.813,Private room,Room in hotel,15,44.37,Barranquilla
818019776498719973,10.9947,-74.8101,Private room,Room in hotel,11,45.64,Barranquilla
1366593211517508134,11.0059,-74.7974,Private room,Private room in home,3,45.29,Barranquilla
32637150,10.9958,-74.80545,Entire home/apt,Entire rental unit,96,50.73,Barranquilla
1351678577796602585,11.007716751786031,-74.8275528220855,Entire home/apt,Entire loft,41,46.53,Barranquilla
1037106752869027172,11.00122,-74.82163,Entire home/apt,Entire home,16,40.87,Barranquilla
42644822,11.00265,-74.82146,Private room,Private room in guesthouse,35,44.69,Barranquilla
42449450,10.99591,-74.80366,Entire home/apt,Entire rental unit,61,47.95,Barranquilla
54164621,11.03039,-74.92017,Entire home/apt,Entire cabin,6,46.86,Barranquilla
53464390,11.0275,-74.86303,Entire home/apt,Entire condo,29,81.71,Barranquilla
1338083579918857513,10.9906,-74.7843,Private room,Private room in guesthouse,1,35.11,Barranquilla
42651661,11.0036,-74.8219,Private room,Private room in guesthouse,6,43.88,Barranquilla
1624820959803766779,10.98011,-74.7932,Entire home/apt,Entire rental unit,9,36.28,Barranquilla
1156430223211391828,11.0226,-74.8453,Entire home/apt,Entire rental unit,9,87.98,Barranquilla
1492529988819991618,10.9879,-74.8119,Entire home/apt,Entire rental unit,101,34.54,Barranquilla
12469745,10.9987,-74.83,Entire home/apt,Entire loft,165,37.7,Barranquilla
1287940377071962538,10.9863,-74.8093,Entire home/apt,Entire rental unit,84,35.2,Barranquilla
1249328225988330949,10.991670318648254,-74.80216608693425,Private room,Private room in rental unit,11,32.46,Barranquilla
1700820031430398482,11.0333,-74.831,Private room,Private room in home,1,32.56,Barranquilla
1624804985769319529,10.981415592994551,-74.79296122324175,Entire home/apt,Entire rental unit,6,36.28,Barranquilla
42379530,10.99713,-74.80692,Entire home/apt,Entire rental unit,0,80.79,Barranquilla
1314524683981948793,10.9938,-74.8104,Entire home/apt,Entire rental unit,5,65.65,Barranquilla
1228330878820251244,10.9339,-74.7845,Entire home/apt,Entire rental unit,7,87.6,Barranquilla
1594330611505498798,11.015381298313127,-74.81261610947877,Entire home/apt,Entire rental unit,3,86.92,Barranquilla
1351847021757671444,11.01886,-74.81491,Private room,Private room in rental unit,4,37.74,Barranquilla
1675437899409631249,10.99284323822696,-74.80207317778056,Private room,Room in hotel,0,50.2,Barranquilla
1385891708304315727,10.971,-74.7951,Entire home/apt,Entire rental unit,8,37.74,Barranquilla
1721098121290377427,10.9725,-74.8057,Entire home/apt,Entire rental unit,1,47.43,Barranquilla
1470259041431204143,10.9934,-74.8415,Entire home/apt,Entire rental unit,13,43.51,Barranquilla
36417638,10.99467,-74.79989,Entire home/apt,Entire guesthouse,206,44.49,Barranquilla
1618455690193301421,11.0231,-74.8038,Private room,Private room in rental unit,2,40.68,Barranquilla
1591779054508184480,11.0052,-74.7971,Private room,Private room in rental unit,1,44.75,Barranquilla
1677700919982027082,10.99306,-74.84467,Entire home/apt,Entire rental unit,0,50.44,Barranquilla
23974526,10.99104,-74.81874,Private room,Room in hotel,1,42.08,Barranquilla
1563276710436237890,11.00328,-74.82588,Entire home/apt,Entire rental unit,1,64.49,Barranquilla
1511259613107092565,10.9992,-74.78853,Entire home/apt,Entire rental unit,3,54.13,Barranquilla
1621399632832802944,10.99301,-74.8095,Entire home/apt,Entire rental unit,22,41.62,Barranquilla
1019434394207709124,11.01866,-74.80522,Private room,Private room in rental unit,12,36.23,Barranquilla
32891114,10.99409,-74.80574,Entire home/apt,Entire rental unit,143,50.08,Barranquilla
1102456807933752031,10.9934,-74.8092,Private room,Room in hotel,5,36.16,Barranquilla
1412627235121957576,10.948750174060564,-74.79376569452842,Entire home/apt,Entire rental unit,10,35.42,Barranquilla
636997473766282628,11.0011,-74.7948,Private room,Private room in home,21,38.3,Barranquilla
1394926409093247487,11.008041209363471,-74.82710258041791,Private room,Private room in condo,18,42.08,Barranquilla
766593975425547345,11.0184,-74.8181,Entire home/apt,Entire rental unit,7,81.86,Barranquilla
697625656286480363,10.9955,-74.8144,Private room,Private room in bed and breakfast,2,45.9,Barranquilla
773973698328994291,11.00009,-74.82619,Private room,Private room in guesthouse,7,36.34,Barranquilla
1366951734709019584,10.90692348226847,-74.80367538674196,Entire home/apt,Entire rental unit,5,37.59,Barranquilla
1360833171177105695,10.9913,-74.826,Entire home/apt,Entire serviced apartment,38,55.11,Barranquilla
1254425960983663860,11.0071,-74.8253,Entire home/apt,Entire rental unit,9,36.34,Barranquilla
955110553199850581,10.92449,-74.79362,Entire home/apt,Entire rental unit,42,33.97,Barranquilla
1445214641031417349,10.9162,-74.7829,Entire home/apt,Entire rental unit,34,37.33,Barranquilla
1656807579233318274,10.99633,-74.82372,Private room,Private room in rental unit,1,45.96,Barranquilla
905920076957590129,10.9997,-74.8267,Private room,Private room in guesthouse,20,43.68,Barranquilla
1055826336278490904,10.995416774154291,-74.83071784766696,Shared room,Shared room in guesthouse,1,38.25,Barranquilla
727455982446756469,10.9887,-74.7936,Private room,Room in hotel,8,35.11,Barranquilla
1547425895872617796,10.99190118021142,-74.84373946806376,Entire home/apt,Entire rental unit,24,39.29,Barranquilla
49517448,11.00469,-74.79689,Private room,Private room in guest suite,16,38.25,Barranquilla
1662495955760755944,10.9863,-74.8095,Entire home/apt,Entire rental unit,5,37.1,Barranquilla
1346409092777772112,10.9787,-74.8175,Entire home/apt,Entire home,8,32.45,Barranquilla
37080679,11.0046,-74.8302,Private room,Private room in home,1,32.05,Barranquilla
39676460,11.02277,-74.86781,Private room,Private room in home,10,39.86,Barranquilla
23527845,11.01051,-74.82874,Private room,Private room in home,8,39.79,Barranquilla
926522528565443372,10.959,-74.8946,Entire home/apt,Entire guesthouse,1,36.69,Barranquilla
587726313156966826,11.02303,-74.81118,Private room,Private room in casa particular,2,37.0,Barranquilla
1076140012773499555,10.9969,-74.7996,Private room,Room in hotel,0,48.08,Barranquilla
1049252770720207322,11.00675,-74.83725,Private room,Private room in rental unit,4,37.49,Barranquilla
1318411670531093527,11.019243183486877,-74.81634614215518,Private room,Private room in rental unit,3,37.74,Barranquilla
1656802175945171722,11.00703,-74.79364,Private room,Private room in condo,1,35.54,Barranquilla
1103127606266715839,11.0132,-74.8043,Entire home/apt,Entire rental unit,9,39.4,Barranquilla
1620389419540233846,10.98715,-74.80694,Private room,Private room in rental unit,2,38.41,Barranquilla
1541419229280902972,10.9989,-74.8151,Private room,Private room in serviced apartment,1,47.82,Barranquilla
1406116127468156424,10.98403385251913,-74.78172857274657,Private room,Room in hotel,2,33.97,Barranquilla
1055821341855592537,10.9965,-74.8305,Private room,Private room in guesthouse,0,38.25,Barranquilla
634976843677331108,10.9982,-74.8239,Private room,Private room,5,45.01,Barranquilla
1634377796283657651,10.9979,-74.8283,Entire home/apt,Tiny home,0,56.37,Barranquilla
36077547,11.0047,-74.8299,Private room,Private room in home,0,38.3,Barranquilla
1705478897770846146,10.9882,-74.82321,Private room,Private room in home,0,45.47,Barranquilla
1358318950921336877,11.0235,-74.8034,Private room,Private room in loft,3,46.67,Barranquilla
752119936464044895,10.99321,-74.81767,Entire home/apt,Entire loft,12,44.87,Barranquilla
23341906,10.9983,-74.8005,Entire home/apt,Entire serviced apartment,30,44.75,Barranquilla
1126192352841108749,10.99818,-74.80547,Private room,Room in hotel,6,42.06,Barranquilla
19693626,10.98569,-74.78291,Entire home/apt,Entire rental unit,0,33.6,Barranquilla
1074011730454056260,11.02053,-74.81215,Private room,Private room in home,3,38.25,Barranquilla
1364657767080684497,11.0059,-74.7974,Private room,Private room in home,3,45.29,Barranquilla
1719210172189825387,11.0169,-74.8033,Private room,Private room in rental unit,0,42.08,Barranquilla
831167555412251936,10.9997,-74.8267,Private room,Private room in guesthouse,13,36.34,Barranquilla
1237239815428023026,10.98826,-74.81487,Entire home/apt,Entire rental unit,1,50.2,Barranquilla
1488734922409450169,11.009228287015604,-74.83398375859485,Private room,Private room in rental unit,8,32.27,Barranquilla
1624837227009468108,10.981131137554879,-74.79185639097392,Entire home/apt,Entire rental unit,4,35.52,Barranquilla
1676933263666881361,11.0092,-74.83,Private room,Private room in home,0,44.38,Barranquilla
42535241,10.98904,-74.80954,Entire home/apt,Entire rental unit,4,45.9,Barranquilla
837047861749301764,10.99528,-74.82035,Private room,Private room in rental unit,0,45.9,Barranquilla
815976150554255175,10.96032,-74.84207,Entire home/apt,Entire rental unit,1,45.67,Barranquilla
1352816026448650324,10.961551256701389,-74.79186891696602,Private room,Private room in home,7,39.17,Barranquilla
13335555,10.99515,-74.8226,Private room,Private room in townhouse,2,34.43,Barranquilla
1568537208498356226,11.02159,-74.86887,Private room,Private room in home,0,45.9,Barranquilla
1227710694691315467,11.00607,-74.82946,Private room,Room in hotel,1,44.07,Barranquilla
32889784,10.99377,-74.80541,Entire home/apt,Entire rental unit,120,50.72,Barranquilla
1551517622450960590,11.00717,-74.83713,Private room,Private room in rental unit,0,45.14,Barranquilla
1450799778260277072,10.991533667737647,-74.79050152495083,Shared room,Shared room in guesthouse,0,55.99,Barranquilla
1391757711463526293,10.9881,-74.8023,Private room,Private room in guesthouse,0,45.9,Barranquilla
1619658031475321012,11.0016,-74.8293,Private room,Private room in guesthouse,0,45.96,Barranquilla
793411041655517949,11.0122,-74.8256,Private room,Private room in rental unit,0,40.98,Barranquilla
1245623301998143236,10.9959,-74.799,Private room,Private room in rental unit,2,42.08,Barranquilla
764248357138264672,11.0056,-74.8292,Private room,Private room in home,0,44.25,Barranquilla
811625971729361115,11.00816,-74.83476,Private room,Private room in rental unit,2,45.14,Barranquilla
1573037720378371230,10.92375,-74.80375,Entire home/apt,Entire rental unit,2,45.9,Barranquilla
1624850278528533524,10.979609028375437,-74.7913254601123,Entire home/apt,Entire rental unit,3,35.52,Barranquilla
760290373645596180,10.9886,-74.7929,Private room,Private room in vacation home,0,43.07,Barranquilla
894039976880844604,11.011,-74.8232,Private room,Private room in guesthouse,1,51.78,Barranquilla
32631709,10.99379,-74.80543,Entire home/apt,Entire rental unit,166,46.03,Barranquilla
43292414,11.00216,-74.79967,Entire home/apt,Entire serviced apartment,34,41.99,Barranquilla
1374837204911438290,10.9879,-74.8119,Entire home/apt,Entire rental unit,120,40.73,Barranquilla
1608759157884236687,10.9938,-74.8477,Private room,Private room in rental unit,0,45.9,Barranquilla
1657642127705964839,11.023792913466792,-74.80397552450724,Private room,Private room in loft,3,45.9,Barranquilla
1366047138520793721,11.006621432000658,-74.7982390785409,Private room,Private room in home,9,45.29,Barranquilla
53941928,10.99321,-74.84658,Entire home/apt,Entire condo,138,46.92,Barranquilla
1384890384681085907,11.0059,-74.7974,Private room,Private room in home,6,45.29,Barranquilla
1716356574820078715,11.0071,-74.8252,Entire home/apt,Entire rental unit,0,51.9,Barranquilla
1647051399940545622,11.02358,-74.84262,Entire home/apt,Entire rental unit,1,68.65,Barranquilla
1446209,11.0108,-74.8208,Private room,Private room in townhouse,180,44.37,Barranquilla
26306084,10.99504,-74.80478,Entire home/apt,Entire rental unit,82,50.79,Barranquilla
1383623077340852594,11.001,-74.8323,Private room,Private room in rental unit,0,44.11,Barranquilla
1338666664911763836,11.0195,-74.8116,Entire home/apt,Entire rental unit,19,43.61,Barranquilla
41255497,10.987,-74.7995,Entire home/apt,Entire rental unit,45,44.76,Barranquilla
1147785831294702391,10.995,-74.82064,Entire home/apt,Entire rental unit,0,44.81,Barranquilla
634975302898436677,10.99549,-74.82668,Private room,Private room,40,44.53,Barranquilla
24210748,11.01818,-74.80972,Private room,Private room in home,142,40.85,Barranquilla
1439452423418236880,10.91769,-74.7992,Entire home/apt,Entire home,0,41.31,Barranquilla
805287051415882714,11.0145,-74.8135,Entire home/apt,Entire rental unit,16,46.12,Barranquilla
1620350133626233837,11.02354,-74.80408,Entire home/apt,Entire rental unit,0,49.64,Barranquilla
1213148205047553498,11.00725,-74.82517,Entire home/apt,Entire rental unit,24,41.65,Barranquilla
919515760396669866,10.98444,-74.78416,Private room,Room in hotel,1,48.08,Barranquilla
1532656146585799006,11.0083,-74.8249,Entire home/apt,Entire rental unit,8,41.27,Barranquilla
1649339806920509877,11.02455,-74.80399,Entire home/apt,Entire rental unit,3,44.75,Barranquilla
39865363,10.96748,-74.82785,Private room,Private room in guesthouse,32,38.3,Barranquilla
26693321,10.99392,-74.80384,Entire home/apt,Entire rental unit,109,47.95,Barranquilla
1613419083933301994,10.97981,-74.79141,Entire home/apt,Entire rental unit,17,34.77,Barranquilla
32662079,10.99561,-74.80569,Entire home/apt,Entire rental unit,85,50.44,Barranquilla
40776488,10.99933,-74.8296,Entire home/apt,Entire loft,50,41.49,Barranquilla
1363106978501545681,10.9879,-74.8119,Entire home/apt,Entire rental unit,145,34.72,Barranquilla
1006748644311017673,10.9847,-74.8097,Entire home/apt,Entire rental unit,28,33.52,Barranquilla
1624640105296593424,10.980660130638753,-74.79156074724835,Entire home/apt,Entire rental unit,14,34.77,Barranquilla
1486704859758030511,10.9879,-74.8119,Entire home/apt,Entire rental unit,102,34.54,Barranquilla
993810669042661643,10.9961,-74.80576,Entire home/apt,Entire rental unit,7,50.73,Barranquilla
1459549335362287211,10.9863,-74.8095,Entire home/apt,Entire rental unit,45,36.34,Barranquilla
54004388,10.99794,-74.8232,Private room,Private room in condo,4,43.4,Barranquilla
1574239741094305217,11.0091,-74.838,Private room,Private room in rental unit,4,33.13,Barranquilla
53799056,10.98869,-74.81111,Private room,Private room in townhouse,36,33.4,Barranquilla
1601089889439161242,11.001748858368105,-74.79486564221588,Entire home/apt,Entire rental unit,14,35.7,Barranquilla
1071880288148840416,10.9971,-74.7998,Private room,Room in hotel,0,51.75,Barranquilla
24195955,11.02062,-74.81382,Private room,Private room in guest suite,5,47.43,Barranquilla
586955381629948093,11.02235,-74.81412,Private room,Private room in home,5,48.97,Barranquilla
1383313749700647211,11.001,-74.8323,Private room,Private room in rental unit,1,42.66,Barranquilla
1071877981427194734,10.9971,-74.7998,Private room,Room in hotel,0,51.75,Barranquilla
32639184,10.99508,-74.80504,Entire home/apt,Entire rental unit,54,45.96,Barranquilla
1610999687954753802,10.97815045626265,-74.78392735706036,Private room,Room in hotel,0,50.86,Barranquilla
1469899738917863282,10.998095091255824,-74.82306925205685,Private room,Private room in rental unit,36,35.14,Barranquilla
45658968,11.00943,-74.82921,Private room,Private room in home,5,35.96,Barranquilla
974679257435395830,11.00068,-74.79208,Private room,Private room in home,0,44.69,Barranquilla
929593941865871997,10.9851,-74.78404,Private room,Private room in rental unit,17,42.84,Barranquilla
1202974172122795146,11.0071,-74.8253,Entire home/apt,Entire rental unit,35,41.58,Barranquilla
1397932063019695053,10.999234470418697,-74.8270389899433,Private room,Private room in guesthouse,6,44.96,Barranquilla
1073365225474616761,10.9884,-74.8184,Private room,Private room in rental unit,9,45.9,Barranquilla
1152856873905552428,10.98261063489638,-74.83471901022912,Private room,Private room in bed and breakfast,2,45.9,Barranquilla
39918057,10.98457,-74.78377,Private room,Room in hotel,1,44.71,Barranquilla
1609446786852613092,10.99097,-74.82699,Private room,Private room in loft,1,47.84,Barranquilla
1610927953055548534,10.990390995164367,-74.8266057474271,Entire home/apt,Entire guesthouse,1,45.66,Barranquilla
1069580744026542291,11.0001,-74.8213,Private room,Private room in home,7,43.41,Barranquilla
850561484161138139,10.998,-74.8077,Entire home/apt,Entire loft,61,43.35,Barranquilla
973136827137407709,11.00793,-74.83757,Private room,Private room in rental unit,17,33.67,Barranquilla
1106494800568989574,11.0,-74.8009,Private room,Room in hotel,18,43.99,Barranquilla
984327331152350715,10.9198,-74.7809,Entire home/apt,Entire rental unit,14,45.9,Barranquilla
719040714050675276,10.9374,-74.7708,Entire home/apt,Entire rental unit,25,42.09,Barranquilla
1377496627030272010,10.9955,-74.8144,Private room,Room in hotel,0,55.48,Barranquilla
1614717498221976478,10.97738,-74.78394,Private room,Room in hotel,1,52.89,Barranquilla
1665293827132234581,11.0141,-74.813,Entire home/apt,Entire rental unit,4,43.14,Barranquilla
1416171755262068820,11.008625785386887,-74.82929290466187,Private room,Room in hotel,6,47.82,Barranquilla
1342820799379669823,10.981384175863768,-74.83485907557757,Private room,Private room in guesthouse,3,42.08,Barranquilla
32721677,10.99389,-74.80532,Entire home/apt,Entire rental unit,89,50.72,Barranquilla
1531970294157731034,11.0061,-74.7976,Private room,Private room in home,0,45.29,Barranquilla
1619662652393028669,11.0016,-74.8293,Private room,Private room in guesthouse,0,45.96,Barranquilla
1100195402077747535,10.93826,-74.78024,Private room,Room in hotel,0,42.84,Barranquilla
924129555074358384,10.9908,-74.804,Entire home/apt,Entire home,3,47.89,Barranquilla
1634192534465752477,10.99245228191602,-74.82533301999023,Entire home/apt,Entire rental unit,1,42.76,Barranquilla
42837819,11.00102,-74.79353,Shared room,Shared room in home,14,45.14,Barranquilla
1244128202430755370,11.0061,-74.8379,Private room,Private room in rental unit,2,100.22,Barranquilla
799888358229946957,11.0092,-74.8057,Private room,Private room in casa particular,5,38.0,Barranquilla
1032730231051054984,11.01832,-74.81329,Private room,Private room in rental unit,51,37.34,Barranquilla
648784045362768121,10.997,-74.8242,Private room,Private room,63,35.72,Barranquilla
1074882212929531142,10.9916,-74.7891,Entire home/apt,Entire rental unit,14,45.07,Barranquilla
1136404131474934793,10.9805,-74.7949,Private room,Room in hotel,0,45.9,Barranquilla
1366197198189687499,11.0059,-74.7974,Private room,Private room in home,0,45.29,Barranquilla
1454439223249320069,10.93168,-74.83088,Entire home/apt,Entire rental unit,4,44.6,Barranquilla
1343573227928312666,10.9831,-74.7952,Entire home/apt,Entire rental unit,2,97.37,Barranquilla
828459676297211401,11.0098,-74.799,Private room,Private room in guesthouse,2,97.18,Barranquilla
23204151,11.00387,-74.79514,Private room,Private room in home,49,32.78,Barranquilla
1071325717930084821,10.99485,-74.7964,Private room,Private room in loft,70,37.87,Barranquilla
624551697100261209,10.98455,-74.78381,Entire home/apt,Entire serviced apartment,0,96.35,Barranquilla
1067575571774962424,10.9861,-74.7848,Private room,Private room in serviced apartment,3,107.11,Barranquilla
1336400242962664098,10.9906,-74.7843,Private room,Private room in guesthouse,1,42.13,Barranquilla
1617035442112952844,10.94337,-74.82631,Private room,Room in hotel,0,110.61,Barranquilla
1694398924433285581,11.017280355618283,-74.83938366092859,Entire home/apt,Entire rental unit,0,134.21,Barranquilla
1190751217587589637,11.0102,-74.8252,Private room,Room in hotel,1,102.14,Barranquilla
1492793542251859918,10.99096,-74.84769,Entire home/apt,Entire rental unit,0,110.96,Barranquilla
902852186119237324,10.98972,-74.8469,Entire home/apt,Entire rental unit,1,95.64,Barranquilla
1233512984781662778,11.00531,-74.83081,Private room,Room in hotel,3,47.82,Barranquilla
668277696637625475,11.01247,-74.83473,Private room,Private room in rental unit,18,110.16,Barranquilla
1452210335607788169,10.9912,-74.7975,Private room,Private room in rental unit,0,43.69,Barranquilla
1010771225221847420,11.01961,-74.823,Entire home/apt,Entire rental unit,5,95.64,Barranquilla
1086761208468361215,10.9632,-74.78868,Private room,Private room in home,0,95.64,Barranquilla
1264826810805972862,10.994915555300821,-74.84862994019434,Entire home/apt,Entire rental unit,1,91.8,Barranquilla
969442104224563752,11.0161,-74.8077,Entire home/apt,Entire rental unit,34,71.53,Barranquilla
1523141876903151765,11.01289265883239,-74.80287130484388,Entire home/apt,Entire rental unit,0,94.1,Barranquilla
45002312,11.00475,-74.80851,Entire home/apt,Entire rental unit,18,88.98,Barranquilla
967652903202397081,10.99,-74.7911,Entire home/apt,Entire rental unit,1,93.67,Barranquilla
817668653614342102,10.9941,-74.8168,Entire home/apt,Entire rental unit,34,68.5,Barranquilla
1338768453399441608,10.9999,-74.7958,Private room,Private room in home,2,95.64,Barranquilla
1361137129526788945,10.993496075374816,-74.84505655366505,Entire home/apt,Entire rental unit,3,93.34,Barranquilla
1075457260691723825,11.0036,-74.8184,Entire home/apt,Entire serviced apartment,5,88.8,Barranquilla
635006152439294637,10.99504,-74.8178,Entire home/apt,Entire rental unit,30,68.18,Barranquilla
1640981463446807564,11.0225,-74.84473,Entire home/apt,Entire rental unit,17,66.94,Barranquilla
1685032938197064118,11.00427,-74.81902,Entire home/apt,Entire rental unit,8,63.14,Barranquilla
1314482679834179212,10.9938,-74.8104,Entire home/apt,Entire rental unit,10,64.07,Barranquilla
621101521741525754,10.99609,-74.81318,Entire home/apt,Entire serviced apartment,18,92.9,Barranquilla
1310251843201076051,10.99784422658433,-74.84512173100029,Entire home/apt,Entire rental unit,0,113.38,Barranquilla
51289584,11.00662,-74.82033,Entire home/apt,Entire condo,14,92.96,Barranquilla
1617646889247743357,11.00332,-74.79112,Private room,Private room in rental unit,4,40.49,Barranquilla
1609786644399214390,10.97994,-74.79287,Entire home/apt,Entire rental unit,0,44.68,Barranquilla
746274784946582769,11.0036,-74.8257,Private room,Private room in serviced apartment,124,66.39,Barranquilla
642590055960791921,10.991882052034185,-74.81776346319441,Entire home/apt,Entire rental unit,14,46.9,Barranquilla
1668219285207252503,11.00412,-74.82462,Entire home/apt,Entire rental unit,0,50.43,Barranquilla
52902683,10.99594,-74.82499,Entire home/apt,Entire loft,52,48.52,Barranquilla
48524832,11.00676,-74.81875,Entire home/apt,Entire condo,42,63.32,Barranquilla
1569092997235160165,10.99770737827236,-74.82114165670814,Entire home/apt,Entire rental unit,38,60.65,Barranquilla
1100835394853646856,11.0041,-74.7992,Entire home/apt,Entire rental unit,9,51.8,Barranquilla
40176273,11.0193,-74.8107,Entire home/apt,Entire rental unit,56,51.25,Barranquilla
42389739,11.0032,-74.80646,Entire home/apt,Entire rental unit,17,44.6,Barranquilla
1160265563504897384,11.0238,-74.8457,Entire home/apt,Entire rental unit,69,50.43,Barranquilla
1729240131247166909,10.991621341686521,-74.82697615444145,Entire home/apt,Entire rental unit,2,51.82,Barranquilla
561437213114798036,11.00599,-74.81056,Entire home/apt,Entire condo,31,50.8,Barranquilla
1597103768986146946,11.02076,-74.80471,Entire home/apt,Entire rental unit,14,52.15,Barranquilla
586354051039805336,10.9684,-74.7918,Entire home/apt,Casa particular,22,41.51,Barranquilla
1307324729721029623,11.014,-74.8054,Entire home/apt,Entire rental unit,5,107.52,Barranquilla
1708948440502049842,11.033046955133075,-74.86764263470167,Private room,Room in hotel,0,46.88,Barranquilla
1076994726430395056,10.9916,-74.8437,Entire home/apt,Entire rental unit,3,51.26,Barranquilla
721176086856839221,10.99726,-74.82846,Private room,Private room in home,0,95.64,Barranquilla
1273423229118852454,10.9955,-74.8479,Entire home/apt,Entire rental unit,6,94.1,Barranquilla
1520692325588071980,10.986548087509577,-74.80216290375377,Private room,Private room in condo,0,62.14,Barranquilla
1610463242794485003,10.9613,-74.7933,Private room,Private room in rental unit,0,48.26,Barranquilla
1312352340928787901,11.0127,-74.8098,Private room,Private room in home,0,62.87,Barranquilla
1614658579232145795,11.01189,-74.83401,Entire home/apt,Entire rental unit,0,67.15,Barranquilla
1351732865258048392,10.93498,-74.77881,Private room,Private room in home,0,52.79,Barranquilla
1290610713464199287,10.992722004260012,-74.82363238969369,Private room,Private room in bed and breakfast,0,49.73,Barranquilla
934298499589831458,10.99205,-74.80286,Entire home/apt,Entire home,0,50.88,Barranquilla
930477409837187399,10.99,-74.8437,Entire home/apt,Entire condo,1,49.73,Barranquilla
859704748557411276,10.98947,-74.81118,Entire home/apt,Entire rental unit,21,52.69,Barranquilla
1071094066071812185,10.9971,-74.8,Private room,Room in hotel,0,48.08,Barranquilla
1500921284026323445,10.995030456817027,-74.84710921014192,Entire home/apt,Entire rental unit,2,51.54,Barranquilla
1605567398740774678,10.9854,-74.7897,Private room,Private room in rental unit,2,61.14,Barranquilla
36803669,10.98526,-74.78421,Hotel room,Room in hotel,3,52.86,Barranquilla
1173204483386757426,11.03244,-74.87377,Entire home/apt,Entire rental unit,1,63.33,Barranquilla
35488549,11.00481,-74.80661,Private room,Room in hotel,6,50.41,Barranquilla
1677578897941272043,10.95811074077687,-74.79539249689262,Entire home/apt,Entire rental unit,0,55.46,Barranquilla
935515447342192151,11.0013,-74.8201,Private room,Room in hotel,0,52.98,Barranquilla
1159321803186027012,10.9943,-74.8469,Entire home/apt,Entire rental unit,2,51.26,Barranquilla
1399335482160721131,10.99369,-74.84601,Entire home/apt,Entire rental unit,2,53.17,Barranquilla
825388464422917719,11.01762,-74.80417,Entire home/apt,Entire rental unit,43,73.52,Barranquilla
821883784973959230,11.0164,-74.83703,Entire home/apt,Entire rental unit,6,118.2,Barranquilla
1541081638576369855,11.0225,-74.8468,Entire home/apt,Entire rental unit,3,74.0,Barranquilla
1617788881685442030,11.0016,-74.8293,Private room,Private room in guesthouse,1,48.57,Barranquilla
1264436084093542719,11.0079,-74.8373,Entire home/apt,Entire rental unit,5,122.41,Barranquilla
1617797744077827409,11.0016,-74.8293,Private room,Private room in guesthouse,1,50.71,Barranquilla
1347802622304517468,11.0238,-74.8435,Entire home/apt,Entire rental unit,5,120.12,Barranquilla
793316412737785255,10.9926,-74.7887,Entire home/apt,Entire rental unit,6,80.38,Barranquilla
1632215703203062101,11.024603627949949,-74.80226120376753,Private room,Private room in loft,2,49.73,Barranquilla
797321683646029135,10.9919,-74.8053,Entire home/apt,Entire rental unit,3,114.76,Barranquilla
23171446,11.00992,-74.82341,Private room,Private room in home,16,114.76,Barranquilla
1077095105024408442,11.00211,-74.80261,Private room,Private room in rental unit,0,119.96,Barranquilla
1120448927771738801,10.9916,-74.8169,Private room,Private room in rental unit,0,116.67,Barranquilla
1042824639399039591,11.01637,-74.82579,Entire home/apt,Entire rental unit,0,114.76,Barranquilla
1618822135813507315,10.98829,-74.80319,Private room,Private room in rental unit,1,114.76,Barranquilla
1112272596051918380,10.9908,-74.8117,Entire home/apt,Entire rental unit,11,113.99,Barranquilla
1312291584404774144,11.0127,-74.8098,Private room,Private room in home,0,62.87,Barranquilla
996340256419975322,11.0043,-74.8143,Entire home/apt,Entire rental unit,28,118.52,Barranquilla
1342785737565105579,10.993513002684066,-74.8484601481549,Entire home/apt,Entire rental unit,3,119.73,Barranquilla
1019895214725851252,10.97722,-74.81603,Entire home/apt,Entire home,1,147.95,Barranquilla
1304461464868835581,11.001062433703712,-74.81947896254559,Entire home/apt,Entire rental unit,0,140.54,Barranquilla
1615508680971471134,10.9945,-74.8174,Private room,Private room in rental unit,0,123.72,Barranquilla
1179678845957138221,10.99087,-74.8129,Entire home/apt,Entire rental unit,0,136.4,Barranquilla
1075955470154425691,11.0009,-74.8349,Entire home/apt,Entire rental unit,1,121.29,Barranquilla
1087191864567036500,11.018,-74.804,Entire home/apt,Entire rental unit,3,118.59,Barranquilla
809958231105458090,11.00303,-74.82448,Entire home/apt,Entire rental unit,16,76.3,Barranquilla
1679230802786964544,11.016518652841876,-74.81344069568634,Entire home/apt,Entire rental unit,4,77.67,Barranquilla
1600254463803818117,11.005,-74.8032,Entire home/apt,Entire rental unit,4,72.8,Barranquilla
51663783,11.0016,-74.8353,Entire home/apt,Entire rental unit,5,113.63,Barranquilla
1360276489173423644,11.0046,-74.8198,Entire home/apt,Entire rental unit,81,72.22,Barranquilla
39623397,11.00657,-74.83856,Entire home/apt,Entire rental unit,152,78.42,Barranquilla
1734854922716571596,11.0094,-74.8382,Entire home/apt,Entire rental unit,0,73.41,Barranquilla
1453297103347633419,11.00877,-74.83869,Entire home/apt,Entire rental unit,26,75.77,Barranquilla
1061679529501060411,10.9906,-74.8463,Entire home/apt,Entire rental unit,0,114.76,Barranquilla
1298549888216932059,11.002427474971004,-74.81821263878551,Entire home/apt,Entire rental unit,0,140.72,Barranquilla
1073179854834539155,10.99049,-74.7955,Private room,Private room in home,0,112.4,Barranquilla
1388804488690502429,11.0009,-74.8197,Entire home/apt,Entire rental unit,50,72.08,Barranquilla
1482160131825763157,10.9974,-74.8039,Entire home/apt,Entire rental unit,3,72.68,Barranquilla
1604395246520456823,11.024203150902336,-74.842183924272,Entire home/apt,Entire rental unit,8,76.5,Barranquilla
1708983342043190632,11.0214,-74.8462,Entire home/apt,Entire condo,1,104.46,Barranquilla
1305387257241188099,11.004243225658934,-74.82945069578662,Entire home/apt,Entire rental unit,7,75.74,Barranquilla
1428315399431897241,11.014608074514342,-74.81215565702678,Entire home/apt,Entire rental unit,8,63.98,Barranquilla
711567762615443505,11.0208,-74.8206,Entire home/apt,Entire rental unit,17,82.57,Barranquilla
1442858756218870113,11.0142,-74.813,Entire home/apt,Entire rental unit,34,74.6,Barranquilla
21319403,11.00075,-74.79224,Entire home/apt,Entire guest suite,5,122.2,Barranquilla
1651684607554168533,11.0048,-74.8032,Entire home/apt,Entire rental unit,5,78.85,Barranquilla
1620543194444591866,11.001585680937332,-74.83100305358685,Entire home/apt,Entire rental unit,0,94.32,Barranquilla
946430095777755675,11.02361,-74.84811,Entire home/apt,Entire rental unit,36,74.97,Barranquilla
1153244911844206918,11.02137,-74.84787,Entire home/apt,Entire rental unit,37,76.27,Barranquilla
1087755984630915228,10.9914,-74.8112,Private room,Private room in rental unit,0,76.51,Barranquilla
1605139823482167286,10.99415,-74.84865,Entire home/apt,Entire rental unit,0,114.76,Barranquilla
1353963518954648385,10.995406014879755,-74.84350114032566,Entire home/apt,Entire rental unit,3,76.12,Barranquilla
1669807918014729093,10.99788,-74.80178,Private room,Room in hotel,0,92.57,Barranquilla
1487144050569457976,10.99176,-74.84685,Entire home/apt,Entire rental unit,11,73.52,Barranquilla
752249339758427225,11.0043,-74.826,Entire home/apt,Entire rental unit,134,74.07,Barranquilla
1042822163369258640,11.0158,-74.8248,Entire home/apt,Entire rental unit,1,118.59,Barranquilla
1742905771227975214,11.0201,-74.8168,Entire home/apt,Entire rental unit,0,96.53,Barranquilla
1248063144254486906,11.00325,-74.82019,Entire home/apt,Entire rental unit,1,78.8,Barranquilla
1350294241485044968,10.997495287063927,-74.84487581630695,Private room,Private room in condo,1,77.65,Barranquilla
705119101602044602,11.0036,-74.8253,Entire home/apt,Entire vacation home,27,73.26,Barranquilla
1366983344875249368,10.99293,-74.8458,Entire home/apt,Entire rental unit,1,76.51,Barranquilla
48343940,11.00975,-74.82436,Entire home/apt,Entire rental unit,1,114.76,Barranquilla
1224007323015248745,11.0005,-74.8006,Entire home/apt,Entire rental unit,0,74.21,Barranquilla
1183595950545552483,10.99706,-74.8428,Entire home/apt,Entire rental unit,3,72.72,Barranquilla
654925689917500879,10.9941,-74.8167,Entire home/apt,Entire rental unit,9,82.41,Barranquilla
1661149900523885794,10.9858,-74.7954,Entire home/apt,Entire serviced apartment,0,73.41,Barranquilla
958737242434614353,10.97903,-74.78485,Private room,Room in hotel,1,92.47,Barranquilla
1395609637740347138,11.0019,-74.8163,Entire home/apt,Entire rental unit,0,88.79,Barranquilla
729977934811281321,11.008,-74.8358,Entire home/apt,Entire rental unit,4,75.36,Barranquilla
1085783210289799943,11.03275,-74.87013,Private room,Private room in home,2,76.1,Barranquilla
1616907988358659751,10.994,-74.7838,Entire home/apt,Entire rental unit,0,76.51,Barranquilla
965959935643239071,11.00421,-74.82586,Entire home/apt,Entire rental unit,72,74.07,Barranquilla
935532899575824486,11.0013,-74.8201,Private room,Room in hotel,0,74.19,Barranquilla
1307337711649112063,11.0094,-74.8382,Entire home/apt,Entire rental unit,0,96.16,Barranquilla
1330611048644042963,10.9993,-74.8354,Entire home/apt,Entire rental unit,17,75.97,Barranquilla
1463070010416604829,10.98797,-74.81029,Entire home/apt,Entire rental unit,1,74.72,Barranquilla
589362953262878029,11.0128,-74.81073,Entire home/apt,Entire vacation home,3,75.74,Barranquilla
1381233395863137144,11.0134,-74.8249,Private room,Private room in rental unit,3,78.04,Barranquilla
981845704417861676,10.98828,-74.84932,Entire home/apt,Entire serviced apartment,48,80.98,Barranquilla
1346376556289128410,11.005165263563674,-74.83842144325179,Private room,Private room in rental unit,0,72.68,Barranquilla
1617727604169202138,10.9943,-74.842,Entire home/apt,Entire rental unit,0,77.38,Barranquilla
1066195807868005005,10.9178,-74.7719,Entire home/apt,Entire rental unit,3,75.48,Barranquilla
1477018942899446535,10.996,-74.8485,Entire home/apt,Entire rental unit,0,89.48,Barranquilla
1059482747145336290,10.97773,-74.79306,Entire home/apt,Entire home,4,78.8,Barranquilla
1470613565177962623,10.958753845326257,-74.85527345141728,Entire home/apt,Entire rental unit,0,92.19,Barranquilla
869488139141797961,11.0087,-74.8372,Entire home/apt,Entire condo,6,75.94,Barranquilla
1310511903589739006,10.9865,-74.8086,Private room,Private room in home,0,76.51,Barranquilla
1390907093410062050,11.02219,-74.84847,Entire home/apt,Entire rental unit,0,92.47,Barranquilla
1540881430786430381,10.98063,-74.79278,Private room,Private room in home,5,76.84,Barranquilla
815166728356003099,11.013,-74.8342,Private room,Private room in rental unit,0,79.7,Barranquilla
1364758652313805586,10.992298820463038,-74.84934898012837,Entire home/apt,Entire rental unit,0,94.54,Barranquilla
1090797348390674467,11.0059,-74.8237,Private room,Private room in condo,3,78.8,Barranquilla
42247422,11.01169,-74.82372,Entire home/apt,Entire condo,15,72.68,Barranquilla
1125306427266329278,11.017,-74.8018,Private room,Private room in rental unit,2,49.65,Barranquilla
54105923,10.95162,-74.79375,Entire home/apt,Entire serviced apartment,33,53.12,Barranquilla
1634867678215606268,10.99621,-74.83046,Private room,Private room in rental unit,0,49.73,Barranquilla
1349527664063525534,10.9354,-74.7776,Entire home/apt,Entire rental unit,10,50.37,Barranquilla
1399645944297845931,10.9993,-74.8355,Entire home/apt,Entire rental unit,0,93.36,Barranquilla
695736540609015195,10.9997,-74.8267,Private room,Private room in hostel,55,64.24,Barranquilla
1632203449604458364,10.92763,-74.80802,Entire home/apt,Entire serviced apartment,4,49.83,Barranquilla
1213967637721416920,11.0044,-74.803,Private room,Private room in rental unit,5,52.79,Barranquilla
1237224640801458046,10.94302,-74.82608,Entire home/apt,Entire rental unit,9,53.56,Barranquilla
912425763379547371,10.99832,-74.80457,Entire home/apt,Entire rental unit,3,52.6,Barranquilla
1299309309510690959,10.996312776533792,-74.82341877180643,Private room,Private room in rental unit,2,52.67,Barranquilla
1633627114375715306,10.99596,-74.82498,Entire home/apt,Entire rental unit,0,50.98,Barranquilla
48054243,11.01173,-74.81267,Entire home/apt,Entire rental unit,2,54.65,Barranquilla
1253103097265259392,11.010556513443237,-74.79561502468331,Entire home/apt,Entire rental unit,2,49.06,Barranquilla
747121300361082421,11.0067,-74.829,Entire home/apt,Entire condo,3,120.88,Barranquilla
1082989097171639473,11.022,-74.8474,Entire home/apt,Entire rental unit,33,53.94,Barranquilla
1194238615355846053,10.99144,-74.85104,Entire home/apt,Entire rental unit,54,50.2,Barranquilla
827752825062217645,10.99363,-74.80956,Private room,Room in hotel,12,49.79,Barranquilla
1463281247555665284,10.9891,-74.8115,Entire home/apt,Entire rental unit,0,74.72,Barranquilla
38845898,10.99912,-74.81318,Private room,Private room in home,34,49.73,Barranquilla
1092772246148144917,10.9972,-74.82221,Entire home/apt,Entire rental unit,1,72.68,Barranquilla
1470447163371584532,10.990791560307702,-74.82165351990817,Entire home/apt,Entire rental unit,24,50.88,Barranquilla
1084743430208900717,11.02273,-74.84817,Entire home/apt,Entire rental unit,0,76.51,Barranquilla
898666276055946624,10.9956,-74.8052,Private room,Room in hotel,1,72.87,Barranquilla
1416123876691703467,11.010033440146456,-74.82871181195378,Private room,Room in hotel,1,51.64,Barranquilla
24057510,10.992,-74.81725,Private room,Room in hotel,2,49.73,Barranquilla
1606794352247693047,10.921,-74.7984,Entire home/apt,Entire rental unit,1,50.69,Barranquilla
1121750360524919212,11.0214,-74.8175,Entire home/apt,Entire rental unit,0,96.16,Barranquilla
1610834276901987900,11.0231,-74.8471,Entire home/apt,Entire rental unit,0,75.15,Barranquilla
1360357822022972973,10.914710389757941,-74.79769406428814,Private room,Private room in home,1,78.04,Barranquilla
1358116199132517658,10.8835,-74.8096,Entire home/apt,Entire home,0,92.47,Barranquilla
773791374137179151,10.99516,-74.84741,Entire home/apt,Entire serviced apartment,88,50.88,Barranquilla
1329023282678343128,10.99386395760391,-74.84463653226919,Entire home/apt,Entire rental unit,2,72.68,Barranquilla
829752044513427122,10.9783,-74.80125,Private room,Private room in home,0,72.68,Barranquilla
39089613,10.99503,-74.82191,Entire home/apt,Entire rental unit,32,54.05,Barranquilla
1548387838110735116,11.0048,-74.8032,Entire home/apt,Entire rental unit,12,55.66,Barranquilla
1087585810394459083,10.9934,-74.8454,Entire home/apt,Entire rental unit,0,60.19,Barranquilla
1245635807038042406,10.9959,-74.799,Private room,Private room in rental unit,2,51.64,Barranquilla
1606805256476560295,11.0233,-74.8442,Entire home/apt,Entire rental unit,2,72.45,Barranquilla
1731893377576235195,11.0271,-74.8635,Entire home/apt,Entire rental unit,0,59.88,Barranquilla
987750433542345262,10.9833,-74.7966,Entire home/apt,Entire rental unit,0,55.46,Barranquilla
41590351,10.99542,-74.82152,Entire home/apt,Entire rental unit,7,53.17,Barranquilla
47444099,11.0049,-74.83914,Private room,Private room in condo,39,55.24,Barranquilla
32639844,10.99517,-74.80337,Entire home/apt,Entire rental unit,79,52.79,Barranquilla
845742978578113551,10.99413,-74.80839,Private room,Room in hotel,6,51.68,Barranquilla
1153724845336429475,11.01216,-74.82365,Entire home/apt,Entire rental unit,0,76.51,Barranquilla
757342623438777867,10.9852,-74.7842,Private room,Room in boutique hotel,4,51.71,Barranquilla
1702200320548918103,10.9879,-74.8119,Entire home/apt,Entire rental unit,11,51.47,Barranquilla
1136328241639147742,11.0071,-74.8381,Entire home/apt,Entire rental unit,37,51.52,Barranquilla
1306775484360138609,10.996119707401192,-74.82334330762666,Entire home/apt,Entire serviced apartment,2,54.26,Barranquilla
1620631548850499105,11.0221,-74.8478,Entire home/apt,Entire rental unit,2,54.47,Barranquilla
1405202661593776970,11.022,-74.8474,Entire home/apt,Entire rental unit,0,125.08,Barranquilla
1350930961990543298,10.998244193712504,-74.83503721821096,Entire home/apt,Entire rental unit,27,54.7,Barranquilla
1450033751933003285,10.9921,-74.8473,Entire home/apt,Entire rental unit,15,50.03,Barranquilla
1100906220317587912,11.00386,-74.819,Entire home/apt,Entire rental unit,14,54.2,Barranquilla
49879342,11.00992,-74.82607,Entire home/apt,Entire rental unit,28,53.22,Barranquilla
1329280709430301944,10.99237954251466,-74.848137911478,Entire home/apt,Entire rental unit,11,52.76,Barranquilla
1101676758754455338,10.9914,-74.8112,Private room,Private room in rental unit,3,49.82,Barranquilla
1563384174329928014,10.992,-74.8181,Entire home/apt,Entire rental unit,22,49.73,Barranquilla
1084713599930087402,11.00852,-74.83761,Private room,Private room in rental unit,7,55.86,Barranquilla
1613235820121028479,11.00795,-74.81696,Private room,Room in hotel,1,52.88,Barranquilla
846200398779457182,11.0235,-74.8073,Entire home/apt,Entire rental unit,6,51.52,Barranquilla
733924338589378841,10.9108,-74.7976,Private room,Private room in bed and breakfast,1,52.17,Barranquilla
1659023242355553119,10.98091,-74.80876,Entire home/apt,Entire rental unit,2,52.79,Barranquilla
1600373773786242051,11.0246,-74.8036,Private room,Private room in rental unit,0,54.88,Barranquilla
1617806198552411762,11.0016,-74.8293,Private room,Private room in guesthouse,1,51.02,Barranquilla
856381957239328127,10.99486,-74.84596,Entire home/apt,Entire rental unit,31,51.26,Barranquilla
1159332269554235365,10.9943,-74.8469,Entire home/apt,Entire rental unit,16,50.88,Barranquilla
1608376533987262314,11.0043,-74.8199,Entire home/apt,Entire rental unit,0,51.2,Barranquilla
814626986119867608,10.9929,-74.8477,Entire home/apt,Entire rental unit,12,55.85,Barranquilla
886975423749144218,11.0013,-74.8201,Private room,Room in hotel,0,52.98,Barranquilla
1611894448993220552,11.01305,-74.82588,Private room,Private room in rental unit,5,51.61,Barranquilla
1363942895584710006,10.96,-74.8574,Private room,Private room in rental unit,4,52.02,Barranquilla
1563119818304991132,11.00506,-74.82476,Entire home/apt,Entire rental unit,2,55.46,Barranquilla
545498182870101030,11.00724,-74.84307,Private room,Private room in condo,30,53.74,Barranquilla
696445330695195532,11.00079,-74.82711,Private room,Private room in hostel,44,60.57,Barranquilla
1242196369721221973,10.985828924341908,-74.79076362418755,Private room,Private room in rental unit,0,59.92,Barranquilla
1626310597037113238,11.007,-74.8166,Private room,Room in hotel,0,52.41,Barranquilla
1592807069790575631,10.9927,-74.8474,Entire home/apt,Entire rental unit,2,54.72,Barranquilla
924642140471981566,11.0182,-74.8043,Private room,Private room in guesthouse,3,52.02,Barranquilla
818821090408787949,10.9991,-74.8174,Private room,Room in hotel,4,53.94,Barranquilla
642630906346221862,11.00788,-74.79698,Entire home/apt,Entire rental unit,6,50.49,Barranquilla
867245681489271972,10.9965,-74.8146,Entire home/apt,Entire rental unit,20,55.12,Barranquilla
568869380050938144,11.02247,-74.80661,Private room,Room in hotel,0,53.17,Barranquilla
568850974294770347,11.02264,-74.80507,Private room,Room in hotel,2,53.17,Barranquilla
1716272773378717798,11.0071,-74.8252,Entire home/apt,Entire rental unit,0,53.55,Barranquilla
1613242655764774672,11.0061627629956,-74.81619087321951,Private room,Room in hotel,0,53.26,Barranquilla
1613239628300751932,11.006604211390947,-74.81729377952854,Private room,Room in hotel,0,53.94,Barranquilla
35461375,10.98566,-74.78412,Hotel room,Room in hotel,2,52.86,Barranquilla
1613233041035095406,11.00782155093877,-74.81563608813201,Private room,Room in hotel,0,56.65,Barranquilla
1213960073558563239,11.0048,-74.8032,Entire home/apt,Entire rental unit,4,48.71,Barranquilla
1410844198250170266,10.9925,-74.85,Entire home/apt,Entire rental unit,2,50.88,Barranquilla
25866177,11.01408,-74.82218,Private room,Private room in condo,61,49.73,Barranquilla
1612294370395452665,11.028191663741872,-74.86329550512296,Entire home/apt,Entire rental unit,3,52.21,Barranquilla
1496590393607544317,10.9879,-74.8119,Entire home/apt,Entire rental unit,62,44.75,Barranquilla
1261129499996966953,11.000685062932476,-74.79317745981636,Private room,Room in hotel,9,45.96,Barranquilla
975647434340029792,10.99283,-74.84645,Entire home/apt,Entire rental unit,20,51.26,Barranquilla
1746644016217106271,10.9769,-74.785,Private room,Room in hotel,0,54.26,Barranquilla
688212256456223413,10.99377,-74.84773,Entire home/apt,Entire serviced apartment,36,53.17,Barranquilla
52756488,10.99735,-74.82497,Entire home/apt,Entire loft,42,45.39,Barranquilla
1632017124857571320,10.9916,-74.8212,Entire home/apt,Entire rental unit,0,54.31,Barranquilla
1739954682755306827,10.9936,-74.8454,Entire home/apt,Entire rental unit,2,46.47,Barranquilla
1106418175082868397,11.0103,-74.8251,Private room,Private room in rental unit,64,53.21,Barranquilla
698574532709728831,10.99916,-74.82718,Private room,Private room in hostel,53,49.55,Barranquilla
1253836217835496656,11.01,-74.8302,Entire home/apt,Entire rental unit,7,45.14,Barranquilla
567553112190296236,11.01737,-74.80466,Private room,Private room in condo,17,40.01,Barranquilla
945639636381266369,10.9868,-74.8088,Entire home/apt,Entire serviced apartment,3,49.73,Barranquilla
747717151412846709,11.01044,-74.80944,Private room,Private room in casa particular,1,51.25,Barranquilla
1331403448360275942,10.943869072865086,-74.77490014371052,Entire home/apt,Entire serviced apartment,1,49.73,Barranquilla
1508734881885965836,11.02204,-74.84628,Private room,Private room in rental unit,9,41.31,Barranquilla
1681550840659780523,11.022549328394446,-74.8462280337081,Private room,Private room in rental unit,1,46.75,Barranquilla
1619173913499706556,10.98953,-74.80204,Private room,Private room in home,2,46.09,Barranquilla
862969508394189337,10.99207,-74.82715,Private room,Private room in guesthouse,26,33.97,Barranquilla
1711871149314192178,11.0045,-74.8149,Entire home/apt,Entire rental unit,1,46.47,Barranquilla
970403705215981633,10.99772,-74.82485,Private room,Private room in home,6,43.99,Barranquilla
1438796578943608628,11.0241,-74.8446,Entire home/apt,Entire rental unit,17,72.68,Barranquilla
540434457042841833,11.01092,-74.82352,Private room,Private room in bed and breakfast,33,36.34,Barranquilla
1254501100041277787,11.018080465668177,-74.805868199288,Entire home/apt,Entire rental unit,85,44.13,Barranquilla
633185158686221723,11.01142,-74.80879,Entire home/apt,Entire rental unit,9,50.49,Barranquilla
1381463513863422865,11.005078056171161,-74.83819777981218,Entire home/apt,Entire rental unit,4,56.23,Barranquilla
24336681,11.01795,-74.80805,Private room,Private room in home,236,33.84,Barranquilla
1347779099997652619,10.9861,-74.8095,Entire home/apt,Entire rental unit,39,36.34,Barranquilla
1076422057578627069,11.0149,-74.8256,Private room,Private room in condo,1,37.99,Barranquilla
16531371,10.9987,-74.8299,Entire home/apt,Entire loft,117,37.7,Barranquilla
1322818904797828731,11.0238,-74.8435,Entire home/apt,Entire rental unit,36,45.64,Barranquilla
1406175216855450277,10.9861,-74.7844,Private room,Room in hotel,4,35.85,Barranquilla
1384954914113574516,10.993793116839162,-74.79200552905809,Entire home/apt,Entire rental unit,15,38.25,Barranquilla
887003120356276836,11.0013,-74.8201,Private room,Room in hotel,0,74.19,Barranquilla
1151621173782421327,10.9912,-74.819,Entire home/apt,Entire home,20,61.14,Barranquilla
40231586,10.99802,-74.79032,Private room,Private room in condo,18,38.64,Barranquilla
42643528,11.00431,-74.82101,Private room,Private room in guesthouse,9,36.58,Barranquilla
54382578,10.99657,-74.82341,Private room,Private room in condo,33,35.75,Barranquilla
1649330179922044025,11.02501,-74.80452,Entire home/apt,Entire rental unit,0,54.26,Barranquilla
1388807538568373367,10.991507908107506,-74.82575389624579,Entire home/apt,Entire loft,43,45.78,Barranquilla
532619122273106218,11.00145,-74.83416,Private room,Private room in rental unit,6,34.43,Barranquilla
1325506429098936297,10.99782,-74.82447,Private room,Private room in rental unit,20,36.71,Barranquilla
9530634,11.02269,-74.81342,Private room,Private room in home,8,39.78,Barranquilla
1494919406675504617,11.01035,-74.83259,Private room,Private room in rental unit,5,33.97,Barranquilla
1445287311782492528,10.99752,-74.80589,Private room,Private room in rental unit,1,74.97,Barranquilla
1611248997107349841,11.0262,-74.8654,Entire home/apt,Entire rental unit,4,38.77,Barranquilla
1714017287428469278,10.9946,-74.825,Private room,Private room in home,1,38.25,Barranquilla
42440367,10.99415,-74.80343,Entire home/apt,Entire rental unit,57,50.08,Barranquilla
686739295063178635,10.90328,-74.88394,Entire home/apt,Entire home,30,45.9,Barranquilla
1624846847114675321,10.98099,-74.79305,Entire home/apt,Entire rental unit,10,34.77,Barranquilla
1227463757151719649,11.023521723501704,-74.81683256976764,Entire home/apt,Entire rental unit,13,76.51,Barranquilla
1370350083183085686,11.0139,-74.8258,Entire home/apt,Entire rental unit,3,99.35,Barranquilla
558545865797492720,10.98597,-74.82016,Entire home/apt,Entire guest suite,152,38.25,Barranquilla
1317735556001854375,10.99337175925402,-74.79312061959233,Entire home/apt,Entire rental unit,5,38.25,Barranquilla
1233542132228123682,11.0016,-74.8339,Private room,Private room in rental unit,10,36.71,Barranquilla
847824240834240513,10.98907,-74.79238,Private room,Room in hotel,4,35.11,Barranquilla
17812354,10.9987,-74.83,Entire home/apt,Entire loft,92,37.88,Barranquilla
54020966,10.99681,-74.82179,Private room,Private room,79,36.99,Barranquilla
694310808357449356,10.9865,-74.8092,Entire home/apt,Entire serviced apartment,134,38.25,Barranquilla
1738621616669485418,10.9769,-74.785,Private room,Private room in guesthouse,0,38.53,Barranquilla
1662493856934073465,10.9863,-74.8095,Entire home/apt,Entire rental unit,4,34.43,Barranquilla
1630065122006537964,10.980974120220441,-74.79280816441987,Entire home/apt,Entire rental unit,0,36.28,Barranquilla
623804059077338650,10.97989,-74.78651,Private room,Room in hotel,29,33.21,Barranquilla
925445678441294644,10.9917,-74.8262,Entire home/apt,Entire guest suite,50,41.52,Barranquilla
1538775123286152948,11.0,-74.7999,Entire home/apt,Entire loft,31,41.17,Barranquilla
17811044,10.9479,-74.7996,Private room,Private room in home,14,33.17,Barranquilla
46950942,10.98457,-74.82123,Entire home/apt,Entire guest suite,240,38.25,Barranquilla
1648871382827875754,10.993043628336432,-74.8428742098934,Entire home/apt,Entire rental unit,0,59.3,Barranquilla
968408358414974297,11.00214,-74.80593,Private room,Private room in condo,4,40.6,Barranquilla
1502338365586709407,10.924322751677737,-74.78071021656949,Private room,Private room in rental unit,15,35.93,Barranquilla
1607581332397376202,11.0017,-74.8177,Private room,Private room in home,5,36.34,Barranquilla
1069571128901498401,11.0001,-74.8213,Private room,Private room in home,4,40.98,Barranquilla
1073296889762241318,11.0187,-74.8058,Private room,Private room in rental unit,7,36.61,Barranquilla
926908587694481115,10.991,-74.8462,Entire home/apt,Entire rental unit,29,45.9,Barranquilla
1675436164797713731,10.9941258073956,-74.80205720539351,Private room,Room in hotel,1,51.38,Barranquilla
1310521944784256881,10.9954,-74.8098,Entire home/apt,Entire serviced apartment,0,47.42,Barranquilla
30688021,11.0209,-74.8683,Private room,Private room in pension,1,45.9,Barranquilla
664407706445558656,10.99808,-74.8233,Private room,Private room in rental unit,15,33.97,Barranquilla
1630064095097161906,10.98064,-74.7933,Entire home/apt,Entire rental unit,5,34.77,Barranquilla
1298108446027570440,11.00199512347633,-74.83502286330636,Private room,Private room in rental unit,13,32.9,Barranquilla
1738696721603049418,11.0001,-74.7998,Entire home/apt,Entire loft,0,42.13,Barranquilla
1649351989316076106,11.02433,-74.80218,Entire home/apt,Entire rental unit,6,44.75,Barranquilla
1071875421889880907,10.9971,-74.7998,Private room,Room in hotel,0,70.1,Barranquilla
1624814059726743609,10.979463415383954,-74.79289722315718,Entire home/apt,Entire rental unit,2,34.77,Barranquilla
1632839508976320381,10.9951,-74.8046,Entire home/apt,Entire rental unit,13,42.39,Barranquilla
47474690,10.9804,-74.795,Private room,Private room in hostel,8,35.13,Barranquilla
1020404656760359677,11.0088,-74.8263,Entire home/apt,Entire rental unit,64,46.28,Barranquilla
1659016433026361371,10.9889,-74.8189,Private room,Private room in home,1,34.43,Barranquilla
1735585912944803724,10.9894,-74.8043,Entire home/apt,Entire rental unit,0,51.89,Barranquilla
581035613178662448,10.99786,-74.82512,Entire home/apt,Entire loft,61,43.84,Barranquilla
1412479738558886131,11.0001,-74.7999,Entire home/apt,Entire loft,57,44.37,Barranquilla
1434910028940369568,10.991264147417846,-74.7835748521038,Private room,Private room in guesthouse,3,44.69,Barranquilla
1538730388492285712,10.9617,-74.7922,Private room,Private room in home,1,35.96,Barranquilla
820974293245460771,10.993,-74.8452,Entire home/apt,Entire rental unit,104,71.44,Barranquilla
1062183245572121771,11.0087,-74.8264,Entire home/apt,Entire loft,91,60.5,Barranquilla
1547360768833255948,11.0044,-74.8253,Entire home/apt,Entire rental unit,2,55.46,Barranquilla
1624824067929117065,10.980036319051798,-74.79138108365811,Entire home/apt,Entire rental unit,2,35.52,Barranquilla
1624834671671086143,10.979818286073687,-74.79132512262989,Entire home/apt,Entire rental unit,2,35.52,Barranquilla
50767929,11.00972898141968,-74.80479608237194,Entire home/apt,Entire serviced apartment,9,49.16,Barranquilla
1742150567981191424,10.9769,-74.785,Private room,Room in hotel,0,48.17,Barranquilla
1339448519215083233,11.0234,-74.8457,Entire home/apt,Entire rental unit,34,54.74,Barranquilla
1072386345382339907,10.99773,-74.8009,Private room,Room in hotel,0,55.42,Barranquilla
1518892926888871944,11.0028,-74.821,Entire home/apt,Entire rental unit,12,61.09,Barranquilla
1284214795634440714,10.9934,-74.8415,Entire home/apt,Entire rental unit,50,50.69,Barranquilla
1571937419346725845,11.023,-74.84102,Entire home/apt,Entire rental unit,18,53.56,Barranquilla
1029182027508865414,11.00246,-74.83371,Entire home/apt,Entire serviced apartment,226,52.35,Barranquilla
844756610173192693,10.9965,-74.8418,Entire home/apt,Entire rental unit,63,54.31,Barranquilla
1536623041332541061,10.9922,-74.818,Entire home/apt,Entire rental unit,35,50.11,Barranquilla
1576008200210326424,10.997518099910423,-74.82517911387261,Entire home/apt,Entire rental unit,7,51.07,Barranquilla
706290135418944371,10.900749271018007,-74.88281394009412,Entire home/apt,Entire home,34,45.9,Barranquilla
1600422224599693882,10.9942,-74.8435,Entire home/apt,Entire serviced apartment,31,50.41,Barranquilla
1713792202009623010,10.9863,-74.8095,Private room,Private room in rental unit,3,36.34,Barranquilla
1657596620880005774,10.999529810579398,-74.83084299349234,Entire home/apt,Entire rental unit,4,48.86,Barranquilla
1613157329190870046,11.00992,-74.82665,Entire home/apt,Entire rental unit,4,66.82,Barranquilla
1072381658998234356,10.9971,-74.7998,Private room,Room in hotel,0,106.72,Barranquilla
1716256975913055971,11.0071,-74.8252,Entire home/apt,Entire rental unit,0,51.9,Barranquilla
768100996125469356,11.0048,-74.8404,Entire home/apt,Entire rental unit,20,85.82,Barranquilla
1037132220894309078,10.99976,-74.82099,Entire home/apt,Entire home,26,44.03,Barranquilla
1370344172564383170,11.0162,-74.8071,Entire home/apt,Entire rental unit,2,51.64,Barranquilla
27501257,11.00905,-74.82108,Entire home/apt,Entire rental unit,187,53.94,Barranquilla
1384076962848167562,11.0142,-74.813,Entire home/apt,Entire rental unit,27,51.37,Barranquilla
1123319742890779798,11.00566,-74.83727,Entire home/apt,Entire rental unit,31,51.05,Barranquilla
1360381746208627351,11.008849494293912,-74.83736208585573,Entire home/apt,Entire rental unit,5,80.2,Barranquilla
1339833672223616959,10.9298,-74.7984,Entire home/apt,Entire rental unit,5,84.92,Barranquilla
1617518375383541123,11.0232,-74.8438,Entire home/apt,Entire rental unit,9,80.37,Barranquilla
1581402232964043736,11.0201,-74.8681,Private room,Private room in rental unit,2,38.01,Barranquilla
1516279151417387730,11.023,-74.8457,Entire home/apt,Entire rental unit,22,65.18,Barranquilla
1185697737543458763,10.99578,-74.81022,Entire home/apt,Entire rental unit,12,50.9,Barranquilla
32667060,10.9938,-74.80417,Entire home/apt,Entire rental unit,240,44.89,Barranquilla
45532915,11.00546,-74.83894,Private room,Private room in rental unit,8,36.11,Barranquilla
1189882534336924785,11.0339,-74.8681,Private room,Room in hotel,0,35.17,Barranquilla
887017203738561638,11.0013,-74.8201,Private room,Room in hotel,0,37.18,Barranquilla
1371333062674338866,11.0201,-74.8168,Private room,Private room in rental unit,0,38.25,Barranquilla
53992985,10.990880695013523,-74.8189555038654,Entire home/apt,Entire rental unit,45,54.01,Barranquilla
675223956645972254,10.98843,-74.79319,Private room,Private room in bed and breakfast,1,35.11,Barranquilla
1709876600267472229,10.9577,-74.8583,Entire home/apt,Entire rental unit,0,34.3,Barranquilla
1130697330113461296,10.99029,-74.84701,Entire home/apt,Entire rental unit,0,48.08,Barranquilla
808004231835754697,10.8778,-74.8024,Entire home/apt,Entire serviced apartment,22,38.2,Barranquilla
32897039,11.0048,-74.8298,Private room,Private room in hostel,3,38.49,Barranquilla
1495730286777743340,11.0064,-74.8385,Entire home/apt,Entire rental unit,43,66.86,Barranquilla
798020711835507053,11.02334,-74.81087,Private room,Private room in rental unit,0,36.34,Barranquilla
1741462868118069634,11.0016,-74.8064,Entire home/apt,Entire rental unit,0,54.05,Barranquilla
1371812478003935808,11.0189,-74.812,Private room,Private room in home,0,42.93,Barranquilla
1461248029754502159,10.9063,-74.7891,Entire home/apt,Entire serviced apartment,0,69.0,Barranquilla
679716899112373609,10.98924,-74.79407,Private room,Room in hotel,0,57.13,Barranquilla
1076913409157470160,10.9971,-74.7998,Private room,Room in hotel,0,73.78,Barranquilla
1505158223967067393,10.989123177385888,-74.78431214682509,Entire home/apt,Entire rental unit,0,59.68,Barranquilla
1604553084863556504,10.99624,-74.81779,Private room,Private room in guesthouse,1,37.53,Barranquilla
1364688104911125658,10.9953,-74.8037,Private room,Room in hotel,0,61.2,Barranquilla
1713123475043830398,11.0119,-74.8273,Entire home/apt,Entire rental unit,0,70.22,Barranquilla
1416910573246243748,10.992142748467918,-74.82622095632095,Private room,Private room in bed and breakfast,2,62.59,Barranquilla
1302954890723938148,10.9912,-74.8162,Private room,Private room in home,5,43.02,Barranquilla
1337680860010083938,10.9906,-74.7843,Private room,Private room in guesthouse,2,60.0,Barranquilla
1331984721318141621,10.9868,-74.8033,Private room,Private room in rental unit,0,37.14,Barranquilla
1335073601282694109,10.9866,-74.8087,Private room,Private room in home,0,57.38,Barranquilla
1511577969467859216,11.006,-74.8225,Entire home/apt,Entire loft,24,61.22,Barranquilla
1358877376976551566,11.0221,-74.8094,Entire home/apt,Entire home,16,93.36,Barranquilla
3318767,11.00269,-74.79799,Private room,Room in boutique hotel,38,57.38,Barranquilla
1642210499423180940,11.0044,-74.8253,Entire home/apt,Entire rental unit,0,59.05,Barranquilla
922712645724811656,11.007,-74.8394,Entire home/apt,Entire serviced apartment,127,58.15,Barranquilla
818020362688921079,11.00664,-74.7897,Private room,Private room in home,0,61.2,Barranquilla
1619785576202977274,11.00559,-74.82431,Entire home/apt,Entire rental unit,6,59.68,Barranquilla
1250691926253191116,11.0007,-74.8095,Entire home/apt,Entire rental unit,7,61.89,Barranquilla
1418372989627040310,10.9928,-74.8424,Entire home/apt,Entire rental unit,1,57.38,Barranquilla
40916091,11.01116,-74.80902,Private room,Private room in rental unit,13,59.67,Barranquilla
1377943332035516543,11.02466,-74.8043,Private room,Private room in loft,7,60.44,Barranquilla
1684050805316840081,11.01135,-74.8347,Entire home/apt,Entire rental unit,2,59.05,Barranquilla
726015283265393653,11.01596,-74.82155,Private room,Private room in casa particular,0,62.73,Barranquilla
1613184454165826733,11.015749079988485,-74.81434560615043,Entire home/apt,Entire rental unit,2,57.14,Barranquilla
1289397477090566514,11.01947,-74.80478,Entire home/apt,Entire rental unit,25,59.56,Barranquilla
1303832779839545763,10.9993,-74.8355,Entire home/apt,Entire rental unit,29,58.55,Barranquilla
1337685840420716599,10.990017850873551,-74.78452046465416,Entire home/apt,Entire guesthouse,3,60.0,Barranquilla
1275463039480906841,11.006858815800488,-74.80027347149583,Entire home/apt,Entire guest suite,49,61.94,Barranquilla
1335508821406283006,10.9915,-74.7901,Private room,Room in hotel,7,61.46,Barranquilla
1265477285794046308,10.9903,-74.8194,Entire home/apt,Entire serviced apartment,29,48.52,Barranquilla
45959643,10.97868,-74.81592,Entire home/apt,Entire serviced apartment,35,59.29,Barranquilla
1325467904406020499,11.0235,-74.8438,Entire home/apt,Entire rental unit,5,56.84,Barranquilla
1071040532065907767,10.99586,-74.82169,Private room,Room in hotel,0,76.51,Barranquilla
1720601666406765662,10.9873,-74.8174,Entire home/apt,Entire rental unit,0,74.69,Barranquilla
54162277,10.9985,-74.81548,Entire home/apt,Entire serviced apartment,132,56.18,Barranquilla
1283479281608265735,11.0041,-74.8209,Entire home/apt,Entire rental unit,0,48.0,Barranquilla
1613215962899039794,11.00095,-74.82847,Private room,Private room in bed and breakfast,3,58.09,Barranquilla
53367398,11.00054,-74.83463,Entire home/apt,Entire condo,53,57.46,Barranquilla
1741152223005162733,11.0019,-74.8287,Private room,Private room in guesthouse,0,58.14,Barranquilla
1740644012234101934,11.0094,-74.8382,Entire home/apt,Entire rental unit,0,70.28,Barranquilla
829752439648578768,10.97869,-74.81436,Private room,Private room in home,0,72.68,Barranquilla
1484750803482233289,10.9948,-74.8089,Entire home/apt,Entire rental unit,10,51.64,Barranquilla
1134117178003999395,10.99212,-74.82542,Entire home/apt,Entire rental unit,51,62.73,Barranquilla
809276112047389573,11.01037,-74.79918,Private room,Private room in rental unit,1,54.4,Barranquilla
1741144402799018287,11.0019,-74.8287,Private room,Private room in guesthouse,0,58.6,Barranquilla
1741525525690681737,11.0078,-74.836,Entire home/apt,Entire rental unit,1,59.05,Barranquilla
1074052137638785468,10.9934,-74.8415,Entire home/apt,Entire rental unit,44,61.36,Barranquilla
589071376752225337,11.00323,-74.82044,Entire home/apt,Entire serviced apartment,45,59.71,Barranquilla
1392175394304952788,11.0239,-74.8034,Entire home/apt,Entire rental unit,13,56.98,Barranquilla
965516370374215131,11.006,-74.8391,Entire home/apt,Entire serviced apartment,89,58.15,Barranquilla
23150535,11.01175,-74.8322,Entire home/apt,Entire loft,190,61.51,Barranquilla
1534890113513703962,10.9923,-74.8463,Entire home/apt,Entire rental unit,50,60.23,Barranquilla
972341637726689525,11.02474,-74.81293,Entire home/apt,Entire rental unit,32,57.76,Barranquilla
1260178007653977722,11.005197684353138,-74.82081739015204,Entire home/apt,Entire rental unit,66,59.3,Barranquilla
695746738448587576,10.9997,-74.8267,Private room,Private room in hostel,46,62.77,Barranquilla
1290117674687278502,11.002858775805628,-74.8191053740374,Entire home/apt,Entire rental unit,21,58.27,Barranquilla
1540841562500676477,11.012945890602245,-74.82520630849496,Entire home/apt,Entire rental unit,5,57.95,Barranquilla
1714130999969653601,11.0129,-74.8134,Private room,Private room in rental unit,2,60.24,Barranquilla
42533891,11.00008,-74.80049,Entire home/apt,Entire rental unit,11,59.44,Barranquilla
1042694993630051574,10.9943,-74.8469,Entire home/apt,Entire rental unit,8,61.97,Barranquilla
52421547,10.9985,-74.82781,Private room,Private room in casa particular,2,33.97,Barranquilla
1604493017386954064,11.00391,-74.82614,Entire home/apt,Entire rental unit,0,75.33,Barranquilla
1460336197639950694,11.0235,-74.8457,Entire home/apt,Entire condo,5,61.97,Barranquilla
1358972043328072478,10.9947,-74.7983,Private room,Private room in rental unit,2,78.5,Barranquilla
1359695962631016206,11.0002,-74.7979,Private room,Private room in rental unit,2,79.19,Barranquilla
1213057333798849359,10.97968,-74.79866,Entire home/apt,Entire townhouse,9,81.96,Barranquilla
1668337262910347144,11.00421,-74.8261,Entire home/apt,Entire rental unit,1,59.62,Barranquilla
33884908,10.99105216724334,-74.8184719023279,Private room,Room in hotel,0,59.29,Barranquilla
1616847319262540674,10.89,-74.8182,Entire home/apt,Entire rental unit,0,91.63,Barranquilla
1284018429412044821,10.9947,-74.7984,Private room,Private room in rental unit,4,79.57,Barranquilla
1333690990366822125,10.98949,-74.85152,Entire home/apt,Entire rental unit,24,79.58,Barranquilla
1261084258140982758,11.000545493134858,-74.79323922015162,Private room,Room in hotel,2,76.61,Barranquilla
1065113238227437386,10.995764432136893,-74.83103113077469,Private room,Private room in guesthouse,0,76.51,Barranquilla
1244750060966405804,11.0159,-74.8316,Entire home/apt,Entire rental unit,7,78.0,Barranquilla
893409609594754967,10.99823,-74.83417,Entire home/apt,Entire rental unit,22,75.36,Barranquilla
829200594497552822,10.99124,-74.8038,Entire home/apt,Entire condo,6,76.51,Barranquilla
1474835072426721577,11.0229,-74.84588,Entire home/apt,Entire condo,6,80.12,Barranquilla
1212466759011893436,11.0122,-74.811,Entire home/apt,Entire rental unit,6,72.46,Barranquilla
1566350699851864885,11.014,-74.82351,Private room,Private room in condo,0,73.98,Barranquilla
1209590020868077594,11.0122,-74.811,Entire home/apt,Entire rental unit,4,72.46,Barranquilla
1361639606211097889,11.0073,-74.7929,Private room,Private room in rental unit,1,73.82,Barranquilla
1578453731307517171,11.0127,-74.7949,Entire home/apt,Entire condo,0,97.03,Barranquilla
48674209,11.00238,-74.83125,Entire home/apt,Entire rental unit,15,73.29,Barranquilla
36308198,11.02248,-74.8167,Entire home/apt,Entire loft,33,76.13,Barranquilla
1668202569912746391,11.00555,-74.82456,Entire home/apt,Entire rental unit,0,74.95,Barranquilla
1389849189901533959,10.995993713711707,-74.81530336089602,Entire home/apt,Entire rental unit,4,76.43,Barranquilla
1436210706765619957,11.021224019114602,-74.8472614187757,Entire home/apt,Entire rental unit,9,74.35,Barranquilla
1343683277916305784,11.0187,-74.8088,Private room,Private room in bed and breakfast,3,73.59,Barranquilla
1573203644348436234,10.9432,-74.8272,Shared room,Shared room in hotel,1,92.54,Barranquilla
1024051203767441063,10.9974,-74.8428,Entire home/apt,Entire rental unit,8,61.97,Barranquilla
699284999866458218,11.01886,-74.80439,Entire home/apt,Entire condo,16,73.44,Barranquilla
1224582094675124457,10.97674,-74.7948,Entire home/apt,Entire townhouse,4,80.38,Barranquilla
1668183283425672207,11.0044,-74.8253,Entire home/apt,Entire rental unit,3,71.18,Barranquilla
36804759,10.98493,-74.78332,Private room,Room in hotel,0,75.16,Barranquilla
1303104538190987262,11.043,-74.9176,Private room,Private room in guesthouse,1,118.59,Barranquilla
1590057011724612562,10.99095,-74.84892,Entire home/apt,Entire rental unit,3,74.03,Barranquilla
1612554841324192508,11.01626,-74.80596,Entire home/apt,Entire rental unit,2,116.14,Barranquilla
1660374330997286582,11.0094,-74.8382,Entire home/apt,Entire rental unit,7,74.69,Barranquilla
1618933613565780828,11.003829,-74.82225,Hotel room,Room in hotel,0,120.0,Barranquilla
1587235865931453132,11.0281,-74.86412,Entire home/apt,Entire rental unit,1,76.61,Barranquilla
975304431045510868,11.0236,-74.8118,Entire home/apt,Entire rental unit,1,72.2,Barranquilla
1594353233405910477,11.01351,-74.8116,Entire home/apt,Entire rental unit,1,126.61,Barranquilla
1508990671141050135,11.022751379794135,-74.86345599940795,Entire home/apt,Entire rental unit,2,116.04,Barranquilla
709329438214265928,11.0005,-74.79325,Private room,Private room in casa particular,5,112.35,Barranquilla
1509866164415869243,11.02412,-74.84669,Entire home/apt,Entire condo,6,79.57,Barranquilla
557256618356063837,11.00147,-74.82071,Private room,Private room in loft,73,112.47,Barranquilla
20465786,11.0133,-74.8116,Entire home/apt,Entire condo,6,124.33,Barranquilla
1282350692836999317,11.016,-74.831,Entire home/apt,Entire rental unit,0,115.87,Barranquilla
1217511797624920273,11.0406,-74.9211,Entire home/apt,Entire rental unit,1,78.0,Barranquilla
884184568098431990,10.996188505899415,-74.78773158644601,Entire home/apt,Entire rental unit,4,127.77,Barranquilla
1618933608459805642,11.003829,-74.82225,Hotel room,Room in hotel,0,120.0,Barranquilla
47533984,10.99631,-74.81561,Private room,Private room in bed and breakfast,6,76.51,Barranquilla
1607616353547558521,10.9891,-74.8115,Entire home/apt,Entire rental unit,0,75.74,Barranquilla
1476320515146185862,10.935726304272952,-74.7816539432441,Private room,Room in hotel,2,114.91,Barranquilla
18809772,11.02007,-74.86876,Entire home/apt,Entire rental unit,43,120.11,Barranquilla
1589986343760652848,11.01366,-74.81313,Entire home/apt,Entire rental unit,6,126.61,Barranquilla
53509178,11.01695,-74.83714,Entire home/apt,Entire serviced apartment,14,118.58,Barranquilla
1618933602591091600,11.003829,-74.82225,Hotel room,Room in hotel,0,115.6,Barranquilla
1462472972114487078,10.9869,-74.8257,Entire home/apt,Entire home,0,122.25,Barranquilla
1598940071207268233,11.0271,-74.8635,Entire home/apt,Entire rental unit,2,122.41,Barranquilla
1395798215133101852,10.9999,-74.8009,Entire home/apt,Entire rental unit,0,127.38,Barranquilla
1710966981872673371,11.0119,-74.8273,Entire home/apt,Entire rental unit,2,115.21,Barranquilla
924927440336670757,11.021286955069261,-74.80018652472755,Private room,Room in hotel,3,114.76,Barranquilla
1399218129523996147,11.022,-74.8474,Entire home/apt,Entire rental unit,16,75.1,Barranquilla
767984073395157111,11.00451,-74.8213,Entire home/apt,Entire loft,3,114.83,Barranquilla
1360412639805367459,10.9947,-74.7983,Private room,Private room in rental unit,1,113.99,Barranquilla
929734662605689364,11.007491558374934,-74.83847393285023,Entire home/apt,Entire rental unit,8,124.77,Barranquilla
1636252063654724741,10.9847,-74.8096,Entire home/apt,Entire rental unit,10,45.34,Barranquilla
1609750584773357406,11.01911,-74.82104,Entire home/apt,Entire rental unit,0,146.03,Barranquilla
1618933605046609696,11.003829,-74.82225,Hotel room,Room in hotel,0,120.0,Barranquilla
1551096623325615596,11.01487,-74.81306,Entire home/apt,Entire rental unit,19,57.54,Barranquilla
1476877107232342772,11.0064,-74.8385,Entire home/apt,Entire condo,31,58.74,Barranquilla
1259675951119436909,11.0002,-74.7922,Private room,Room in hotel,8,45.96,Barranquilla
1603221492106174579,10.994801781770452,-74.84176160510961,Private room,Private room in rental unit,0,119.89,Barranquilla
715476733545684779,11.0126,-74.7949,Entire home/apt,Entire serviced apartment,206,58.43,Barranquilla
1611003659509634582,11.002933217267907,-74.81033958981668,Entire home/apt,Entire serviced apartment,2,124.79,Barranquilla
1069583533575051520,11.0001,-74.8213,Private room,Private room in home,24,41.49,Barranquilla
1363818174715111417,10.980565558388928,-74.8323300481052,Private room,Private room in home,0,114.76,Barranquilla
1066763916405483941,11.02017,-74.82071,Entire home/apt,Entire rental unit,7,120.12,Barranquilla
1390169615362506178,11.003750015866045,-74.8209164698979,Entire home/apt,Entire rental unit,43,58.41,Barranquilla
1724118464954849073,11.0232,-74.8438,Entire home/apt,Entire rental unit,0,111.88,Barranquilla
1718212117402659826,11.0038,-74.8194,Entire home/apt,Entire rental unit,0,52.44,Barranquilla
1540898603291040360,10.98014,-74.79316,Private room,Private room in home,4,76.84,Barranquilla
1355252796908383088,11.023258024013725,-74.81528648026881,Private room,Private room in rental unit,1,114.76,Barranquilla
1345026509051411148,11.0237,-74.8474,Entire home/apt,Entire rental unit,76,55.57,Barranquilla
1675440279186484844,10.99395,-74.80197,Private room,Room in hotel,0,60.05,Barranquilla
823255630384250357,11.005,-74.8032,Entire home/apt,Entire rental unit,0,127.76,Barranquilla
933227530896995123,10.99387,-74.84391,Entire home/apt,Entire serviced apartment,105,56.26,Barranquilla
1706740917992412049,10.998,-74.8297,Entire home/apt,Entire rental unit,5,52.55,Barranquilla
54248336,10.99692,-74.81623,Entire home/apt,Entire serviced apartment,109,52.99,Barranquilla
1077613452039570858,11.028,-74.8625,Entire home/apt,Entire serviced apartment,37,51.6,Barranquilla
45923952,11.00047888603874,-74.79261872926018,Entire home/apt,Entire rental unit,110,50.94,Barranquilla
735014529516721226,10.9941,-74.8167,Entire home/apt,Entire rental unit,20,54.8,Barranquilla
774009559990670114,10.99895,-74.82788,Private room,Private room in guesthouse,29,59.84,Barranquilla
1706086644458163326,11.0119,-74.8273,Entire home/apt,Entire rental unit,8,57.77,Barranquilla
1353697673593860755,10.9943,-74.8469,Entire home/apt,Entire rental unit,29,46.33,Barranquilla
1670533561682094182,11.00481,-74.82468,Entire home/apt,Entire rental unit,0,61.92,Barranquilla
1131324281842912533,11.0053,-74.8379,Entire home/apt,Entire rental unit,3,58.0,Barranquilla
1618993571891424504,11.00576,-74.80288,Entire home/apt,Entire rental unit,1,62.14,Barranquilla
1563238277249196333,11.0053,-74.82421,Entire home/apt,Entire rental unit,0,59.52,Barranquilla
1594941061649785002,11.00366,-74.82579,Entire home/apt,Entire rental unit,1,63.12,Barranquilla
1621388590836179428,11.02427,-74.80237,Private room,Private room in loft,4,62.73,Barranquilla
1661660969093055264,11.0232,-74.847,Entire home/apt,Entire rental unit,0,70.28,Barranquilla
1348684781346875304,11.0142,-74.813,Entire home/apt,Entire rental unit,0,59.24,Barranquilla
1040109695392020511,10.99612,-74.84144,Entire home/apt,Entire condo,4,61.5,Barranquilla
1392185271719123395,11.0239,-74.8034,Entire home/apt,Entire rental unit,3,56.98,Barranquilla
1668345419595477989,11.00479,-74.82558,Entire home/apt,Entire rental unit,0,61.46,Barranquilla
1716873044414745715,11.0232,-74.8485,Entire home/apt,Entire rental unit,0,70.47,Barranquilla
723995606068916009,10.96062,-74.80025,Private room,Private room in rental unit,0,62.46,Barranquilla
31487029,10.98751,-74.79314,Private room,Room in hotel,5,57.13,Barranquilla
926070125752711351,10.99386,-74.79344,Entire home/apt,Entire guesthouse,0,70.4,Barranquilla
1340630413542075967,11.001152381715134,-74.81823084738613,Private room,Private room in home,3,57.77,Barranquilla
1367301003756850447,10.9993,-74.8354,Entire home/apt,Entire rental unit,3,61.99,Barranquilla
1507439725784929578,11.020330138976204,-74.8434231795203,Private room,Private room in rental unit,1,57.42,Barranquilla
1061448570582499466,10.9227,-74.8026,Entire home/apt,Entire rental unit,8,61.2,Barranquilla
1668328156311681902,11.0047,-74.82558,Entire home/apt,Entire rental unit,1,61.92,Barranquilla
34980964,11.01838,-74.80872,Entire home/apt,Entire serviced apartment,132,60.0,Barranquilla
760826669399095226,10.9852,-74.7842,Private room,Room in boutique hotel,3,58.41,Barranquilla
909345236401124242,10.98759,-74.79355,Private room,Private room in rental unit,5,57.13,Barranquilla
1517467617084935731,11.022,-74.8474,Entire home/apt,Entire rental unit,0,56.4,Barranquilla
1187832466510537065,11.0102,-74.8252,Private room,Room in hotel,1,58.73,Barranquilla
1434921543770916546,10.9906,-74.7844,Private room,Private room in guesthouse,1,60.0,Barranquilla
935679025725362469,11.0013,-74.8201,Private room,Room in hotel,0,58.29,Barranquilla
1303082854741255591,10.9896,-74.7833,Entire home/apt,Entire rental unit,5,60.38,Barranquilla
1701694414193086544,10.92508108452482,-74.83026614004227,Entire home/apt,Entire condo,0,75.48,Barranquilla
1069853038083848420,10.9934,-74.8415,Entire home/apt,Entire rental unit,6,61.14,Barranquilla
1081431397169288404,11.0129,-74.8028,Entire home/apt,Entire rental unit,6,57.9,Barranquilla
1594913809640836720,10.9939,-74.84776,Entire home/apt,Entire rental unit,5,71.63,Barranquilla
926264412930000340,11.00685,-74.8365,Entire home/apt,Entire rental unit,20,75.48,Barranquilla
1325670458489166611,11.0054,-74.8387,Entire home/apt,Entire rental unit,4,63.12,Barranquilla
1749590864685629407,10.9942,-74.8475,Entire home/apt,Entire rental unit,0,66.78,Barranquilla
1542944737569400664,11.0044,-74.8253,Entire home/apt,Entire rental unit,6,52.99,Barranquilla
23150200,11.01489,-74.83949,Entire home/apt,Entire condo,51,75.17,Barranquilla
1358975401965691721,10.9933,-74.8453,Entire home/apt,Entire rental unit,41,54.88,Barranquilla
1735663744137725470,10.9913,-74.826,Entire home/apt,Entire rental unit,0,62.53,Barranquilla
18886160,10.996,-74.8485,Entire home/apt,Entire rental unit,0,63.84,Barranquilla
1538499895060882481,10.9914,-74.8501,Entire home/apt,Entire rental unit,14,81.65,Barranquilla
1503763407342996620,11.0077,-74.8357,Entire home/apt,Entire rental unit,35,72.68,Barranquilla
1531918973156051989,11.022576991289146,-74.84545147789069,Entire home/apt,Entire rental unit,17,76.86,Barranquilla
1498868719915219898,11.02242,-74.84566,Entire home/apt,Entire rental unit,14,59.37,Barranquilla
1146364876788235467,11.0213,-74.8461,Entire home/apt,Entire rental unit,3,72.14,Barranquilla
1394461183005097723,11.0043,-74.8165,Entire home/apt,Entire serviced apartment,15,73.39,Barranquilla
1369741854924811457,10.984081521701201,-74.795476859882,Entire home/apt,Entire rental unit,1,71.94,Barranquilla
1345691840767511162,10.9928,-74.8454,Entire home/apt,Entire rental unit,2,59.98,Barranquilla
1586283943064423106,10.993513078812441,-74.8477013772863,Entire home/apt,Entire rental unit,11,50.06,Barranquilla
1382741314795557051,11.0048,-74.8256,Entire home/apt,Entire rental unit,16,76.03,Barranquilla
1608196234490344822,10.9881,-74.7903,Private room,Private room in rental unit,0,74.72,Barranquilla
1601523285496741345,11.0035,-74.8254,Entire home/apt,Entire rental unit,3,79.19,Barranquilla
1676965042808611759,11.0223,-74.8461,Entire home/apt,Entire rental unit,24,73.19,Barranquilla
1579056575921493752,11.0214,-74.8462,Entire home/apt,Entire rental unit,19,78.88,Barranquilla
49519932,11.00448,-74.82433,Entire home/apt,Entire serviced apartment,108,89.63,Barranquilla
1730543719507674905,11.0094,-74.8382,Entire home/apt,Entire rental unit,0,94.35,Barranquilla
1617481424021745533,11.016,-74.838,Entire home/apt,Entire rental unit,2,72.57,Barranquilla
898708442887054569,10.9956,-74.8052,Private room,Room in hotel,1,72.87,Barranquilla
1263225035799123803,11.0035,-74.8254,Entire home/apt,Entire rental unit,38,75.33,Barranquilla
823326851272585487,11.005327524365898,-74.80255978546252,Private room,Private room in loft,16,77.73,Barranquilla
1029999420149248834,11.02337,-74.84796,Entire home/apt,Entire rental unit,4,74.4,Barranquilla
1684886290465639631,11.01382,-74.81401,Entire home/apt,Entire rental unit,1,73.96,Barranquilla
1503883829217319396,11.01431,-74.81088,Entire home/apt,Entire rental unit,3,73.76,Barranquilla
1261114350096334481,11.000765586803864,-74.79285672682826,Private room,Room in hotel,3,76.61,Barranquilla
1245643913695450878,10.9959,-74.799,Private room,Private room in rental unit,3,55.46,Barranquilla
887833105010627504,11.0035,-74.8254,Entire home/apt,Entire rental unit,60,77.0,Barranquilla
1042824851585543018,11.0158,-74.8248,Entire home/apt,Entire rental unit,0,118.59,Barranquilla
978914166199706352,10.9861,-74.8095,Entire home/apt,Entire rental unit,39,38.25,Barranquilla
1150271506773287903,10.9933,-74.8453,Entire home/apt,Entire condo,30,73.45,Barranquilla
1529017166643215652,11.0035,-74.8254,Entire home/apt,Entire rental unit,4,71.4,Barranquilla
1271763281590732753,11.0228,-74.8472,Entire home/apt,Entire rental unit,44,72.69,Barranquilla
846366506470995364,11.007,-74.8278,Entire home/apt,Entire home,0,38.25,Barranquilla
772256101383385214,11.00377,-74.8255,Entire home/apt,Entire rental unit,31,74.35,Barranquilla
1548732521794166511,11.002607871815236,-74.82582533223828,Entire home/apt,Entire rental unit,26,74.07,Barranquilla
1573994945664816486,11.02253,-74.84631,Entire home/apt,Entire rental unit,45,74.27,Barranquilla
1211067618908572575,11.023,-74.8457,Entire home/apt,Entire rental unit,41,73.97,Barranquilla
751561059090570508,10.9952,-74.8197,Entire home/apt,Entire rental unit,14,75.4,Barranquilla
876991499135671172,11.00493,-74.8237,Entire home/apt,Entire rental unit,23,75.8,Barranquilla
1481439950642816211,11.0041,-74.7967,Private room,Private room in home,0,39.39,Barranquilla
49502714,11.00517,-74.79799,Entire home/apt,Entire guest suite,24,77.27,Barranquilla
31897168,11.00276,-74.8231,Entire home/apt,Entire rental unit,76,74.69,Barranquilla
22849431,11.00934,-74.82838,Private room,Private room in rental unit,0,38.23,Barranquilla
983360737291377841,11.02067,-74.8131,Private room,Private room in home,1,34.43,Barranquilla
1460949138479176207,11.00922,-74.79407,Entire home/apt,Entire rental unit,48,78.42,Barranquilla
1614705155095912859,11.0253,-74.8429,Entire home/apt,Entire rental unit,14,76.13,Barranquilla
1639486150277892398,11.00418780218584,-74.803432232337,Entire home/apt,Entire rental unit,10,72.68,Barranquilla
1076702127474361851,10.98942,-74.79426,Private room,Private room in rental unit,0,35.11,Barranquilla
1157456880859661615,11.00288,-74.82464,Entire home/apt,Entire rental unit,127,74.07,Barranquilla
1284782942792545152,11.003093507493231,-74.8244442458276,Entire home/apt,Entire rental unit,67,74.07,Barranquilla
818248846285346100,11.00373,-74.82584,Entire home/apt,Entire rental unit,34,75.1,Barranquilla
1634771696508912096,11.0214,-74.8146,Entire home/apt,Entire rental unit,1,57.0,Barranquilla
894827137939452197,11.012,-74.8235,Private room,Private room in home,0,38.02,Barranquilla
1358756028688610663,10.99041005834369,-74.80400233403373,Entire home/apt,Entire rental unit,3,38.25,Barranquilla
1107173621533839792,11.0047,-74.8199,Entire home/apt,Entire rental unit,32,75.13,Barranquilla
573376551974794733,11.0094,-74.8383,Entire home/apt,Entire rental unit,31,76.83,Barranquilla
1080567937665482432,10.9895,-74.8205,Private room,Private room in home,0,41.6,Barranquilla
1088339048129335186,11.0202,-74.8037,Entire home/apt,Entire condo,37,75.01,Barranquilla
667482522736994982,10.9885,-74.7933,Private room,Room in hotel,6,57.13,Barranquilla
786341919032296749,11.0159,-74.814,Entire home/apt,Entire rental unit,27,74.57,Barranquilla
1433472119371165209,10.8942,-74.8012,Entire home/apt,Entire condo,3,61.13,Barranquilla
894023001516989800,11.011,-74.8233,Private room,Private room in guesthouse,0,36.34,Barranquilla
1617779834841457499,11.0245,-74.80859,Entire home/apt,Entire home,2,61.2,Barranquilla
1382383664649901404,10.9996,-74.8255,Entire home/apt,Entire rental unit,1,70.69,Barranquilla
856509581234717208,11.0049,-74.818,Entire home/apt,Entire rental unit,0,61.2,Barranquilla
1466095438303025297,10.9854,-74.8103,Private room,Room in hotel,1,37.7,Barranquilla
1487064734207130362,11.013822272138407,-74.80402955559175,Entire home/apt,Entire rental unit,36,73.05,Barranquilla
1503830030847614433,10.953689609628311,-74.79921105149388,Private room,Private room in home,0,58.34,Barranquilla
32039828,10.99882,-74.80187,Entire home/apt,Entire serviced apartment,23,61.2,Barranquilla
1581894986040917543,11.02584,-74.84228,Entire home/apt,Entire rental unit,0,70.23,Barranquilla
1032100854480092107,10.9913,-74.8226,Entire home/apt,Entire rental unit,1,58.75,Barranquilla
1610989989705267025,10.97653365627181,-74.78542293638284,Private room,Room in hotel,1,75.89,Barranquilla
1687450807383515838,10.99468435792622,-74.81947616740996,Entire home/apt,Entire rental unit,0,73.73,Barranquilla
886882935090809999,11.0013,-74.8201,Private room,Room in hotel,0,60.94,Barranquilla
1312914143845686474,10.9818,-74.8083,Entire home/apt,Entire rental unit,0,60.54,Barranquilla
1023037421834488267,10.98038,-74.81376,Private room,Private room in home,0,57.38,Barranquilla
1191646528495526657,10.99142,-74.82042,Entire home/apt,Entire rental unit,0,60.38,Barranquilla
1069093771129989959,10.9925,-74.84786,Entire home/apt,Entire loft,10,56.13,Barranquilla
1109619113269734159,10.9914,-74.8112,Private room,Private room in rental unit,2,35.48,Barranquilla
1119660626392214922,10.92485,-74.79409,Entire home/apt,Entire home,10,63.19,Barranquilla
1058734598380260617,11.02359,-74.8124,Private room,Private room in rental unit,0,34.43,Barranquilla
1514638641990920981,10.9906,-74.8474,Private room,Private room in rental unit,0,37.04,Barranquilla
1564772468976713071,10.9936,-74.7865,Entire home/apt,Entire home,1,39.78,Barranquilla
1536565280142944055,11.0022,-74.8062,Entire home/apt,Entire rental unit,0,34.3,Barranquilla
1482882593079527451,11.0234,-74.8072,Private room,Private room in rental unit,2,34.59,Barranquilla
1601731281830380786,11.0081,-74.7967,Private room,Private room in rental unit,0,47.03,Barranquilla
1618527261925180010,10.91751,-74.81981,Private room,Private room in home,0,44.56,Barranquilla
799434788735193931,11.0091,-74.8056,Private room,Private room in casa particular,9,40.0,Barranquilla
1079690270055799240,10.9877,-74.79386,Private room,Private room in rental unit,0,57.13,Barranquilla
39562723,10.99611,-74.82035,Entire home/apt,Entire rental unit,23,37.74,Barranquilla
1338067579051755984,10.9906,-74.7843,Private room,Private room in guesthouse,0,38.62,Barranquilla
1600235111001095476,11.0119,-74.8348,Entire home/apt,Entire rental unit,0,65.57,Barranquilla
1548738428749652013,10.9854,-74.7834,Private room,Room in hotel,0,34.43,Barranquilla
1572515735232954560,10.98024,-74.79281,Private room,Private room in home,1,56.24,Barranquilla
1294383408215383636,11.002912912723831,-74.8345773330633,Entire home/apt,Entire rental unit,2,114.76,Barranquilla
1353949465726787872,10.9943,-74.8452,Entire home/apt,Entire rental unit,3,61.2,Barranquilla
1578322215638954638,11.0232,-74.847,Entire home/apt,Entire rental unit,5,62.36,Barranquilla
1302023871925014641,11.0225,-74.8677,Entire home/apt,Entire rental unit,0,58.81,Barranquilla
679617771264898614,10.9893,-74.79273,Private room,Room in hotel,7,57.13,Barranquilla
1146446429544441097,11.0339,-74.8681,Private room,Private room in rental unit,3,37.16,Barranquilla
808784205932546286,11.0143,-74.8162,Private room,Private room in home,6,56.61,Barranquilla
1517526200545093187,11.022,-74.8471,Entire home/apt,Entire rental unit,15,60.38,Barranquilla
1187832149719608482,11.0102,-74.8252,Private room,Room in hotel,7,57.45,Barranquilla
1325495211883595403,11.0035,-74.8254,Entire home/apt,Entire rental unit,25,61.43,Barranquilla
1659822880255761451,10.9944,-74.8491,Entire home/apt,Entire rental unit,1,60.09,Barranquilla
24082639,11.0204,-74.8165,Entire home/apt,Entire condo,27,59.71,Barranquilla
1613241657836024642,11.007398421133676,-74.81575637825593,Private room,Room in hotel,1,53.26,Barranquilla
1664626744532587020,11.0101,-74.825,Private room,Room in hotel,2,57.46,Barranquilla
53701764,10.97603,-74.80881,Entire home/apt,Entire condo,27,59.29,Barranquilla
42352951,11.00224,-74.80643,Entire home/apt,Entire rental unit,3,58.78,Barranquilla
1563258013616351555,11.0044,-74.8253,Entire home/apt,Entire rental unit,1,63.12,Barranquilla
54111310,11.006255614176736,-74.82145839139588,Entire home/apt,Entire rental unit,22,53.6,Barranquilla
1537422650273585731,11.0055,-74.8228,Entire home/apt,Entire rental unit,25,82.59,Barranquilla
1145901655014651003,11.00408,-74.81878,Entire home/apt,Entire rental unit,141,62.73,Barranquilla
504278806304791660,11.00275,-74.82534,Entire home/apt,Entire condo,178,94.8,Barranquilla
1716231747365048478,11.0071,-74.8252,Entire home/apt,Entire rental unit,0,51.9,Barranquilla
1668302335595983028,11.00362,-74.82462,Entire home/apt,Entire rental unit,2,50.43,Barranquilla
609561801290842080,11.0034,-74.8252,Entire home/apt,Entire condo,116,78.6,Barranquilla
1398053569948620141,10.9976,-74.7919,Private room,Private room in home,9,22.64,Barranquilla
32114177,11.00063,-74.95146,Private room,Private room in home,8,29.83,Barranquilla
1197798262261124282,11.0023,-74.8245,Private room,Private room in rental unit,10,40.55,Barranquilla
1392789173317809844,11.0166,-74.9316,Entire home/apt,Entire home,0,114.76,Barranquilla
1179199078496003320,11.00242,-74.8239,Entire home/apt,Entire rental unit,21,135.63,Barranquilla
950785621249199355,11.0167,-74.9317,Entire home/apt,Entire condo,1,108.52,Barranquilla
1740992246384607178,10.99299,-74.9509,Entire home/apt,Entire rental unit,4,32.55,Barranquilla
22222292,11.01863,-74.9305,Entire home/apt,Entire rental unit,11,107.11,Barranquilla
48919056,11.014,-74.8387,Entire home/apt,Entire loft,43,108.04,Barranquilla
1613830353576700902,10.9928,-74.8048,Entire home/apt,Entire rental unit,13,70.22,Barranquilla
32890247,10.99542,-74.80526,Entire home/apt,Entire rental unit,215,44.05,Barranquilla
32869084,10.99354,-74.80553,Entire home/apt,Entire rental unit,150,44.05,Barranquilla
894891387935480590,10.9956,-74.8052,Private room,Room in hotel,13,55.84,Barranquilla
33250007,10.99438,-74.80367,Entire home/apt,Entire rental unit,102,50.08,Barranquilla
1744990902563886300,10.9924,-74.95,Entire home/apt,Entire guesthouse,0,25.95,Barranquilla
1744985350962683164,10.9924,-74.95,Entire home/apt,Entire guesthouse,0,25.95,Barranquilla
1545209751918096373,11.0053,-74.8032,Entire home/apt,Entire rental unit,2,94.48,Barranquilla
1679974830787473031,10.988730226351905,-74.81269326452973,Entire home/apt,Entire rental unit,23,49.42,Barranquilla
34652460,10.99649,-74.80072,Entire home/apt,Entire guesthouse,130,39.81,Barranquilla
742677728530359053,10.99512,-74.80623,Entire home/apt,Entire rental unit,3,83.63,Barranquilla
1365396683701768209,11.0128,-74.8134,Entire home/apt,Entire loft,69,57.45,Barranquilla
1563267940803362554,11.00386,-74.82585,Entire home/apt,Entire rental unit,3,59.91,Barranquilla
